"day_of_year","tv_ad_spend","social_media_spend","email_marketing","product_price","competitor_price","temperature","is_holiday","viral_campaign","sales"
1,44.6046781969911,57.4413066091509,17.3382113886709,11.7459632921964,8.37918733675555,21.946005621858,"1","0",1249.44666581326
2,165.592370801815,36.7146728456786,26.0205064494138,31.4429757837206,31.7689028701352,18.4743631854285,"0","0",1236.71188723339
3,7.21874755065335,2.12082454871897,13.0203638926569,18.4784999769181,17.3949713178152,21.380815497734,"0","0",1023.4983832343
4,83.1261660093982,2.85843753527556,1.58448357537062,10.55759399198,8.40655088311401,15.6980008396443,"0","0",1068.66663626471
5,216.793951204841,41.3866536238605,7.73634352175955,46.5348038543016,42.9769363776736,19.1743996991051,"0","0",1082.2371722794
6,105.880784833121,8.37998680864012,4.64118308665819,13.7031431030482,9.69374172369896,5.09731101160838,"0","0",1061.98159285203
7,17.5358861372694,39.5063696083937,35.3977712223298,20.3114427998662,19.0663828054343,23.1128411880445,"0","0",1179.28600932214
8,6.5200056063208,14.8343241963221,42.4220865520304,28.2466331589967,24.2833542799249,19.534299551052,"0","0",1007.32078371443
9,168.689098264172,22.9451376211145,17.7875195261933,36.9700217433274,31.6256308599011,23.2336020298474,"0","0",1056.13491276058
10,98.6523318439851,11.2463961726178,10.9573961203165,21.7404108215123,18.6156338005706,17.5796763089501,"0","0",1062.61430994331
11,101.549860880902,19.8614189165297,28.4751132357979,13.7994040455669,16.4006310788499,19.3207965362581,"0","0",1075.82870719256
12,81.9310377303862,0.261296088921488,2.18160284047529,20.1238412968814,20.6567967552498,11.6807531585109,"0","0",1063.52670292385
13,44.823813133632,33.5956358520846,73.1424691549252,23.1423131003976,17.0905465778559,12.7480417366758,"0","0",1086.54306065772
14,175.242881353678,31.3678645690671,63.1112802519058,43.3076190855354,39.1293494119563,15.7236948416206,"0","0",1126.23959515936
15,134.072734918526,23.9537854124248,11.7386503594259,48.876002766192,45.2123676136296,21.5801233476432,"0","0",1089.78368584729
16,71.6287037856462,8.39126267439946,0.860861111160438,28.9090845454484,25.9068679724043,22.4492437563438,"0","0",1089.92664071983
17,48.8417038476272,24.3569648350908,7.2454090161238,30.9746410511434,25.2817104986057,9.61828761916092,"0","0",1093.5559877731
18,62.3634716408555,29.8579054004964,24.2690419499587,37.6308853551745,38.8609187549536,17.4871851454513,"0","0",1092.01058998686
19,25.3288797948656,18.3482283227937,35.7928528944333,10.6299227382988,8.47195055218303,21.5217226839503,"0","0",1091.32050744217
20,69.8601289256697,48.8294025226245,32.0049827833021,11.9964058045298,10.2568183085068,18.738141770204,"0","0",1097.91040899562
21,7.27322995917651,55.5816204824422,12.8825323515392,49.4700473919511,42.2723392092262,20.4306150374613,"0","0",1018.27047466162
22,20.6064311640297,17.0960349138714,0.545249682380721,42.3412043973804,34.9861118897761,17.628502967108,"0","0",1029.54386778568
23,21.495577265051,37.2751077243089,18.4986526040625,38.4378204029053,37.2148283438608,22.6902393718713,"0","0",1025.19580662595
24,56.6810784907417,26.290336618656,29.8143506689583,25.7731559406966,23.4105468158919,17.7526100259257,"0","0",1044.9104771464
25,58.018975476506,3.77759767476751,5.28692739378307,48.6609998624772,42.5883737440855,31.0767474502242,"0","0",1317.95276534773
26,67.284585197127,48.9815927686033,42.8169926056317,22.2123570274562,18.5431600466456,23.1141015383257,"0","0",1245.90473976426
27,133.748804229701,26.5199116253365,37.7259397027255,31.7089701723307,28.5517031883912,18.1603187010313,"0","0",1597.28076158421
28,123.098248466732,8.17178371196412,58.5033866555608,22.3928119428456,14.196349339988,23.4052574019438,"0","0",1122.39918477284
29,112.755699853429,17.1307212738455,41.8429605764198,17.5005852337927,17.5649946699626,14.4241803662778,"0","0",1113.20397932798
30,71.2566107484357,19.1565929645958,115.502306222089,39.3902549799532,36.0639690772704,19.7477647503516,"0","0",1108.93068369244
31,93.5738204317484,15.8371201544293,10.847277719828,13.122527198866,15.6238358093554,32.0216504282742,"0","0",1457.71334583668
32,18.8798291949961,36.4002388919278,41.4289051066491,12.0238975994289,12.8188582766771,30.4975755566942,"0","0",1349.72439809059
33,62.8080889348284,106.211355251185,17.3308741121558,16.1174966394901,15.2348330902655,28.2461216809301,"0","0",1253.51141799467
34,65.2972363756158,23.8835999927174,12.7825416972758,10.3967312909663,9.23999912726434,27.9842860156947,"0","0",1242.76393842972
35,167.211915479861,76.0136761629156,65.5915467653144,33.2821952365339,29.8255760081569,27.3229165203215,"0","0",1384.47627592057
36,21.9910872561041,43.9117167591703,14.8044064048059,11.5570528618991,10.601216065171,28.0837382515356,"0","0",1202.65749988645
37,101.753757165233,11.4048235640045,16.3986592842689,41.9411331322044,38.7252570963652,15.7282650699647,"0","0",1041.64635846011
38,30.5391845404136,22.6563654438115,30.6449135473517,45.2280609216541,38.9324498793579,35.8757936812716,"0","0",1548.84482889459
39,69.9815881858509,22.4107737990481,0.244291465091203,30.3543848264962,28.8562662098034,29.3727171490394,"0","0",1238.72359037636
40,50.8717645635936,25.3877757588499,26.7490020202215,33.8236493989825,25.1193944471295,21.6854913779502,"0","0",1003.18430883167
41,72.397704816267,51.8983588557127,4.40602125852637,22.8290200512856,21.3433479377185,24.1747086451697,"0","0",1036.3046973801
42,92.8552789764158,1.59149603141063,75.2025130547553,43.3933405391872,38.8515374510635,23.6374796969933,"0","0",1066.10655737099
43,24.518001646366,7.32338260187168,64.1119524965563,41.7416958510876,42.0719982429364,23.5561074831742,"0","0",1048.81344806946
44,10.1415879059219,68.8829260560873,4.01173677791377,37.0103396940976,33.7409230251862,30.5352835949649,"0","0",1302.32815433768
45,23.7850463967252,44.0280195501379,53.1923026298682,15.2260982617736,14.1983445099657,30.9222931041071,"0","0",1377.35568549438
46,88.8065509558668,60.9264993908763,139.991657649836,49.5873249694705,41.5853825203959,31.2274594285045,"0","0",1572.39162452315
47,100.049652185273,61.9688189327642,17.1201674789901,32.1938013564795,27.585457913557,33.3072761738312,"0","0",1515.80058930979
48,47.3932069955291,85.2551704582356,23.393641324719,40.7774786092341,37.9678762687174,32.5780455156963,"0","0",1441.23219176687
49,264.432048396811,20.2171178583839,8.1476905320978,18.368762973696,16.5380102675325,29.6921774205534,"0","0",1400.67314693069
50,15.5441069253917,7.39360929593098,9.49871762772003,30.1485236734152,27.8462334968073,27.3566538198419,"0","0",1163.9968064939
51,94.738877795925,8.5710580591517,16.8334135802958,39.3740224000067,36.5378003328498,34.1084244319382,"0","0",1513.74529031039
52,104.958281454935,9.39887018792057,27.5867497729424,29.1021968144923,24.0634868742769,34.4274325781226,"0","0",1574.62199763027
53,78.2809508431543,11.153992734591,48.4631073126534,31.7435045260936,30.97622836251,28.6405102906362,"0","0",1270.08483942945
54,142.109333595717,20.4172743718065,24.2118891904467,31.6862418409437,30.4772117124968,22.3879348764852,"0","0",1097.43339747623
55,253.077125460051,92.7709543774557,42.9813257499676,39.671183899045,36.2073952285935,31.709030916818,"0","0",1482.39101272645
56,47.9444999594268,33.7634706831093,40.0139177239264,46.6173436492682,41.3173825090819,31.2391861247028,"0","0",1502.88271765611
57,29.9808183881585,63.7158163154342,94.3326506127242,15.3113309014589,14.8939484821281,27.4056773587746,"0","0",1247.46968384645
58,37.8575716826036,8.85124806020803,30.6077005983258,48.536681374535,45.0578035179962,36.356625108986,"0","0",1634.91758568047
59,117.717117868895,44.1021939760722,13.5653934559559,35.0291619636118,31.2795034959789,37.9608256086858,"0","0",1756.23725544051
60,74.6209157343764,74.5310588860492,9.46665090161812,47.5675358623266,42.4779601415121,34.945986152918,"0","0",1591.64785055073
61,18.8735087876185,37.1007552330037,137.763132685827,30.9137640241534,28.9938405553161,34.7067421053204,"0","0",1599.34319123298
62,34.7260890312578,52.07911863845,32.1388009645963,30.2652863226831,26.2721614210155,32.4089490614947,"0","0",1495.20245894151
63,75.3533981789203,72.4991930913385,49.0534401045871,17.6494527142495,17.9882715253398,28.3237353596406,"0","0",1332.20698079011
64,100.449022110009,46.7869641267311,9.04651358105943,11.3900581281632,8.1556976809429,28.5093743225907,"0","0",1342.1001996882
65,54.0191620912245,2.72200706631414,2.77705676203809,12.4812878575176,8.7913421214354,35.2876458087687,"0","0",1674.80386751477
66,35.3226907801776,6.86295697605428,33.2571820287758,12.4331022705883,10.2055138626248,39.2934583617946,"0","0",1841.24538330565
67,96.6934038310459,63.52191382925,16.4640720844624,32.7138790488243,30.2626625624991,26.5866365522523,"0","0",1214.05879734321
68,157.205595564424,28.1537360947622,108.900403117399,16.2731149699539,14.5270332295183,26.3599602724291,"0","0",1258.3620621255
69,104.016601575716,23.5422159570335,19.2083441780371,48.0411777738482,44.8495916361619,31.7931149101789,"0","0",1452.47588286287
70,56.3687405903913,23.6958470970553,45.2853379229212,25.7977590896189,24.4431883816484,35.9162316159492,"0","0",1680.36169743339
71,88.1700661286335,0.849595434686829,1.79181135142846,14.3795582093298,14.7009844096266,45.5597178082832,"0","0",2170.84144720517
72,48.0477824842569,61.3802819633293,54.4761606119604,18.1738539412618,14.913432230264,38.3121446930066,"0","0",1798.77963686533
73,90.3316839276741,12.9834612075514,62.0552829192477,25.6628666073084,23.4466792124631,30.7349964016744,"0","0",1450.55276643717
74,41.4770881868476,50.090402772484,30.2845935211798,14.1398599464446,13.0485637378162,28.6606844026101,"0","0",1372.59088641236
75,175.012934305056,10.6971956936962,20.7248828664399,37.9507676046342,37.9385188837408,37.0644041141314,"0","0",1812.18167741601
76,49.2991354844272,85.0890995609414,82.6096020944605,26.8033771961927,21.7919240599067,34.1593883762022,"0","0",1628.9464477805
77,198.214041856725,55.5656922586289,27.4712021579433,10.1849250309169,10.8048312949437,31.7149434283443,"0","0",1574.9634816618
78,61.2607929413279,29.239829687771,27.45500677102,16.3971398212016,15.4413905548279,35.5725443165744,"0","0",1695.68448845608
79,86.6696703542592,6.17398832184431,57.4661300431906,30.5345066636801,25.6640691669974,43.9686543103953,"0","0",2121.85158321095
80,223.474255540219,0.137528183951379,50.4166816246944,23.6580546293408,17.7233687747412,30.1886793396504,"0","0",1483.92337358886
81,77.3253436668183,113.706289516755,18.4362677083852,47.4679645430297,40.2422308088658,25.2236302807271,"0","0",1266.23558007789
82,164.322150512423,42.022370112586,36.254632772634,49.6839645784348,46.224507465016,34.6017146697844,"0","0",1641.592339955
83,44.6963346834022,6.07883082777388,25.3976091556701,12.82390890643,10.8933180196307,39.4392650706529,"0","0",1852.01135656402
84,72.2679699485105,18.6071222838891,0.26267396761636,13.0104509089142,10.4272339083146,39.5684791034189,"0","0",1844.03487826083
85,105.23522412056,0.0154727196364539,9.07174415627143,47.6318098884076,39.0508822703304,27.1810614945359,"0","0",1372.89955769274
86,110.732900142095,71.8016051540751,24.2452392982988,15.2416890021414,8.03247501234199,39.3358452697088,"0","0",1857.45657895303
87,61.5621341144016,29.6567369635246,18.0938748067104,12.8190543502569,13.7989430845913,34.9675458251669,"0","0",1642.19888900611
88,43.905139506016,2.01366559234211,28.8715940409118,48.8831586297601,43.7177603797581,35.9693025829244,"0","0",1644.46479652759
89,107.684496844185,20.19560656915,23.1020698862189,37.7494622766972,34.5386149818311,35.8549093641344,"0","0",1696.99435421347
90,59.60959439544,64.2735881094705,13.9318171068041,22.2608060948551,20.738660569626,38.4540943697988,"0","0",1813.33627275391
91,110.179363503535,13.8989857567958,51.7955904358399,21.5094424784184,20.0033267811173,27.0173914248975,"0","0",1280.37192399561
92,94.5754686351048,5.94487003708393,18.3579631259661,20.993494624272,17.072974630578,35.9409213779736,"0","0",1721.17194712149
93,81.6109120657276,11.3457287785618,11.4593370010657,48.7449382990599,45.2254569715354,41.153682917749,"0","0",1910.93126074877
94,40.8962324763933,25.2889386811354,52.6811456350006,24.9344014562666,21.9981995022631,43.7502975148587,"0","0",2053.45908155063
95,145.462104184772,85.7904947498145,6.94641896508696,27.8693171404302,27.8492790507819,33.3557934449288,"0","0",1552.79807434257
96,136.404422830535,39.2688657573088,42.6661174778983,11.1757767759264,8.39588449035213,33.5439865476355,"0","0",1578.08254004243
97,102.838339121763,14.1415276972444,15.7742545515597,49.8352431226522,47.6999716615884,32.2809633564982,"0","0",1444.59369052722
98,97.2626301747711,25.6808882879669,61.4896279157529,49.378166012466,44.9569537456733,33.5346739630455,"0","0",1496.2272022647
99,115.969962247686,9.0509521839859,52.2504773304095,14.9918186757714,16.5232033712398,34.0598864385971,"0","1",1738.28078151632
100,233.378047083459,9.27821950772491,25.4906867031614,20.8831919077784,17.6175086377,28.9943856784709,"0","0",1347.3634660216
101,116.461278203004,25.1807070945635,17.6918651440296,38.5947195254266,34.1304786375196,41.3850932841355,"0","0",1906.3630888291
102,35.4196172918332,5.17388498232692,2.71216119895057,30.373209528625,23.4562498814305,43.8518991363944,"0","0",2015.83783183017
103,79.850081209433,15.3155499120384,4.6389357486618,49.5888116396964,46.4866224699475,37.4036318759277,"0","0",1684.75091680796
104,27.6631533245092,0.418861367142462,84.3015074570641,22.5540582928807,20.8706299969946,32.5069789361456,"0","0",1457.92181741897
105,159.041492283205,7.09741554398064,7.33176880968873,19.1106292419136,14.6662599788578,36.0046455979831,"0","0",1844.45660410477
106,165.112643530327,17.1255639980201,49.6242001939405,41.7968419101089,32.042866636242,37.0189463921253,"0","0",1753.20092241265
107,209.71157305177,50.8693170945492,91.4141837894635,31.4084862172604,28.9705229886224,31.5904975822132,"0","0",1543.70840130918
108,87.2841485379924,10.7047743763429,3.46314574566871,29.6414232999086,24.7641749980353,45.1311986686521,"0","0",2269.04483159428
109,52.8873310538451,151.765083179361,35.9790579466291,34.7322575561702,31.486718021417,29.8182257542533,"0","0",1335.1229298981
110,160.27902112787,23.015194862881,51.349801648782,46.1089489981532,41.5911233512568,27.5514242628461,"0","0",1248.94985357703
111,12.2227959191797,27.8091674658815,81.115717389485,38.9662164635956,34.3612737243129,30.3464283132018,"0","0",1333.13315960874
112,118.430556665004,8.44673325829122,30.1235178231831,49.9294163752347,45.0257778458381,28.3413896123651,"0","0",1238.01047390192
113,69.9359646020368,5.91228407998068,34.7205459871707,46.9468311872333,45.0714911903422,32.6917272451555,"0","0",1432.47989847792
114,124.131603945873,32.3236444326442,37.1338617633609,15.3031521569937,10.9225786781458,39.4226210834963,"0","0",1824.51441940029
115,59.8030925212408,19.1022967399636,41.5484256049916,29.6113876719028,24.6513100606035,45.1059647198395,"0","0",2079.24279142233
116,59.7049545965184,27.9837446059467,44.3747943494795,30.7171452604234,24.717863748278,24.9038997537107,"0","0",1076.8148643194
117,156.748124700792,65.7010219578062,2.12003393981215,12.3446388076991,11.6911840888991,38.6724392981694,"0","0",1830.42737109552
118,73.8216256502461,43.2604790895872,122.506465356625,22.4614620022476,19.6882022559037,27.9345909110869,"0","0",1273.61447194272
119,113.437892354394,61.4419510643166,26.7674318006923,18.587738815695,15.7870239991182,23.2754179265479,"0","0",1310.37402318703
120,53.9267600158207,8.49008272307566,90.6215569664938,28.3441631775349,23.9116786383782,33.5732065416544,"1","0",1768.83818129722
121,37.6681159249467,11.7830591519748,18.487280930507,18.199734762311,11.8690764246863,31.1714176333871,"0","0",1452.53835678607
122,153.317666298198,30.8369008174909,55.48502407116,26.7328371107578,20.6184189284222,33.9452520055421,"0","0",1637.77367964652
123,24.5109469866474,70.7859590498223,20.3616690433068,28.2609902787954,21.3112212595283,28.368736143321,"0","0",1289.19921495492
124,130.467796543482,90.3917954449166,18.4439362775244,48.2291052490473,42.1537389858219,36.5876387782654,"0","0",1715.64857676514
125,109.990536560154,21.8070232954385,3.28447638491927,14.2793389596045,12.4858785424017,31.8186654986353,"0","0",1492.32102338232
126,99.2960559128715,35.6013156722343,10.1906517364808,48.7759426049888,41.5728316930089,27.5214878924045,"0","0",1252.68700449564
127,62.3905509318059,33.4803280774175,22.668340712564,20.5673607531935,16.4682265017944,31.0316946947843,"0","0",1415.05328300218
128,35.8839719599906,92.928272768923,100.068399320552,40.4995193518698,35.2972415984015,32.2517614567901,"0","0",1456.69194028223
129,261.969370946508,11.8141111387235,25.2244034511531,44.6332736779004,42.4880093808108,41.5197999738872,"0","0",2003.366427213
130,36.4723610010825,10.2823476221906,8.73375261073948,35.6625781022012,29.7748703279997,31.7643570693055,"0","0",1391.90729206117
131,230.515706572039,42.8885282837494,4.23390360976017,31.9731035269797,27.6245094975954,29.694136397933,"0","0",1380.47769975859
132,26.9221164601715,4.13825026664316,7.42160115906051,18.6917303595692,17.1709857363527,37.4117096461192,"0","0",1731.64297350594
133,104.113403947361,36.1314106427354,64.3225865300739,48.2898205518723,46.3078789061196,32.6295967881548,"0","0",1515.43149196412
134,49.5572052048107,14.3913966062398,10.9829845342679,38.6005285847932,33.8785296971097,29.6082995277217,"0","0",1362.06775146666
135,31.2810295024017,47.0688840956179,36.0893248146946,30.0405674055219,29.1680662809249,27.3183856574044,"0","0",1239.23009845468
136,55.1165664511411,12.303587585987,22.0218308420246,26.276960382238,23.6185665818587,24.2741015320034,"0","0",1138.38734450454
137,91.0766623922198,2.30692473035491,60.355644069814,10.7421887293458,9.73453324568001,31.5144731935873,"0","0",1517.52072994818
138,158.367497242987,35.4301866726238,54.2463271258886,18.0063220113516,18.3204421753925,25.0879183220691,"0","0",1190.35340336315
139,80.2788333103177,42.1654309277015,6.521205162565,42.4492077715695,37.0545251593866,29.0904428208627,"0","0",1324.52568006275
140,128.283639194797,83.8901185214074,31.2343868588536,16.0537206847221,12.6021163104035,25.9985394677455,"0","0",1223.15269978526
141,47.5408896122249,40.729556736008,13.6195133816092,47.1362917497754,44.1691911411775,24.8901508099408,"0","0",1051.31547608421
142,124.69712073373,170.201904817084,11.9393984026292,40.5284717492759,36.7345099975912,24.8675855569258,"0","0",1090.03115376125
143,126.85732304997,87.667348752312,48.4358925390095,20.9236692730337,18.0414322047152,19.0246107246351,"0","0",1108.49250195492
144,181.953211409894,50.952912855432,3.15466944479311,25.5358492024243,23.8304057637046,23.2728146637193,"0","0",1122.10855812083
145,43.8621885651001,43.479536344042,55.0843919741982,18.0018909461796,14.4715175489423,20.5865959029106,"0","0",1062.8384684238
146,247.164608804941,11.4874980592313,25.9216845871729,15.1236216258258,15.8291025003484,28.8814128331008,"0","0",1493.09790657616
147,116.296391185097,7.8027930106498,43.0900637070609,32.7471108920872,28.5364733152252,17.7603683928318,"0","0",1097.6404470583
148,17.9465911118182,73.5828382888347,10.7151259781522,20.5370680242777,19.7332499847285,31.4487165325303,"0","0",1370.76703556104
149,17.2268760187761,21.7092991806627,4.34080259263075,39.7868943400681,37.0984446017776,19.9187891505742,"0","0",1046.44172583808
150,270.083671777381,15.2404964233929,7.39140032236257,46.4671243727207,37.8930262166929,23.8276002934208,"0","0",1159.69686321585
151,176.898900860624,16.4512138099855,35.6688841127717,17.7914449200034,17.1661694665447,20.495599746923,"0","0",1144.33213623215
152,59.6420213454469,9.34668432215507,3.24427115118247,10.9817141015083,9.00923056403761,25.6760944052776,"0","0",1159.60202889137
153,14.0730404586318,11.6623444870703,68.0527265502977,42.923910273239,39.4229730962009,24.0679974392322,"0","0",1209.87123512758
154,48.6710917230572,32.2706221517967,0.541585235104862,40.197717314586,32.6582519040079,24.6933467220872,"0","1",1238.68583268471
155,74.6854920816046,43.7006903630223,65.143067409849,43.2095140311867,34.4856439630182,23.7820435754468,"0","0",1235.48350467375
156,210.165716009485,28.9981967853881,8.6822192326652,45.2193254325539,43.2544749984787,31.468541830739,"0","0",1403.41554553214
157,71.7279545232883,74.8966709308567,29.3833527949915,37.8111571911722,35.2483330363959,12.0173405246526,"0","0",1023.48830250939
158,99.3560639721738,31.0499567138592,34.6285692161694,45.0799444224685,43.0955654604106,18.2566840960074,"0","0",1031.14568365208
159,49.3621317357653,22.6245291891227,4.43405494669925,14.743695165962,10.9487681834692,20.2991112923157,"0","0",1006.89646586523
160,46.7266969571017,38.1261517383779,16.1606057861025,39.4989325385541,37.6170232086931,24.904871979762,"0","0",990.094493109114
161,156.76416013496,12.2592551984294,28.102941222031,24.2871122900397,21.1230385150546,25.6765390587688,"0","0",1104.35034537615
162,85.1320744654368,48.591684434938,78.6657830542497,12.2090972773731,9.85700133505266,22.8040713073054,"0","0",1062.3068012031
163,332.51795406778,6.9900768816547,2.23583794207024,30.1053050067276,26.1301886061627,16.2534839519843,"0","1",1332.33996343517
164,93.5561301851027,44.9702761029418,2.15907245226636,27.4087801389396,24.8591852320352,33.0732068112393,"0","0",1445.76486295123
165,73.0223733065229,15.531502844093,15.3933902305894,39.7697192803025,35.7603262420555,18.0528788222315,"0","0",1028.86049445158
166,43.9695156824681,3.32986940317005,3.22020428557456,12.9790564347059,13.0714903663272,29.2098325305132,"0","0",1264.41617975643
167,27.2865516065033,50.5125932894458,6.18399833273378,18.898664759472,17.2617843218863,20.1994488041217,"0","0",1009.99106430646
168,124.589276351875,76.365481623424,19.9862028406436,20.5575715377927,17.964938232249,21.1081951416672,"0","0",1076.46486495764
169,54.3837123935559,5.83424061716036,19.4721019946485,30.5822254903615,28.3914562151726,13.2172335233992,"0","0",1028.26835929934
170,53.2323207300346,18.6086028592521,16.0264009124161,32.5168266240507,28.0040615501056,18.5124299890007,"0","0",1024.92054318503
171,37.5095603883114,42.3561449618344,78.2878551708581,18.5039861034602,14.0571950474635,10.7579999443933,"0","0",1018.9660110012
172,121.382544800527,2.68124924077583,32.9537149833916,35.577590232715,31.2160147618883,19.6555051106529,"0","0",989.789611213322
173,21.0563696733109,80.4888584717713,17.0613317495483,42.8632117714733,39.7421372244323,17.0403736008071,"0","0",963.599761493352
174,69.5710473883846,9.19909755348104,15.9584718590845,45.2452067937702,39.9245314681733,19.0339826597708,"0","0",976.494519355453
175,42.2753036467273,7.7431896665802,4.36305471723564,33.4461491275579,33.676151914645,20.7330077164651,"0","1",1190.76556449764
176,43.9500494879546,4.84524791019329,41.1746493290258,31.5140195935965,27.5530016246579,17.0357422777604,"0","0",978.384992232721
177,142.181984984365,16.5385474865106,16.7067186081551,22.7135306131095,19.1843006043905,7.58329564214259,"0","0",1032.6131304056
178,123.451047651979,1.08993733497962,39.6891095920394,29.1168759111315,27.4010902396599,21.8647082810042,"0","0",1053.41968121086
179,66.7006389036866,14.1562732065596,9.39667857630483,32.1171204000711,26.5743321339076,25.8042469837173,"0","0",1063.42985041256
180,34.7758507911882,0.757001680988838,34.8897810967054,27.5415808707476,23.7293323451202,12.9203083541397,"0","1",1262.64523484613
181,139.610012163423,52.5350579148658,30.9001005573967,33.4471107833087,30.1879424870391,17.4604286741382,"0","0",1064.64298969952
182,107.96796949084,0.227976305720028,3.54039211086675,29.2874711472541,21.9784043392448,16.2655646799254,"0","0",1058.24463772143
183,19.6294354695621,11.0565764305544,27.2701336542262,34.3253797013313,31.6240013455468,13.628014839279,"0","0",1010.32077929342
184,64.4361173215444,27.7771373226636,18.1800538307205,16.0513272322714,9.63004139863041,3.23540786688787,"0","0",1081.13658983913
185,11.9396931281082,12.3875883767498,13.1460453432414,14.6020475961268,14.7807974026174,12.3001948404391,"0","0",1028.36856165102
186,14.8416878513792,15.5842579581892,67.7558427830114,10.5461406521499,7.35985335188627,11.6640727481081,"0","0",1050.58584555938
187,8.00288552398014,59.4613095100806,27.7844911871896,25.5204952321947,24.9284763921801,13.7961578842794,"0","0",994.538284696373
188,53.7625844272068,45.4294146617849,5.61588929914052,12.4344957154244,11.8029640809119,13.0335081606882,"0","0",1023.83052622289
189,252.370384967974,35.8750870117834,42.5758993099526,38.1419943552464,32.234074063798,15.8941769632551,"0","0",1079.75095411093
190,204.828649609643,36.4261813070298,27.6388328083809,42.314912956208,37.1422367260647,10.1824038165887,"0","0",1050.93928339648
191,69.6745638947862,91.2137120805912,49.510933922366,25.2973707858473,23.6934941264132,6.74542484116957,"0","0",1180.12173088918
192,59.6720499367071,78.8073001337225,12.4378877820867,48.8126351684332,41.5475176635748,11.1094026495164,"0","0",1011.4818530975
193,68.202431362802,23.2772039114337,16.3874425317446,40.556093910709,34.4502471679718,19.8269432593434,"0","0",1011.08271411224
194,139.968906856285,26.1908793723454,6.81038237586286,20.5263688322157,14.9930319043834,11.9876712117776,"0","0",1074.11026954205
195,55.3083170742215,58.9997343954994,46.8969734734836,34.744254136458,27.4237461397934,12.089879787589,"0","1",1287.71703004838
196,77.9154017410163,2.8903398440326,11.1806161388571,23.0042437743396,18.2322568784566,11.5478682826649,"0","0",1054.6370958894
197,175.75204063071,68.5296322623436,19.0924062461936,20.9217002335936,19.5126407471452,10.0250678728015,"0","0",1101.80597406375
198,281.149475397604,13.9529954309569,41.0183529731628,26.3200601376593,25.1395278377116,9.74691475002471,"0","0",1132.56388756469
199,199.707187429223,10.4473092232268,5.86655809254853,16.4703634846956,14.2658216621938,6.00308134392542,"0","0",1094.11563632034
200,67.0678167071356,15.2279334654885,64.4432806256369,40.5014929547906,34.0163247797126,13.3332566713078,"0","0",1038.68687806191
201,119.339874253069,1.67816455661937,21.846322404178,41.1814492661506,37.7706504032743,10.5418530212395,"0","0",1004.94525394064
202,144.559388947888,32.0188745169815,46.5907982182611,16.6532278154045,17.9869936861237,4.73749946922871,"0","0",1034.55053175098
203,42.7982038236227,9.9762676768458,6.02735998973411,34.7413963265717,31.0572541554841,4.10367323733523,"0","0",958.930123061627
204,145.523310775035,12.871119693084,20.7741016719796,18.4395229909569,18.3650739397058,4.05046042394763,"0","0",1030.49569725094
205,122.75871564599,45.8621268821173,34.1521037217044,45.9350995440036,40.4424090024877,9.00558144727622,"0","0",974.325902849217
206,13.8921261850475,18.373778713076,15.9224887814649,24.7465176600963,20.4474527772319,13.1970798845813,"0","0",943.049938253969
207,58.1887991096265,0.210574340949826,12.6178809021425,17.7388784009963,15.9170588691104,3.8927085848186,"0","1",1232.40760165439
208,86.0863853261908,39.0974162449711,54.5753685052305,40.2540756203234,35.8505398834419,9.50713773383096,"0","0",991.147350465637
209,79.6347820702117,14.890459465716,18.4719398528123,11.1540518794209,8.03914380408905,9.02490088427171,"0","0",1009.62629006856
210,103.511337207714,19.1827806307336,3.33053365062733,46.2451684568077,44.1178281858763,7.4911297803471,"0","0",983.99596020058
211,76.5186386181179,27.6663931303801,45.9348812417452,36.1336700897664,34.4275113298123,1.33566051037611,"0","0",1000.35311291568
212,7.64433631629244,2.58446753204679,1.7771035810671,29.8029115982354,27.0510503443865,10.2456308724606,"0","0",1102.47861406884
213,32.4706030697139,1.46736765960023,39.5775548409052,43.3217100519687,38.6655037957019,-1.0910354834605,"0","0",947.259034856959
214,59.6143615433449,6.16399602095355,58.0025979131323,37.4931509513408,33.5290968545711,0.00191056448446236,"0","0",975.296301802927
215,166.57982542048,25.5140326469879,20.3845452846553,28.4156307484955,25.9047913695939,5.84755370164673,"0","0",1014.65228227463
216,177.312265267756,19.5644487818355,16.7580323486361,14.3168635759503,13.5539779834601,10.373225824121,"0","0",1011.66150685696
217,63.644544432078,5.31210816276473,5.2202924947327,17.8772016894072,14.6960967152588,-5.41703333296618,"0","0",933.844466118564
218,62.1857469476283,69.5666816253934,46.9518977955321,18.8800845202059,19.8885574451187,-5.30673397724729,"0","0",943.036304090295
219,73.482349129199,2.63108020095293,17.2340373304792,38.9956833329052,35.3111324251564,6.06016670609702,"0","0",899.796356613659
220,153.446360470561,58.6165909275266,4.56914857786493,12.9598232265562,9.30500244821285,4.42292330760686,"0","0",1123.14513386821
221,161.528100941592,29.9514188091299,0.604375978844765,16.680858572945,17.3600345349758,1.15718394230335,"0","0",954.714311773348
222,43.8058175185743,124.106747534675,3.22114439975816,14.9799070227891,15.3010227100285,-0.685416649229641,"0","0",923.078109892636
223,88.3384422303985,37.515787446227,2.65192684268609,42.4785096570849,41.1442968769903,3.69403882968,"0","0",920.827248905862
224,123.879196735448,25.9471993595117,27.8253677839162,12.851161044091,13.3238896286038,9.97294238164988,"0","0",987.71712886183
225,96.6514952371835,0.136834588664367,43.9871806855381,23.0989630054682,19.0582954990865,0.995903332743344,"0","0",972.573199620596
226,157.752589617239,5.39105224046715,28.2788292913691,43.6793888639659,39.8826355572405,7.53885571284262,"0","0",970.398280023478
227,117.135985390021,13.2754143134327,22.6451088199319,13.4722213353962,11.8809739257316,4.38650029012124,"0","0",978.786137521377
228,35.1641638752629,27.5121461031852,101.857086760085,22.7915683016181,17.1635438465516,0.0327829381532627,"0","0",945.043557938048
229,141.194016607422,102.149503608257,6.91592475850103,14.376749638468,11.97592213365,1.04158956619275,"0","0",1142.96277021235
230,90.2442396060141,29.8624094999273,67.8133298142276,35.7360208965838,30.7690113911777,1.5640235876084,"0","0",954.25898461726
231,168.140970996597,2.85850155962186,43.6815460597782,22.2451949957758,17.5784991286016,1.39049182519895,"0","0",987.482536607633
232,15.4211102899207,41.1262076567359,9.79184924731224,36.6718172747642,36.6059271311418,8.26046919507894,"0","0",874.754090841787
233,14.5722785344335,32.7281870964193,36.1598035895302,33.0801971629262,34.0978448427356,-1.07237786782808,"0","0",865.259001396657
234,122.714540294318,25.7083704877895,5.1275674466756,13.9275397732854,11.5414959321309,-5.76005396774702,"0","0",952.346011396657
235,71.3216725252115,53.2732274616287,19.5805982198729,39.9289065971971,37.477757528215,-1.66517531526245,"0","0",883.214818616554
236,154.740201932781,45.4077938482907,14.1811172829469,34.1443286649883,30.5208718833726,-0.999599520691927,"0","0",949.941337510047
237,230.004250631585,8.26122795960046,12.4267276452253,16.6457808297127,15.6371428567288,-0.36388154437334,"0","0",986.467448067298
238,30.2751775143961,10.0112077195755,2.64538885186883,45.2036027144641,37.5329787258502,-6.16763858767425,"0","0",878.869139279026
239,78.2348867610238,31.0254150000154,32.8104881484073,14.9785976950079,14.091069877153,4.58148783878082,"0","0",995.131705479604
240,117.073390427344,18.6118186546231,6.86793142188214,26.7249021772295,24.6739227172191,0.0336530214801676,"0","0",981.352191812681
241,58.0876538958273,33.1199163110894,26.0118976179798,35.2104998100549,32.9514615636011,-0.147464513299129,"0","0",938.013184327567
242,315.123971256713,14.0331282754823,26.7503786471799,28.6947266571224,26.2849805080003,-9.52892727707608,"0","0",1059.70396887111
243,62.9548866797285,1.70353216000203,42.537723321733,20.3915859665722,19.6924491004559,4.83201476973371,"0","0",984.181985034707
244,160.686901534497,18.3587943574281,1.72086408555858,29.3670600000769,24.6178317715006,-5.30634561685536,"0","0",987.973868312008
245,123.53023989458,25.8086116458531,15.2199851295944,36.9382445048541,33.3123342967467,-10.4202101282353,"0","0",963.401817093794
246,93.5753663008759,67.203048188619,48.7090205543714,24.071483546868,24.4793388402152,7.29250502074392,"0","0",965.558877545387
247,2.54727762337523,20.0897238306158,53.9120822141685,43.2135450188071,40.7137624155715,2.64847446963044,"0","0",883.419962832957
248,99.9455877761119,67.772734320014,25.2094822777112,26.491028200835,25.6750419947953,-0.232822938615389,"0","0",951.005739266216
249,28.2782423602228,9.51783212497783,29.0983259587986,14.7838765475899,14.231488546594,-5.10870990175361,"0","0",944.249808961366
250,280.678660184137,27.8695310985842,22.7849256012242,35.4729815945029,32.9863262016173,1.91011509986578,"0","0",1504.00265997035
251,393.770740201272,26.3569910770266,17.6995822750129,13.4005674347281,10.568582759258,-5.67586410171937,"0","0",1063.87364085322
252,134.05963666632,17.9979858505304,4.19420449873878,33.6514665186405,31.3217263398634,2.96768797578046,"0","0",952.644023827646
253,109.49205121829,14.4343914023804,59.2818661443387,35.2116753906012,32.3737925658648,-0.829581709993115,"0","0",991.138949952503
254,43.2454047494173,23.1731093449032,85.4682633695165,19.7917323838919,19.6635220849386,-8.42501410956798,"0","0",994.46873043466
255,12.1458413252484,40.0969404186833,31.7604936156907,20.5170712340623,17.058468905746,-5.38437015006346,"0","1",1259.97939299607
256,74.1264122309412,133.91201014198,37.6405616862844,23.1522648129612,17.5443645717795,-4.6411528385662,"0","0",991.823226591838
257,32.8522717390876,6.21922881685655,14.5740603709449,37.7759746275842,34.4687086360982,-7.53810641458032,"0","0",953.833823802457
258,87.1015248389826,2.74350692332092,13.069749856889,49.9198369309306,46.1168375606607,-7.69810405553183,"0","0",952.705685446842
259,86.0813793525403,33.5615774530876,31.7919004318259,42.1240497753024,37.1666881984099,6.42906165000519,"0","0",972.425448072001
260,24.3069263943586,103.409239029735,88.3479283349858,11.2481915578246,5.91437816895298,-7.72535002786151,"0","1",1247.34929042835
261,101.109979823959,52.9212856909173,12.7783908545506,11.7371436301619,9.07029661665144,-6.76965544846443,"0","0",978.314240062062
262,139.354548855017,19.3273055954799,6.59776845887773,43.1902606785297,41.5504074983738,0.98391070338353,"0","0",945.040940303831
263,137.631222453876,37.3762621827131,62.7401845255801,35.7435588072985,31.8490999624542,-6.61449544195466,"0","0",955.637792782085
264,39.4915138871608,3.83403151964241,24.1035180485538,44.6662435494363,38.3060578479521,-3.81721709144155,"0","0",885.929686054947
265,97.6917780942686,109.824700338507,38.0845643876823,10.9667184296995,12.1111127900247,-13.642573732017,"0","0",937.540151152438
266,40.6100596869316,22.3867144942493,24.7812602609447,12.0477482955903,11.7550546633112,-4.57993861292126,"0","0",917.839280663879
267,101.297608778023,44.7871969197252,19.0204587002713,16.1537803243846,13.3637334170447,-7.40264477805382,"0","0",950.878088786141
268,69.1784486018532,2.19603836942289,17.3978589947506,23.8535739667714,22.6811817978344,-1.29279870359423,"0","0",939.298013895894
269,43.988892299676,16.8542992174713,23.7350354217513,19.3555561453104,16.989494156397,-11.3430444003702,"0","0",929.13317716394
270,81.6835912228915,67.1496251104815,10.3774152318568,14.0806301496923,12.7230250517313,-3.95444360007307,"0","0",962.76182186929
271,73.3857689021806,6.77672976648869,33.4476365434524,33.2228634040803,33.10402951935,6.09899948639164,"0","1",1219.33437981066
272,17.665771997611,29.0226325730299,27.6057338670164,16.2382707092911,15.6645745248673,5.37606714308865,"0","0",913.30743486799
273,40.671833240124,7.18264298273977,104.798003626107,36.6343992669135,32.4388725834673,3.65827022906495,"0","0",925.424351724591
274,20.5068349722032,9.84666495926392,35.8378652925697,34.6103871706873,28.9426483534149,-6.09879858481998,"0","0",1051.7499839718
275,232.274254667668,128.97641741025,7.56089265709134,21.8458041455597,20.1956420300517,-14.1196201638716,"0","0",974.592026471672
276,71.6326194522546,4.28872328793934,64.5643089429222,39.2609754856676,35.2838418671481,-2.43128262558587,"0","0",1056.75412010068
277,194.964963167058,56.0515126779807,10.0387076789692,15.8198424242437,13.4716159674159,-5.87916708164795,"0","0",942.335833048412
278,49.031796326676,12.6452453127747,17.6592814038786,24.3942787777632,24.4268144826775,-10.9054743345023,"0","0",875.279417619035
279,55.1784208620314,14.4158616176428,26.9895898583981,14.9702180828899,13.5759289062585,-15.0112032680531,"0","0",897.865190959602
280,107.294513675632,64.6324696831971,36.9253725310715,30.0626112148166,26.9264436727568,-11.9849675386971,"0","0",897.413397014515
281,83.6563869354188,35.3705571400083,41.8296582671887,16.1794229783118,13.8310437275906,-0.772106882359941,"0","0",910.569690540864
282,131.094252768616,18.053820948621,33.811102859385,28.4496767446399,24.7073585248873,-8.47968042454379,"0","0",1056.58671669458
283,32.9026705746252,0.458706765766592,45.1549847025729,31.9857999309897,28.0569478099155,-6.55412782365362,"0","0",880.66926695225
284,217.752570084313,23.9912801871318,54.9761086373628,36.2810960505158,34.9660996568623,3.48686661189471,"0","0",966.54678146078
285,79.0429101755066,11.3660614339334,11.7900219039121,30.8192648086697,27.7610972390605,6.65072200320009,"0","0",914.387031671177
286,159.712456889237,9.03000663659723,61.7281616079841,10.5479879956692,10.4691629434363,-7.12144832414067,"0","0",971.650934065955
287,244.747723250225,65.7750087776703,17.9122552085584,49.4779713265598,45.202142479086,-2.39728924846638,"0","0",1120.38042308815
288,58.7532134244635,5.56383044419596,21.9549391630624,49.2439156211913,51.4573413803485,1.94836641787958,"0","0",890.4802173478
289,26.7341466801038,0.863822279032159,41.8568708550189,41.9128292519599,38.0790172288747,5.02404476577691,"0","0",859.900161721869
290,62.4653751082613,9.6870398895011,44.7347129494657,25.0720488652587,20.3897274924618,-8.09814328260048,"0","0",915.899920850816
291,95.0865290057535,66.8840785005756,11.8181897541397,24.5485049393028,22.2513929067081,-19.7277467306182,"0","0",919.692209898761
292,76.2575729126076,46.4003606750721,12.7866019022184,23.8719557784498,20.6519316528132,3.26920252347537,"0","0",881.681596313356
293,95.4649283351137,70.1140073795375,36.4396744289136,15.973994275555,15.714999634472,-11.0533520358451,"0","0",1082.89378714447
294,178.38813533852,11.5958552067654,12.2423804819052,48.9583548810333,44.5524531963786,-5.71402999998793,"0","0",914.02848270526
295,82.6131798908314,13.1147528718941,23.5657960058189,29.5027572941035,25.4253346815323,7.82112671266363,"0","0",894.972178797454
296,125.004300943791,19.255697504419,5.88949604562491,20.3359008301049,17.690823832201,-5.5371037291994,"0","0",921.607729416539
297,130.278028175394,74.9986101582431,11.6641030930244,43.7634015828371,40.3122667676131,-4.4343580337047,"0","0",915.590575582036
298,141.478320311726,10.61990612621,21.2715564936532,36.5636947657913,32.6246118958556,-3.61915644969131,"0","0",929.590964130565
299,43.9497746725841,27.9911814246324,6.13806215374554,37.1831435430795,31.4580774138226,-5.86458638393743,"0","0",909.488846629531
300,51.8669430096043,12.8307467102605,6.56114984757437,25.7217312697321,22.6826416310899,-10.5873238442207,"1","0",1141.0934334042
301,14.8897159983385,3.39241750980177,14.0848694701244,38.9070416428149,33.2589041763769,-10.3090187955243,"0","0",923.893865215282
302,60.3120739678662,2.14715088117489,49.4988191770421,28.153271926567,25.3571732294257,0.472267011484004,"0","0",965.778599506028
303,98.9546236161692,1.41353726837413,33.4873798118453,15.1610248349607,14.2917103540028,0.358887631182597,"0","0",998.698152217057
304,112.623593201562,14.0540530162737,17.6152251719144,18.3283100556582,15.7292223369048,-8.61844513337292,"0","1",1244.82105192269
305,42.6701786632275,45.6942646594417,12.1985808025728,18.1795383803546,12.3973167950314,-3.98079476918689,"0","0",972.069522911751
306,153.190547262556,4.69444213273827,36.9697367309577,39.5957352221012,36.1720382699751,4.68946606589288,"0","0",969.086832067164
307,71.6423531054227,45.3050698907653,69.8154131299935,26.6076684370637,24.5019172738909,3.51908027785369,"0","0",969.854050519311
308,11.0525966339523,26.85834751313,25.5221982592672,47.4005744885653,39.4503669678246,-5.64241241835505,"0","0",877.03977839926
309,51.9983442542431,43.7822272532156,10.9432094276406,49.2735241819173,45.7761054483298,-5.38838938092304,"0","0",902.212545644627
310,205.519757535942,31.4538873854117,22.3328912326182,38.0126971844584,38.8205738220535,-8.14958467180931,"0","0",985.16080608651
311,43.4470861277364,12.6091757398314,21.5126951932915,45.0229951925576,39.2783424325368,-8.69062683570422,"0","0",927.523771906674
312,88.8206098670549,76.937055221302,12.7303736475463,15.6233677268028,15.7155483862717,0.837762835385387,"0","0",982.173248770851
313,138.774043793491,23.7858799033602,4.9409806173997,24.9768066499382,20.4722669361457,4.32695952630838,"0","0",999.13836975108
314,88.1186036324693,8.44707330962728,49.7655605000355,15.2416296862066,11.2066219056537,1.53723961787997,"0","0",1018.26730129372
315,42.0010824996747,52.4246155685444,15.7681442144463,46.1830483190715,40.0228059298597,-3.98763789798518,"0","0",972.359186844803
316,81.7966247754355,50.1289600379816,15.0814334952317,43.7094952911139,38.904290154282,-5.1536436375623,"0","0",1148.86524050297
317,21.9274162558881,102.571110374257,25.5630258102222,28.216808969155,24.4051273706698,2.47002151124901,"0","0",969.21444835092
318,24.8445314545118,17.8341897000437,167.58038823263,25.8778518438339,22.2235777834122,7.945692439611,"0","0",1029.98588061198
319,67.1693468253166,69.5983070201233,23.1106373675232,14.4179897103459,8.28539010071528,-0.0659724849808835,"0","0",1165.47183831175
320,68.5157829063093,19.5182866411379,19.0407202877127,31.1412794422358,27.746944031703,2.72109757773157,"0","0",1139.45808181925
321,133.66290361511,81.1865058014678,32.8014953190384,16.5460095275193,18.0582155948653,5.3393393635282,"0","0",1181.38727577587
322,13.2335635965476,8.81909116104101,89.8581117983756,30.3204915113747,26.9335415087096,-3.78337180984872,"0","0",1100.03933190224
323,22.7948968752929,81.1515919573067,25.6730045086233,27.9738809168339,25.7841764278696,-4.80597219873537,"0","0",937.242037865509
324,132.064083732476,65.7550661907583,2.16076241385955,29.3570009246469,28.7965840266453,2.98357695996058,"0","0",959.109253779688
325,163.329598945183,24.3251423554343,36.4560948229082,43.2747241575271,39.2923289317765,11.2968098572472,"0","0",985.668931599449
326,98.5850531963518,59.8192945205713,13.1631804390978,34.5491256285459,36.7437914277481,1.8916426442209,"0","0",961.478088385769
327,42.3629088364359,3.29368716431445,25.6840964540651,36.9774898607284,35.6439689871805,-1.7334847734352,"0","0",940.441658964485
328,54.0176680197121,20.2579093377373,3.02189234783856,44.1252986714244,41.9213097276921,-1.35927980764526,"0","0",935.964813876449
329,49.0441109690733,20.788829148729,24.5325426834785,42.3962508421391,40.2023796631466,3.67860180302255,"0","0",945.706380153723
330,42.4297117072596,17.495211280461,22.0568718135501,12.3577453754842,10.4291193998666,5.75393653654006,"0","0",985.757780863907
331,137.436252288525,32.4711157475186,97.4304744298338,46.5623501036316,42.911285694971,3.94400959735276,"0","0",1010.0029076893
332,137.252810273403,34.7377895041252,15.0981587299821,15.4995756596327,14.2853923176283,5.42136331553186,"0","0",1032.53577388668
333,19.5583651455073,7.68706509805196,23.5898439769248,16.4584985561669,14.1136605778325,1.38964534718432,"0","0",973.202535889547
334,123.754955559152,58.5726488756416,40.3169912994401,28.4666588064283,23.9786780588199,8.72635078547346,"0","0",1009.43440948818
335,95.7001862009196,35.7878073782663,67.7327361260445,16.1104302294552,18.4265395138364,2.66414224670558,"0","0",995.359740047573
336,32.3028471705677,2.4923986422825,7.58332645460675,23.9074144978076,21.2218420897554,11.541322010532,"0","0",927.971036408485
337,34.74811165036,25.2790305562208,40.450466989493,24.1884314548224,24.5977969587179,0.220083515373021,"0","0",927.848571135311
338,79.5858857148559,4.53500238574669,67.840400348647,48.8165988307446,44.2469632253712,0.11314823825871,"0","0",917.435888828622
339,198.471653638083,13.5135049826909,56.2618486296915,19.3858885671943,20.7080723309024,-0.649150672997727,"0","0",1010.82612440145
340,102.488676929181,11.0026821968868,32.7191591374158,22.5656706281006,22.5009491585176,9.41405792585786,"0","0",957.177834802706
341,143.588307626944,8.69644360747864,15.2640141620289,20.1854085735977,17.4582593167028,9.94673190546811,"0","0",979.70644108044
342,59.0443182702054,5.51485040806725,12.7230794834856,18.702222565189,19.4436929676955,4.16584395717279,"0","0",948.847653053211
343,63.4064610217996,4.55700308871703,19.8118783474297,27.0198410842568,25.4144455036907,1.35729993907309,"0","0",967.447751854684
344,85.9505520725443,101.210925640228,62.8194203025891,17.764489762485,16.1380827117006,2.66659111180501,"0","0",993.699536915646
345,31.27953892838,3.52228086450027,8.46632333116229,19.8267383873463,18.1620021985604,4.89971316314151,"0","0",983.001966837244
346,23.184952530895,76.4717245776235,57.6662153270294,14.7952821105719,13.0802163838087,17.1404343787814,"0","0",979.814298167527
347,85.9120716344991,95.090289250635,18.9742559033486,46.272700233385,42.3315795512454,8.57683036132774,"0","0",981.339767910183
348,85.3226928766851,40.1462614884614,34.5592705303157,45.7236270233989,43.6807990778629,11.8083082918221,"0","0",979.459283372462
349,141.426396251158,7.2414128203117,9.87251985985479,20.7477937918156,14.1765220420426,10.2088165323552,"0","0",1018.53251501092
350,85.8137974143903,92.5345650382675,17.9024215352644,30.9129969030619,30.0503208044832,4.81925132072609,"0","0",990.083089317479
351,122.593621458505,64.537175685034,14.3530470706236,34.7675733361393,29.0115644558363,5.79508913108859,"0","0",983.900654508529
352,44.6646178845386,7.23359568946088,32.0336282575154,40.0013519916683,34.7160157924616,3.44449882395465,"0","0",949.909191298172
353,145.415526618504,91.3383297996739,15.1870168363636,15.593549599871,10.5855499969028,3.96914347827359,"0","0",1020.44945373499
354,223.076682129959,1.99360653778536,3.30713929180285,19.0350548084825,15.9591691383688,9.04340504439014,"0","0",1011.74922094069
355,33.3700927384457,10.4740139864928,17.6361232463239,35.9793331380934,33.557227377084,16.2537171658509,"0","0",940.116598840897
356,20.0955974089123,34.3901389417898,43.8462617781012,26.5414375625551,23.8820489286785,10.9687383280715,"0","0",950.918647988505
357,44.518812852321,0.0593838678316187,0.983176054457612,31.6019435971975,28.5136505660969,8.02244483636553,"0","0",968.7348083565
358,61.7864942327149,43.5339526702479,57.5647947553737,35.3958443831652,34.965658956278,17.7836878172919,"0","0",989.385707605007
359,183.37403187138,67.3557355005017,29.0765091775865,49.0600957069546,43.2018014473283,16.0413784853185,"0","0",1041.12211645116
360,82.5674715765909,92.8011574758081,17.3790445924491,38.6516612116247,32.8109467446719,21.3856072068483,"1","0",1215.16581857554
361,59.8969369031477,10.4282679609093,13.2203861915934,14.4536981452256,14.4786370863082,14.2832281891331,"0","0",1044.42320553905
362,229.908922703227,70.9511255181403,27.4182320567512,34.6056763827801,29.8641309420387,15.0167795373705,"0","0",1108.1302982957
363,132.08164331367,70.2979894212242,20.9200034722935,23.0842340365052,22.8678806385498,13.6531622819528,"0","0",1072.24195611124
364,90.3195126896088,55.6903010922706,21.6497739726166,27.0559004321694,22.9626844126136,4.17427400698801,"0","0",1062.38073980012
365,83.7212566836994,40.2357869138896,7.49405186960824,21.3857604656368,21.8892779488042,16.0341184111839,"0","0",1206.25472902428
1,126.068942089699,8.15659249309953,25.7477557425105,31.5500824525952,27.0661331604336,19.2627614135843,"1","0",1276.23127173662
2,31.62089025561,12.3410746789657,5.31910376379803,46.7754633259028,41.9074283643928,19.4007982586738,"0","0",1171.13655780827
3,232.136669607103,20.3482283311804,45.8229881190341,22.3676494974643,19.8933011982362,14.2412754191473,"0","0",1134.23335341014
4,155.188329570053,6.69565079331209,82.6328829381453,41.6769528947771,40.0561476312262,20.4667213361212,"0","0",1090.64821775685
5,73.334695363983,5.07194241933518,45.8024787586843,40.7466873712838,34.3718816223011,15.817645595059,"0","0",1051.99645667336
6,279.651572947193,44.0870469866464,34.8039746592013,12.0291186403483,10.3931752872038,14.6107446691938,"0","0",1164.38731473356
7,26.1140294439238,29.3223839319711,38.6407499897432,43.8665740471333,39.694804361697,8.32306121269918,"0","0",1158.11488266454
8,62.6503308349399,0.769019784274899,24.7968783687997,38.1132776197046,34.5532484391425,22.6252569851878,"0","0",1029.50861173329
9,76.213857684804,29.5795516433612,13.0556315189345,10.8217139262706,8.849965993163,11.2245007295455,"0","0",1064.0460588498
10,139.527301077091,50.8324098328289,10.4342613630705,34.3904838431627,31.5340760632445,17.4739376045375,"0","0",1048.82144167382
11,136.037002004434,19.0264170343733,11.3558601744005,10.0465843360871,9.84507961475696,25.5322142374355,"0","1",1172.67427668138
12,206.085050489554,65.8444966053129,31.641369638772,45.2953308820724,38.1067765872208,9.55046129954034,"0","0",1100.22528813844
13,78.4246423164546,5.95487108872137,36.5519246141787,33.4945214912295,26.7812718416885,28.0784976824564,"0","0",1247.57503925544
14,166.977413308774,25.9146557791424,17.7599598025841,10.5854880344123,6.48717187678259,21.6856761508804,"0","0",1147.72279360347
15,88.1294800822924,10.374735487221,43.4179257770647,47.9738032165915,45.545392092688,16.6466930127748,"0","0",1086.18534272623
16,13.3698227647839,20.8805430702984,47.4370710535671,13.9508678391576,14.7348822764644,15.6230935136407,"0","0",1094.68940800981
17,66.0751956108796,29.3046169826353,23.3448068968427,31.4078047592193,29.6223485173259,16.6427517940325,"0","1",1167.89066954761
18,86.3087727604694,24.2825095542159,19.4863954937395,22.4061777815223,20.1743030451025,24.0418108129068,"0","0",1110.62776165182
19,30.9776690250723,52.6843616533911,75.0953697396444,38.1067354418337,31.9586384626736,24.3323511097233,"0","0",1079.60456701661
20,76.6549024230182,20.2987795271916,30.5530654771752,44.8989475239068,39.8228564111592,26.0760311273391,"0","0",1121.45261461535
21,185.081255373143,27.9653807850889,22.0902770593303,37.3643807601184,30.8165586371961,28.7685248596758,"0","0",1301.74535946315
22,85.5531932039443,44.6444131383654,57.4102068657486,38.7903960142285,36.8947435416216,29.7702306265851,"0","0",1317.8082170154
23,83.6369726403603,11.6794077665754,4.79583732070777,17.228176034987,19.517371854776,12.4808580069878,"0","1",1139.2109448824
24,95.4408764072875,15.3454928609756,64.1801417196836,29.9380109831691,30.0801526422507,21.7171423909214,"0","0",1065.78393110328
25,59.1812684657219,11.0475345248903,14.8049086052027,34.5773590076715,31.2587292019127,20.2037334633492,"0","0",1055.33979056385
26,92.5178458394398,16.0727562948466,2.52384169891869,28.5232950653881,26.5384417004057,21.1980276184523,"0","0",1233.09039717128
27,84.945386198466,27.5907491810063,3.66571793537401,42.6525713689625,37.4504019815869,25.9868039522875,"0","0",1098.60426026358
28,118.518522659883,49.1039327390641,30.2028588999717,44.61464879103,39.476574888328,31.2209607040819,"0","0",1386.06914706284
29,52.7206247319797,8.77485915473686,41.7030619036634,17.6391790807247,15.4308061093236,27.5504591949834,"0","0",1230.37488203011
30,79.0900227746645,4.58079770473952,20.4011340825638,19.2515782359987,16.2644979416398,20.3038779564196,"0","0",1089.72818634697
31,151.192221567701,0.453641726009866,13.2628052653277,48.9800553303212,38.1437150533517,22.4321200496463,"0","0",1091.61687140333
32,46.7848680577088,1.44367765543023,14.8478393483186,23.8160023652017,22.2375142274062,21.3204900662223,"0","0",1072.84079108144
33,147.873679848064,37.8901044320057,35.8508386301327,32.6513148657978,29.2676584028342,24.328492201434,"0","0",1117.86938051002
34,349.205513668997,25.2303256339176,5.40743071470273,12.8612904064357,14.9369371841628,34.3602651696988,"0","0",1664.21347678213
35,209.975211717837,18.85546795132,9.29163718879196,17.9848129954189,18.0477319042113,29.7801542945271,"0","0",1527.62353617557
36,73.2712436053375,26.7145796381842,3.13845959506916,33.2875989750028,28.7666979009162,30.2188997166049,"0","0",1299.62421546827
37,98.8340057936502,17.9212807640967,47.6476839673259,36.2559424247593,30.6053155529527,27.9573336191678,"0","0",1197.88098985867
38,49.142476604658,6.96604417902776,30.5780537739611,44.839629419148,41.6479037419388,30.1944327639868,"0","0",1260.87573530416
39,65.7887313505102,16.2771445468979,61.13191381942,45.1132060214877,41.6200837578206,36.9541563302388,"0","1",1703.21335198122
40,121.448475309359,8.36208721996184,10.0910876072833,44.6105220448226,41.2769351612141,29.9815105715878,"0","0",1285.07408764315
41,80.4373797125645,20.6706104753411,11.128855647001,29.5391357317567,27.2069998883493,30.6300990860684,"0","0",1315.99081735746
42,68.4613982527213,19.03210186627,7.35131353062835,15.6832360196859,12.3233598221725,30.4486263928195,"0","0",1337.21146312942
43,101.341240531355,56.3499091707426,8.06802766561408,31.4671549387276,28.7619005826735,33.6822196741916,"0","0",1486.40571042915
44,45.0901417958932,0.147517862520402,11.3956399114365,18.3473751042038,16.8386475843973,23.6759790434601,"0","0",1044.58718181705
45,90.8718331654619,69.3828165237619,19.7462434999149,28.4434481989592,25.8018356963669,23.4985501751315,"0","0",1093.70666911966
46,58.214889327916,20.1196124204601,27.9007691398583,30.8638999145478,28.3850597731301,27.3887301997535,"0","0",1343.87259984936
47,29.9884499224476,20.5832658665027,28.3856850915155,34.9660514388233,33.9356398120376,34.4941636324754,"0","0",1550.27909577006
48,107.538978702121,0.106530582888127,29.2662304015536,49.421524303034,42.4442007411421,31.9253656250114,"0","0",1423.11451043543
49,56.6135730526094,6.90704229381612,26.3862217293157,18.3420161344111,17.8156665946939,26.674270213426,"0","0",1184.59022116951
50,93.5030973958139,61.5439965594512,15.0194464297253,26.3160571828485,24.8679212649346,34.3258889934676,"0","0",1545.58395331003
51,53.9192992555652,9.34812440430967,37.246435313265,27.2526526357979,23.1650255289014,40.5206853197044,"0","0",1840.72526919144
52,165.719296906529,8.77834159097122,23.6555498188187,33.0220705922693,28.3212773562207,27.0197747905187,"0","0",1197.21501226879
53,34.4668542392387,25.130279532769,40.7703482684022,19.2358134780079,19.6161841468279,35.3852068977385,"0","0",1561.17222230198
54,37.2679681242415,87.8198595606591,27.2576231019272,39.7090079449117,31.8381037567127,36.208770976543,"0","0",1597.6377698643
55,65.3834890398284,51.5831809219344,17.8882961836958,30.0609148945659,28.6117996618392,45.0263338700942,"0","1",2171.91741312032
56,135.938963397657,26.3644756949875,2.01459280047802,17.8142352309078,15.6712639652479,22.7410365821825,"0","0",1258.53535100143
57,69.8662571883234,2.95929319175872,14.1533387931009,14.5874614827335,9.86987465439784,38.5866580151273,"0","0",1772.63279262695
58,37.0346573397593,7.14996482327999,19.4786023219447,14.4672861881554,14.5447621055172,33.7882358808673,"0","0",1521.41436017545
59,74.5583575782944,6.08925868516521,24.5261498667819,28.622558619827,24.8223441655032,33.2456124318037,"0","0",1532.26398773624
60,82.4545765235755,9.11697361895003,1.61159314651138,32.3651747219265,28.9199879835565,30.8326326903634,"0","0",1417.48304282429
61,14.7093533285333,32.2260666841827,7.87725824224228,43.7732427287847,37.6307804471655,34.4116286884981,"0","0",1558.71949463131
62,187.034726888878,43.9449118708037,2.89929812759158,35.1801375485957,32.870012899249,30.7503523996797,"0","0",1466.46373246164
63,26.6083783925608,18.3403409025095,58.3898074660186,36.5980191621929,33.3631885109506,38.1083871973268,"0","0",1754.19615584046
64,89.4998028667576,37.8346060855985,14.1010236558732,14.6186621766537,11.2963766975886,31.2631641210486,"0","0",1467.32630038324
65,127.805746178426,5.42666687320864,2.22901829255347,27.688318407163,24.303168714288,17.3081484638316,"0","0",1157.46780313379
66,154.052587680696,1.96671326772167,28.9448855207457,19.6864670049399,24.4446600329437,36.5468246878478,"0","0",1760.06611226633
67,62.5320629886917,30.6335013032792,31.3196921273604,49.8369853850454,43.3478653481616,38.5474528505103,"0","0",1775.57932489144
68,16.9421540913854,15.3248019018975,22.9098911768232,28.5387809295207,22.5470752307272,25.7050705009105,"0","0",1123.10407592076
69,189.243794578893,35.0154833285439,22.4970765907154,34.7434196341783,33.6947568669115,32.5223101958132,"0","0",1526.84558100275
70,159.71863603564,25.5256182033584,42.7577990158526,43.1696280092001,38.0244052172147,35.238717175518,"0","0",1657.85977368625
71,134.799276743019,0.0269601594369145,43.8957680898638,11.1029329430312,8.85305817947961,35.3912031022046,"0","0",1695.88071349478
72,58.4361006433413,34.7550343674005,28.752833474932,27.6270518638194,23.556891103731,31.9981685081716,"0","0",1451.78159420906
73,156.40890472823,11.0140648279175,80.2736295437887,38.2324340101331,34.057828699713,30.2156502227325,"0","0",1459.34321188423
74,77.5276813048942,1.4606836903173,15.8260103070102,27.2632424160838,24.301795261298,41.9366253134049,"0","1",2139.57006652644
75,93.5729096315729,26.9960658679397,14.9889517128688,45.8429157547653,42.6400080146549,42.5036118430339,"0","0",2018.63910562763
76,74.7483178139038,24.592058619901,30.7351402095864,13.8179914653301,12.2553973528426,30.4527876011975,"0","1",1585.27989675973
77,10.5841222683234,44.4239063633174,7.33746731787876,46.8156560324132,43.8901887475331,39.6499536598785,"0","0",1826.93411493126
78,42.2010269100512,4.2859148629822,12.1068284673067,15.0026709679514,18.717047341682,28.151038241681,"0","0",1322.25845202092
79,113.504015144234,19.2598589362791,12.2402458902824,37.5551345385611,36.5835924021611,25.4141099324511,"0","0",1187.93538273632
80,87.0484693884012,61.6103294624539,6.43578766487089,43.6993769090623,37.7765392862678,34.7691345770308,"0","0",1635.81695938236
81,36.8354867304418,36.5414301291115,38.8851368106071,43.1009433045983,37.6744159578063,30.2193461970962,"0","0",1533.35146731713
82,20.1192682768271,46.1965777307178,14.9343000477287,16.1384926643223,11.9744743774161,33.8631655285574,"0","0",1548.48906565106
83,138.66691251676,14.3828414509455,15.5408127822894,41.4341206196696,38.0900068985145,28.7318697522301,"0","0",1329.60583838524
84,3.19841166910985,11.8574509969801,37.4104034745368,19.8364772181958,21.2449453564825,35.9935598802579,"0","0",1645.91243061421
85,23.0673744145518,2.74351901166286,13.885464510647,46.0831736307591,45.1085129139253,35.1985969069877,"0","0",1720.64493380518
86,110.588491083742,21.1762927947761,6.95485147023459,17.4023813847452,15.0270614489516,41.7328118457797,"0","0",1970.07264155967
87,117.928167605013,19.6774974111598,13.3818761529089,11.3485408760607,14.0682059834773,38.2990095107323,"0","0",1833.1198458268
88,69.1960638446564,9.32911622430761,26.2657041312623,45.0390333961695,41.1263246220975,26.1773909742226,"0","0",1182.16392236639
89,413.83049801445,56.954441291344,4.36507430689621,18.3180109877139,14.9534275321097,44.7323042682836,"0","0",2244.13225360145
90,144.210679207765,8.91732129934676,12.7898024274218,29.1150980629027,27.3250370408169,38.456257233118,"0","0",1838.6089484051
91,19.0371716264047,103.927400088533,6.68833576800931,18.820491945371,19.093697031558,36.1243766932243,"0","0",1676.69906689854
92,291.903107879789,30.3366586954668,83.8607281183423,32.9107223451138,32.6586799341586,32.1013530559478,"0","0",1603.21595439271
93,121.205101575632,2.53584176698613,11.7241556933743,25.2937241550535,21.4027820648304,36.747420129865,"0","0",1743.39274625508
94,88.2370372520262,2.75466104945782,46.5065918835335,47.8042427077889,46.877492696674,37.1252389690656,"0","0",1729.84427453039
95,0.713156134369203,19.5910463067787,83.1035228658292,26.4961534831673,26.4411202159842,35.1464210018656,"0","0",1602.25197169487
96,125.945501634583,13.9460328861641,20.69273767992,34.0376070514321,30.1361819048984,32.223307660378,"0","0",1478.14456642497
97,139.013119677629,12.1440847863587,75.8816812077938,23.7373649235815,19.4060603733572,25.0338627871772,"0","0",1146.7280674927
98,32.4245438768092,26.6495812187431,5.09191051761772,44.8040424007922,46.1541009583454,35.9850135387452,"0","0",1587.74100085113
99,198.79381826561,28.7259569886646,50.8732560816543,30.2771858405322,24.8232228788048,31.5809980165576,"0","0",1462.75112919588
100,68.4320967721913,73.1742664172971,18.697826027754,16.2521742470562,16.4737281265679,39.3030015811947,"0","0",1800.01748779583
101,83.9760142075006,5.98760443662183,29.915236523511,18.890073671937,17.2061259620302,30.5198175775024,"0","0",1364.43022193596
102,65.1141925963725,17.5289553554984,10.3020483914901,17.1985035762191,18.2575255548267,29.7695214791792,"0","0",1320.93689337408
103,67.8085974499095,58.7653056064319,24.7301369512656,49.084324259311,41.7912402674521,28.4333912981745,"0","0",1236.34959201428
104,35.5583133830245,73.4225035675209,46.9525282879394,34.6868339180946,32.9236238299619,44.0885190136234,"0","1",2195.90424376726
105,93.6294062901178,79.0315867591715,26.3508332221248,34.8451809864491,28.8824350237207,44.0404985814335,"0","0",2209.10400014971
106,39.3849048290067,34.5954966224719,11.6898142874654,45.0481866300106,42.3538373558822,35.4164737146401,"0","0",1578.12715556051
107,193.781855377345,87.5923151687025,13.1900433930449,26.6988586075604,27.7679736495567,32.9192336731379,"0","1",1713.28062474643
108,100.00461354258,17.5106963815804,15.9003921510522,22.2540545277297,22.9532562842796,37.5511399433003,"0","0",1906.55611239062
109,48.8858219103219,2.29824788147317,9.17486232630503,21.6565896384418,18.3622989415643,30.0781787387465,"0","0",1338.22968808874
110,58.8839054603557,64.8934678792558,15.2237842458211,13.7696781288832,14.2615465245198,34.3797004103628,"0","0",1572.30118542757
111,48.0418271982898,20.7757185478741,19.0733047353571,32.6009974256158,27.3842013472355,28.8518311761656,"0","1",1427.98298382091
112,75.1649204773579,65.2058496525153,7.64312809344759,36.987343756482,30.4967711388223,38.2037810057924,"0","0",1727.85783476364
113,101.688202121382,26.4102364047854,6.65733153445203,24.8281012382358,23.7956612242036,36.7878069670241,"0","0",1673.01415826132
114,53.0696579013178,11.276632917832,111.356247832568,28.1971812900156,24.0625906294616,31.5433199690443,"0","1",1576.88226181948
115,100.667755815655,0.0832068115310812,61.5296758545693,31.6722445935011,25.8818769376539,27.7287706541956,"0","0",1235.93033145708
116,50.177893728586,54.6620723983896,23.1823415562493,35.0854158960283,32.5701946181118,27.3164890022146,"0","0",1164.0198935659
117,29.1759235256221,16.2656886256811,29.0032232999092,32.9469510540366,29.5730589233735,40.9231762676764,"0","0",1873.80378837311
118,98.4045327419277,26.2651143392243,117.426290447827,40.7046354748309,35.167163949959,31.35919232239,"0","0",1440.51756124578
119,40.1174865465996,17.2580113793459,73.0089695507909,22.9551243409514,20.5690338903767,38.2586250980888,"0","0",1948.32692248427
120,213.771340493122,2.29602925940196,30.2967076671867,48.5918495245278,42.3520395355745,32.5589060992618,"1","0",1751.34826333944
121,84.0841492365007,0.00700114937593667,23.9037738013551,45.4761242028326,44.0204659378957,34.3264340306348,"0","0",1588.66929572521
122,70.4404179188529,10.4130027755174,47.9282669749618,32.0779658667743,26.5976936784788,25.8406651902988,"0","1",1369.57715199637
123,59.3353478233084,10.8550898496322,53.5312806565071,49.6422313712537,42.2835260683923,21.0003491421664,"0","0",1093.3576607194
124,65.6197225029173,31.1177986286658,22.0463871175492,49.9063567165285,45.4999215421272,37.8958433723724,"0","0",1754.22649724011
125,329.116180631892,13.6746688659983,3.04145407753075,13.3504958637059,10.4001956630278,22.1944986132961,"0","0",1230.2596344665
126,63.5818310963842,46.3266014386168,3.74799988928883,15.1985184382647,12.7681283140085,32.0696232052752,"0","0",1477.94391524274
127,169.907386259415,2.35703218179846,12.1703262646876,36.7459478788078,31.9589418299041,26.3261663204087,"0","0",1221.88350634247
128,40.4291664877656,13.3035827767118,16.1438743018792,25.4991990700364,27.3016107078302,28.8526879437378,"0","0",1302.79630029117
129,18.6203619092198,12.6089863164734,12.4049921015587,22.0625309180468,19.4859592351111,33.6221743169017,"0","0",1506.8829862309
130,203.617273331367,50.6509567095342,64.7025006238241,18.4467266965657,16.0168226089455,33.4813210862669,"0","0",1623.26105746057
131,200.305385612227,53.6422071574507,2.5257333880124,42.6492194086313,35.6407501615941,30.1728705870968,"0","0",1395.71966990911
132,161.81432157591,41.4899410076027,77.9016247549297,13.8863645400852,12.9926710321457,31.8483595600558,"0","0",1513.57712282662
133,17.0009238619785,17.868919300685,9.49505706031738,20.079441620037,18.216925210203,24.3752423165675,"0","0",1099.19242923266
134,54.1391488825254,70.1999250060566,14.5212462997783,21.8171474710107,19.2401996604175,29.8155299380424,"0","0",1387.74373279269
135,78.3295718627991,35.0321996847488,30.3510981270947,35.2972133737057,32.2663714594901,29.223502668015,"0","0",1349.90707445599
136,166.604075986471,65.4820215254556,65.4738615374729,28.7222325056791,25.7881919262313,34.0394250198907,"0","0",1672.7024457216
137,130.899586677317,13.8219852900579,46.6891315088317,18.1903138104826,16.0619197669919,38.5966890863871,"0","0",1873.3735899849
138,5.52906346967282,61.0968196920043,7.1690521920886,16.1698989477009,13.6350709041779,29.5700865089682,"0","0",1324.68607262872
139,131.13493103331,45.2630612459962,26.669493291569,25.3389549069107,23.9431026676005,28.3757662810161,"0","0",1316.62928925699
140,196.612501159539,30.3250027846979,5.37281431513215,23.4921269491315,20.6816487471848,32.5889692262172,"0","0",1567.62001177492
141,63.7159590216393,1.27770813796268,24.9323447828989,11.8725877907127,10.9606904628504,22.332935768253,"0","0",1122.23636381009
142,84.3342990778608,7.2933374392113,9.45821081061297,38.4233597572893,34.7670960285631,29.7359381812515,"0","0",1327.09382229716
143,120.839502511869,18.34101295509,16.3452495416758,24.7347885277122,21.4804941066031,18.1857556799785,"0","0",1122.51571618011
144,101.702920084569,48.0875014696223,27.0335460816701,19.9419841170311,17.6876856286244,34.5550579822849,"0","0",1583.94450831425
145,97.3332586859849,23.1475357323857,85.7609122235558,49.2458621133119,41.7224990813264,32.8271354759141,"0","0",1456.60209647321
146,44.2331520618701,11.645121378062,7.43749517736934,36.8413126282394,35.0179969654511,32.4926976274353,"0","0",2091.9005357867
147,329.519212557243,12.6234005808798,13.7733606576452,35.0047818291932,32.3071558508905,24.8093703377754,"0","0",1159.63616877232
148,49.5559703977202,19.8199173647223,14.5439772124875,26.8602573871613,22.6963477956513,25.8302809262846,"0","0",1117.32280426377
149,90.7595506848699,3.10051030076769,26.2954905541874,22.8004174865782,21.0485241370254,30.4871544109467,"0","0",1407.25458440085
150,212.437333652585,4.84758860392756,1.44258249370538,44.0789611358196,41.6535576948754,35.6529200849328,"0","1",1840.96270598874
151,14.2096629908789,52.1967494035758,58.1082329307072,49.7821538243443,48.1141653838402,22.4861655163922,"0","0",1041.65098719518
152,152.669936687704,6.55320050747702,67.7566601808305,10.7202524133027,11.3696004066136,28.7913476958477,"0","0",1355.40324674375
153,206.556376096643,17.1893743974045,27.0797185344549,43.0230675172061,36.9820041781442,22.5465793374115,"0","0",1267.53840925152
154,73.192644711232,91.4287433809518,21.7369980168841,39.9452743213624,37.1156258702046,25.2274921757345,"0","0",1079.24099979695
155,14.5189216820291,9.08479588460969,15.2967939147319,29.1978516802192,27.5668717147513,16.4569930434848,"0","0",1175.21143177522
156,150.159680863922,12.7968348267709,20.6281208294548,20.4651449713856,20.182260511557,28.2973696657126,"0","0",1241.15765632108
157,20.9085337148736,7.06122174264865,24.2877403316419,16.6142068523914,12.7262155988303,10.1525818186341,"0","0",1027.48200248366
158,94.0460489627498,43.0097209275034,8.69751001537605,49.0239549148828,45.2467469450652,29.2895875143526,"0","0",1232.65219804033
159,10.697837765373,6.5112754411381,29.3518958973568,13.1704935524613,12.7925666318362,24.5160048444447,"0","0",995.14452796676
160,55.0500510612942,4.9459142719232,14.9229572374533,16.6681809909642,14.4473541502604,26.3908838642946,"0","0",1080.52136744879
161,76.9563950283046,28.279003044282,12.5546369778179,39.4514333084226,35.448940217435,27.1982316604919,"0","0",1111.18058265301
162,18.6631723403151,51.7895223127032,28.6051650109824,30.9541822969913,24.7163550010689,21.6298439844592,"0","0",970.665522206164
163,83.97744176249,60.6459646059072,40.6674059768235,24.3118345923722,19.9795728964878,32.1601413815745,"0","0",1388.0518002026
164,201.998820226469,19.9187413557163,3.16412304697561,42.6282111275941,38.8756034233802,23.1973148397783,"0","0",1067.35952370502
165,31.9056096927461,18.7648908859554,27.8356809768342,49.5582969114184,43.5992477532867,20.2952692477967,"0","0",996.932767423035
166,4.34037379127059,25.8059485515148,9.25639028815295,49.0227253362536,43.7425775153194,12.4330838120356,"0","0",974.618980239188
167,91.5347813172744,46.7872845229641,19.8594274093065,30.1528043206781,26.0896069249323,15.5616441996323,"0","0",1053.00977006072
168,138.193614904627,18.7613806816613,32.7248222187576,49.6812468580902,45.0689747098899,19.6910726990035,"0","0",1054.02369127523
169,152.667981962272,7.88216254410271,41.9541101398236,26.7398264631629,25.303655587646,26.6266091901118,"0","0",1145.60381638745
170,232.643813093006,52.566983942208,17.5586588666276,24.0728826262057,20.3253007211966,19.4516151600004,"0","0",1106.98674277675
171,206.139085933673,38.5111514511769,30.6279633227848,21.6234628949314,14.331587264744,18.7717826517461,"0","0",1054.11510978706
172,196.987918914941,42.4894975559308,50.1245349287856,47.6179128885269,41.7663261598816,17.4163654491827,"0","0",1038.83777115418
173,97.1077102374067,23.4446713870778,25.4869592765158,14.4098705518991,15.4098342055431,11.7180940975304,"0","0",1008.9737188741
174,111.809105484598,4.48484228477667,7.19005746314903,29.0084277000278,26.678538297488,14.0920923788315,"0","0",1020.31077910393
175,105.621998924966,41.0735377429275,5.31679989301612,30.3669381141663,27.8681859334207,15.1572883509313,"0","0",1012.212800159
176,24.8991673600593,12.1109121560613,26.3049836624077,12.1144761610776,14.0677166589731,16.9425150903481,"0","0",990.804739339134
177,68.6584876033039,36.5147589314645,14.9649285482429,11.2413741461933,10.9741586963422,16.7316389499183,"0","0",1046.57328778634
178,101.160064784687,5.91950701506954,10.8839616605635,31.7193979304284,24.532481883758,28.0533861559055,"0","0",1180.05533468766
179,26.6078600507483,11.7984034384953,41.3553569558617,25.1431404892355,22.9908782783789,19.0270009315879,"0","0",1016.10219722261
180,93.6779572971356,86.3424350089841,40.0926432813976,18.446751171723,18.0911796292308,18.357003544014,"0","0",1076.36668910967
181,11.8524304810041,51.9799491364522,70.1510815465758,12.3047192394733,15.9747532775513,4.12645155714649,"0","0",1045.10359460344
182,105.857149544208,34.8758991454168,15.2197179416578,38.7063252367079,36.7228763434732,8.79503819720262,"0","0",1049.26674481309
183,38.2150468581931,50.3401514841917,18.935064857131,20.1509419083595,21.6865807882499,19.7140178054822,"0","0",1052.97883661464
184,146.92522321713,22.1446993950568,9.73521528190788,29.5383164659142,23.1741747603634,17.7273644240618,"0","0",1071.82411196117
185,50.7836362757586,44.3875918594624,60.135609022443,48.0044601671398,42.8023496872034,23.0848000710591,"0","0",1026.08088425394
186,90.6546247297212,59.5492214195181,17.411983731673,13.1753482855856,11.932823442555,20.1452219995742,"0","0",1062.50658018694
187,25.7537878412776,1.49140147526207,22.0854490965881,28.3103738445789,29.641170350191,5.83218548356691,"0","1",1225.3119361331
188,104.332834649776,8.35646870882136,35.7685595138426,10.9554128162563,10.4201602762552,13.5180582660387,"0","0",1076.44242700181
189,8.09294818907171,33.6948145520372,16.2472225165981,16.705543808639,14.8692823570302,12.6651609179004,"0","0",974.584753625722
190,156.123881633418,16.6007533641771,19.454069615226,23.4619559813291,21.8688916087675,4.92751267806226,"0","0",1047.11391103492
191,41.629266106183,170.933241684791,59.3014887978227,13.1015919800848,10.3948548690002,16.4223665841802,"0","0",1203.64170901254
192,108.288963102727,67.0521638974018,16.1805340331967,19.1624149400741,17.6160439344603,14.8020096796015,"0","0",1043.27623438553
193,69.8552129354771,8.16085547696963,89.3392102599256,14.7246873751283,13.3240188112448,24.4698828004681,"0","0",1078.06591349187
194,91.7911713476054,2.68741691023176,9.52015783003455,32.5683542806655,28.4158429490138,12.6454249461144,"0","0",1039.6593466972
195,315.625213050631,4.10426376476935,9.03570302373166,42.3134685307741,36.9104275787886,21.7244507568161,"0","0",1119.37365989486
196,19.977549962064,4.16213064305292,6.74242974153897,32.1002297662199,27.9079417972462,5.2955750929665,"0","0",1014.49873344486
197,164.93829907509,1.43449672220315,28.7188212742859,49.0096889156848,41.6073889510306,9.42983207609385,"0","0",1070.04207538669
198,164.863319813095,30.3920349037975,4.234134931829,35.929875895381,32.6354122952359,14.606610527173,"0","0",1077.34898733735
199,127.018848207872,45.4341888082347,29.0475906189366,26.3551874086261,28.5978331119275,3.99347984369806,"0","0",1081.82107253503
200,75.1139560182937,3.51478493153158,4.79144417653974,35.2321705874056,30.3517887107684,9.70622456108646,"0","0",1029.85769460325
201,33.471329386273,1.07314550349868,12.4403795476101,26.4660340175033,23.5074314763412,4.63320231982271,"0","0",978.534998702306
202,102.406599460436,5.03975429856842,49.312660058487,14.9793477170169,16.8965310079048,8.50661168951027,"0","0",1044.76297622659
203,204.308931333984,114.064589574474,14.3106419179989,22.8182438481599,18.9857884209827,8.58489144336814,"0","0",1057.50827007773
204,51.7894239388421,20.5297772341077,0.89750556946671,30.2191188652068,26.0702920523714,13.4028248623652,"0","0",933.129020072327
205,128.749887821321,89.8822420754654,48.7029697324265,49.0301427990198,43.8141319362023,5.89735761925736,"0","0",984.060649219837
206,264.087289676799,9.4586237831108,39.6894655654264,24.0553222224116,24.2638207440554,8.30910905123698,"0","0",1068.07078093112
207,304.734799971238,1.2794545102131,2.50857367215666,11.4700834825635,10.7626619657709,13.0016915981198,"0","0",1101.83263778933
208,103.722388636336,11.3554280149436,1.18933448824208,17.9449863079935,15.76645104086,7.52083291371281,"0","0",1035.75632861742
209,87.0040668340674,1.14338640381272,64.5659371821242,42.2535662446171,38.2182698041849,7.74963548713344,"0","0",995.501742931295
210,15.3249383995574,5.76301038473737,29.0501953814368,42.6354805193841,37.8564045927955,9.56738284313841,"0","0",940.567511206048
211,35.627257977817,11.1024313936312,45.7445268879415,14.7860416863114,16.3077326152896,9.36422321956005,"0","0",979.110171178844
212,74.3251089589875,19.126509672071,57.8403131320978,28.8429836183786,25.6058529757056,0.857821883646937,"0","0",1139.88608078048
213,140.591380080864,47.1208275309475,97.427841119498,44.6954952832311,38.3722370768279,-1.88774807540672,"0","0",1012.20348255536
214,56.0051930337076,4.40994193838386,14.6273774733309,27.0984805189073,26.4931622988013,14.2303649919568,"0","0",971.963735185568
215,62.4394870827756,56.9064480701,49.5005299647026,39.1434244718403,35.3800208039958,8.03543816959006,"0","0",930.495952596736
216,52.931432276459,48.0695587387786,62.6934147815615,34.8156940191984,32.033301705533,9.44476728792457,"0","0",934.06696138597
217,54.5758920927594,8.59867841306486,2.99109687245543,40.0872219447047,33.6290176782507,4.33260666830868,"0","0",910.586414827922
218,130.988041459286,1.20960995981588,3.12654148882305,32.8296159487218,31.3995272797162,-5.75742119631026,"0","0",933.175851599607
219,59.132260586385,12.3441664581062,95.1692381581632,15.0949945766479,16.8478560661951,7.0798767360246,"0","0",957.767733214256
220,81.4807661569991,8.32641554249469,45.8439226666076,23.4608739614487,22.4025342653286,3.39902015666246,"0","0",1093.46861950463
221,39.9118618895794,10.629711669339,21.2737863086061,19.3404313549399,20.1016680228739,-5.33552618428925,"0","0",904.548242010289
222,84.2082274163058,71.9493952199033,10.8619381085901,46.1777370516211,40.0203332327537,0.92963845918405,"0","0",898.39186819188
223,143.047975203936,3.46134113813576,60.4565991357665,10.3641249891371,10.2699910209072,10.4496823598123,"0","0",1003.38806390709
224,80.6000617855346,12.9731692170367,70.7184866334677,11.3070913497359,10.0777673728244,-0.872894965021142,"0","0",969.451842581926
225,42.716593360901,29.3377153071007,43.739105388676,18.0179123859853,17.1714944121205,3.22764865337,"0","0",947.804532625039
226,84.8673526426323,141.469813673292,30.0219030114644,25.0790772028267,24.0544775280974,0.838197165150939,"0","0",957.281690142903
227,89.9893868524711,0.0977898292788317,26.2067433425356,14.0375434421003,11.4714804988836,5.67060733845076,"0","0",962.876685542154
228,98.3557370529071,23.3084016150609,55.514640783455,49.6622573398054,45.4559188207184,-0.959136107502512,"0","1",1235.41456875918
229,8.56217340929421,3.05044584944058,3.00607105836004,27.2679145727307,20.9357979418234,-1.08875615410973,"0","0",1048.32512331319
230,96.4348231267218,0.158051808285367,10.1069680040968,45.4160641226918,39.8497442278916,8.0812627112996,"0","0",919.358131496363
231,14.0324588884498,15.5268733978242,7.20543958772285,26.9541175384074,24.3003574634644,2.11110901975201,"0","0",903.066931421485
232,144.913002197897,5.75665037350679,10.4831186283156,36.298245722428,33.0640074066178,-10.2701632879881,"0","0",948.980982456425
233,130.707012718516,1.96606548336548,59.0201539837206,18.7561811693013,18.5476356305329,12.4111996272061,"0","0",956.953647837939
234,281.92546601379,40.1320242281626,65.0359127853317,16.755829975009,16.5473322445893,-11.9089424106416,"0","0",1004.66174169651
235,84.9030068341641,46.6980512127205,16.7155169844497,20.5527540016919,16.8711289714457,3.55533713085268,"0","0",907.428656724849
236,77.8891326899139,57.1722611302335,43.8945262668294,41.9707240350544,39.9827581524932,1.31351650792796,"0","0",906.431919720474
237,81.0312605388946,29.8069084762871,16.8334939473276,11.5964630618691,10.934484565656,-4.73037764066378,"0","0",938.822027174935
238,79.3331332617486,35.236604641606,13.5079006428265,15.8443313837051,12.5384239045455,-1.38895078791918,"0","0",950.483675227556
239,68.2629408918954,29.1240995163327,9.2311499562489,40.8324678335339,39.990126035105,3.30786121634254,"0","0",914.421160877464
240,137.155155941433,0.513589431591443,116.469530378734,43.7728456407785,38.5522476038926,4.0051348607123,"0","0",1005.42568444893
241,123.175268889366,17.6737586116614,15.975622695557,34.4303660467267,26.2734402041359,-7.82664775398942,"0","0",981.748256282135
242,44.7943776637515,5.95745331107254,33.9929889440033,47.9350514058024,43.1813088068009,-0.0392981626489641,"0","0",952.330047395441
243,357.653022304827,2.09795089082863,0.70296536709267,38.9743748214096,38.1171469940558,1.8012225920967,"0","0",1067.90594293181
244,71.0768636855185,23.8713349359802,11.4116097344181,34.2814517207444,30.1510419789936,-6.04098421582889,"0","0",950.090545681449
245,84.2341593104742,16.2553290582224,9.95987176237417,43.3347879350185,38.5324679225682,2.05723310761608,"0","0",944.749115540565
246,282.572026300915,47.9276252985738,26.7260653978277,16.4952980075032,13.4427953898093,-6.96048766314163,"0","0",1034.79326134307
247,21.9415387815099,4.74144901040799,71.2521018312509,25.2844599355012,25.0984549404503,-8.61021277454397,"0","0",934.424433210376
248,54.602199292985,30.5309856585615,16.14243675907,12.5869171135128,9.38305656903104,7.35563372740144,"0","0",935.494476509508
249,196.206676215254,1.09225183709526,2.03733224429025,48.7078682798892,44.3416613038752,-6.86551095415684,"0","0",947.115130850191
250,35.2802024357922,12.8702549717183,4.37099467771783,16.1878199316561,13.7099227373337,0.177672898152634,"0","0",927.615001334312
251,81.6543053645843,3.70872011495736,27.4076755205615,17.1909801196307,13.9805774128271,-5.75062490663482,"0","1",1273.28762979748
252,100.04523136874,22.5519477135635,1.8579174885516,35.0616425741464,29.7855590759128,-14.1195996902749,"0","0",950.328772618718
253,49.3205609480712,22.8649311441229,2.76796210275177,31.5672899596393,27.3423038344047,-3.61206027200255,"0","0",928.980174805029
254,122.090013158659,9.9909041890166,24.4622224677199,37.059060158208,34.007068573327,-4.71211157750674,"0","0",980.118569770217
255,23.6425462076213,67.0124019969581,2.9906272693306,44.8341885022819,40.4075491509446,-4.94628344109862,"0","0",938.541470523767
256,23.1294453863476,29.3339079276465,14.0278780420753,31.5453142859042,29.8216662416876,-2.37702051428404,"0","0",956.686807965169
257,95.4076698986808,43.2167703443942,48.2833242342131,37.7305928152055,35.224067462075,2.34615446620292,"0","1",1271.23343169975
258,69.591361146106,12.3577146051255,64.3706435805506,23.4980260301381,22.0201271582371,2.45166243773369,"0","0",989.852040384053
259,25.9473310300049,13.4516055670518,24.7655547548386,18.9407767821103,17.5286752574778,-9.58065074555686,"0","0",957.26104671605
260,46.4104966726341,59.1825985069543,22.0940559892938,15.636392571032,15.0152246596761,-0.577588193456601,"0","0",967.082861944519
261,67.2907071723584,35.688404253508,62.7157845121598,17.7697862125933,10.9742471954725,0.482335162037563,"0","0",974.257646077241
262,24.8348508466612,24.2659759241812,6.84852858447948,22.9180204775184,16.3093225613588,-8.27446873456472,"0","0",908.150458208509
263,94.2138409865032,40.190842382907,22.2324157082525,44.2768947128206,38.3536215294534,-10.9866949154348,"0","0",908.74060003609
264,268.319360750381,42.1698469501432,20.1459704497585,32.1943753585219,28.6739911758348,-6.65324372433902,"0","0",1001.70397612915
265,295.937605299802,34.4487795738936,6.0506622827498,24.1271815821528,22.0774433025925,-5.3307013734783,"0","0",1013.76671738191
266,122.828359214836,51.6268531510186,45.9130821099974,17.4167018104345,14.4898526191114,0.0242745085234448,"0","0",956.764580265218
267,50.1266017297508,56.5908725847636,37.929784666042,21.7804329097271,19.6161730424694,-6.56902887555426,"0","0",930.946855164922
268,65.7574455873428,43.7280686731779,16.604594428839,41.0534539725631,37.7317873670243,-6.58139327237879,"0","0",912.419990838857
269,18.9351788042801,24.4267976166839,15.0381995808565,17.4588043335825,20.9501772339103,-11.9869259703531,"0","0",916.861182087375
270,87.4082607459592,16.3504305926015,26.3544159922115,29.4602642022073,29.9396236105321,-4.06381812816799,"0","0",948.689632065079
271,117.031870409802,18.0618434478213,12.9976359329297,35.2438593003899,29.2609052878715,-5.1654088545016,"0","0",950.601278238748
272,87.4725999439241,23.6970474425554,45.3021387490911,31.5973277110606,26.9942771076214,-5.7899847051352,"0","0",956.970514920009
273,35.5808978389062,1.97944568573123,17.7299715396677,47.4517543241382,42.0175211085565,-15.0855822405014,"0","0",902.760658117132
274,93.5082362905367,7.84237607153677,27.6207529974074,19.2732179816812,14.5534000556053,-6.80576382792554,"0","0",1116.9598037186
275,220.36741605839,5.94121411852271,11.8827057213727,47.3167844768614,40.9935716003681,-5.62118695308317,"0","0",943.792046202387
276,65.2881495676758,3.38714196442775,35.1084283866107,49.390398869291,43.1223733905751,-4.38998145220578,"0","0",1048.98227783919
277,125.11420514438,20.9784844905862,7.45136500414274,44.261062592268,39.8921222913989,-9.12675851476084,"0","0",896.400606126347
278,177.678168379865,70.8175734166611,14.0605217756025,36.5233760140836,32.6377888364609,-6.79905308097047,"0","0",926.366969775053
279,32.280038464435,56.94192159505,12.3645386179399,12.4007177073509,8.03866558390364,-6.4770209841435,"0","0",883.596097929722
280,89.649177666517,44.6996916069925,15.0942776433703,46.666450239718,41.2806792629104,4.10265759720385,"0","0",863.770816911883
281,210.436405480145,11.9998691179259,120.867785871756,47.0306059066206,39.4900688123067,-2.16470781198573,"0","0",936.302810968455
282,186.70521189127,14.8776936744287,4.97146062991372,17.0139252766967,17.21957867971,-6.49717203990113,"0","0",1102.36075913137
283,102.921170519534,7.89742318820783,7.28933100183379,41.8203194718808,32.1994549803313,-3.94635169037055,"0","0",863.6238889906
284,125.667567390278,67.209840501174,5.33236190686498,39.6059171017259,35.7646143139901,-3.94268150834805,"0","0",905.42262646089
285,19.6111606514099,43.7264206872405,58.3786395728337,48.1159148551524,42.1600047613501,1.29332002673165,"0","0",864.989683571768
286,147.001733288682,91.380321046941,10.5504288501269,16.0781434830278,13.3289107597918,-4.36502935179758,"0","0",963.708021116217
287,214.690981848066,39.1868590766691,17.5044380748602,15.6666220352054,15.9057344106079,-3.95561872662482,"0","0",1147.58474656084
288,103.523227630247,17.5311925278623,36.9031781178617,21.0339132137597,18.8575298764515,-4.61526024388212,"0","0",952.660681675291
289,78.4003492273506,56.581927260108,19.1221590745675,15.5046474188566,10.7744863312148,3.62632341144043,"0","0",922.511503867507
290,228.090471992775,39.5215895948391,9.00954995043469,19.7073330637068,17.0497273140179,-7.5633842135274,"0","0",956.255186911217
291,25.4591933803904,25.6237275487815,29.9559814551571,26.333042960614,27.0376329077113,0.252698314584597,"0","0",876.481256951478
292,18.4314687086453,73.6622752367014,24.5834618396088,38.9636561274529,34.2432253994142,0.962043589763943,"0","0",846.716552766699
293,59.877770596335,44.5417425764151,95.9673338893928,25.0867216754705,21.9572881345775,1.19511513945103,"0","0",1046.85040642759
294,48.4452354477173,21.3735000758979,57.6219252446314,11.5351561363786,8.76823622356626,-7.1858797995807,"0","0",915.918878787006
295,16.132302684763,24.7716151575394,25.5519423001498,38.8285787962377,34.4089480969135,1.84190304960394,"0","0",830.292541569263
296,120.153861187566,15.9777302490194,29.5923391556047,39.7076041530818,35.8269256985197,-3.77391513665183,"0","0",895.539268953037
297,62.5435342676265,8.5064319254664,80.5377887127398,25.2027742844075,23.9945951313486,-3.54355704291315,"0","0",931.732574961568
298,96.6692384757265,46.5987550917951,19.5040200132046,19.5230931416154,18.8439811354271,-4.38090573292749,"0","0",954.087255399558
299,63.8248370306431,3.28277696194211,30.2609430052208,26.7949962895364,25.505345346656,2.55750201855355,"0","0",918.602979845451
300,114.592691247368,7.77637322527459,20.2034727574859,41.7263574898243,38.4081834007288,-7.85567080956565,"1","0",1144.67244523675
301,32.8329833389197,38.097831378222,63.4441399432601,15.702567929402,11.459230319773,-5.47930265585678,"0","0",942.270219718428
302,115.079241454738,1.4158156212494,29.109130195493,17.5511905737221,18.3807113143868,3.25210547118045,"0","0",996.37176429148
303,33.7446290097959,3.97232198764911,3.28972271878203,40.1980016566813,36.5779450863464,-3.11611147009757,"0","0",921.660333703698
304,35.1427262260635,8.7631382527322,48.7061810556357,10.7807788532227,10.3406850454031,-2.36270082612928,"0","0",974.28924171775
305,113.042206098673,26.7139500060215,8.88740486949782,46.8913340102881,43.2228836357663,-1.04834747493972,"0","0",942.015124124605
306,193.20115962696,56.693317094749,7.81345655584784,30.7105873152614,27.0618655152167,-4.92794426518831,"0","0",994.971884725395
307,42.1592443939722,1.387198229482,3.05592961408186,27.5459901895374,21.7534324845013,-0.382652959416778,"0","0",913.449798432449
308,145.124288684552,141.323701823861,40.6867024773794,31.5134918875992,30.3335736867651,11.0251306819155,"0","0",972.335882635913
309,23.1317162485046,6.44496274366414,36.9743511231197,24.5582328923047,20.7032317148057,0.946567125849958,"0","0",922.983123458545
310,84.8791384678365,42.2980074341163,14.7668512919017,41.8359068967402,36.0683779028812,-5.03703189235237,"0","0",922.297153082579
311,138.731779176116,14.0316164421387,47.358678211278,38.1367514375597,34.6749557260428,3.04530331964156,"0","0",981.386396497195
312,77.3846501968483,3.10392690604001,45.303371829582,30.0004311837256,26.1859909381892,-8.96953601767191,"0","0",980.489871115977
313,29.547725212897,1.22572979640559,17.5478547071681,20.8868330903351,15.4002565102278,-2.47334118663574,"0","0",940.851388696402
314,25.3453308310445,22.1541155655003,13.5063072123167,20.4375859163702,12.7908271864092,-5.55832140260866,"0","0",950.499682432189
315,58.5101716876212,3.84152128388771,22.1726720164934,25.2596963383257,17.4273106273611,4.36039800298964,"0","0",987.439567056302
316,49.9277808831809,5.78784087797995,107.491413334594,25.0366077385843,24.2046905276058,-9.41933216153341,"0","0",1173.84886480991
317,26.6250554023616,23.5206330285209,15.4607980638048,14.8313805926591,12.7800074528043,-1.07244282235272,"0","0",997.607245958671
318,68.6750883332788,19.0837169436158,3.53737378123977,30.7117385510355,25.8956830761345,-3.23647372294077,"0","0",994.832715290554
319,60.6182481108603,5.77158080768851,9.55847723734581,22.5860309321433,22.1246870261539,12.6318737360468,"0","0",1143.24973467416
320,96.7518031896673,88.2916822047267,54.8423651388814,22.0020431093872,21.8409704629441,-3.25662214703465,"0","0",1159.03135014645
321,89.7882668702291,9.67086148264652,10.7687958016271,47.7212734892964,41.0922808106247,3.44383868955454,"0","0",1109.42559186487
322,7.17498959974433,11.7593683652225,21.6282378532531,32.1974018681794,31.6184766796018,2.38469370346843,"0","0",1064.89485531693
323,65.5669582239044,47.2048213182446,17.5535025286899,23.190049380064,21.0534058274107,-5.03687399536144,"0","0",945.153639917072
324,30.3408101729705,13.8606141530224,10.5358010222014,33.7270159833133,28.7830978927354,-7.99694072908221,"0","0",908.66961652481
325,8.16684096624224,1.48339457752124,2.86308234015745,42.2274261713028,35.4854666114427,2.17464405532626,"0","0",900.08231367315
326,6.14457120768826,46.5562856654928,70.1445483049943,35.1034628879279,34.3953819727425,5.68005164289815,"0","1",1149.47893927646
327,102.564593356674,16.7822979367163,39.9206986695688,12.8356340620667,11.2034756994459,2.02232440599076,"0","0",1004.19080872411
328,69.8343747945245,22.1264794100292,40.2130451247741,36.5439438726753,31.868087579918,-2.62897834620525,"0","0",945.243454548654
329,150.228490471706,45.9053313699373,37.9436283521353,45.1450161449611,40.0233757737266,3.64268772066146,"0","0",992.938107374485
330,41.3377726742077,1.85469962105079,21.2498958129992,21.9065085612237,18.4323641168331,12.7036946559677,"0","0",979.066951555689
331,28.2528395924002,46.8569367399108,2.96160873701481,19.7896702215075,14.5989199293812,19.6651853910018,"0","0",951.772281783301
332,152.261100308941,5.04198274749444,7.07681375547052,10.6937215384096,8.98510109284425,5.80269124977393,"0","0",1049.15835312875
333,107.574314849633,34.2748759844842,23.7217520577161,11.0620048269629,9.16596929479231,-0.608104588016644,"0","0",1021.52635903317
334,60.7535931892549,68.2176879662113,74.2014870298455,47.1511157695204,40.2776567983962,7.95735425555321,"0","0",962.364743192766
335,114.202611436688,3.39124156834311,12.3264456415775,28.7994468491524,26.3315953005452,-3.53117873487457,"0","0",978.215846703029
336,72.8401906325211,20.4141896760967,10.7635965642581,26.4076525904238,21.8641469857,4.25649102987669,"0","0",941.17507242428
337,38.5474960608186,8.95886172989255,58.1156171113225,16.0644762124866,16.8168232912664,11.2904125355002,"0","0",950.071648631191
338,4.15689596394162,18.0694413069553,10.0688019618636,47.0970191247761,43.3874365286413,11.8780642414781,"0","0",859.335820305841
339,202.87378021749,5.01896839152347,10.792762677727,32.7928428165615,28.0966222101383,2.68672317155269,"0","0",983.678046012776
340,65.7000578192448,8.56815994322331,20.4719463765721,30.3244363237172,25.509093946593,10.452553587821,"0","0",932.920216918082
341,172.250574360197,16.2728404143544,2.45377278827098,29.4071245472878,29.3814467580979,11.3265722385642,"0","0",973.881065977786
342,75.505098975307,8.19313732894783,9.13835595556504,18.5315019171685,18.1709424436159,11.0871812320568,"0","0",960.777398285625
343,27.9898320244896,49.655991349579,18.5945682121142,49.6992700081319,47.656159491379,-0.327405527235886,"0","0",910.552483765119
344,93.812405773236,21.3628358450014,20.6956218562379,45.711044985801,45.2215561432025,8.26510340223052,"0","0",976.75621513411
345,36.2445578313992,45.9951747200091,43.7823636573253,38.6482934746891,39.0987057316539,17.820002903629,"0","0",945.68639003808
346,63.4067472460368,109.644896740041,8.27459328154582,43.8667609542608,41.7550302388519,9.50412441479274,"0","0",947.842367685721
347,45.1659724260701,6.39560455202159,37.6745816828694,45.994685748592,37.3503652662325,3.86360535563565,"0","0",971.725566664713
348,154.682186328445,2.69107770687217,33.2050957835419,18.9443655591458,16.5002615802231,6.3238562616968,"0","0",1033.09840717129
349,171.017439807418,5.56026446525991,12.9933367791817,46.0718067642301,43.9622515436343,11.9196063133653,"0","0",1027.11238070181
350,95.0670404491972,45.1427588898246,54.8358415763715,28.5917771793902,24.2971590020351,5.05059676620957,"0","0",1005.43048222126
351,30.905119253046,112.724281971762,19.5998889941108,31.6760226059705,26.9634499285567,8.39883536149673,"0","0",950.0326914264
352,185.211292383148,63.320401754269,8.10915657213791,30.6798890046775,30.2007137957329,13.6863216227639,"0","0",990.445008879802
353,82.3653606186438,83.546803642296,25.9308125934858,28.8905117847025,25.4200475103638,9.51948049004029,"0","0",966.898060623275
354,56.0710840228557,14.487042557856,20.5226314406612,25.8942461106926,23.5464533471613,24.2920596156264,"0","0",953.191439562399
355,140.98274178604,0.874384769467831,0.525918752856858,11.8510844744742,11.5400380746032,14.5640846425223,"0","0",1013.62870787207
356,103.042634073052,2.63789149958032,23.3863018690189,36.7339529749006,32.5841770593053,10.9055152637839,"0","1",1175.15999350306
357,89.0420863835063,15.4349517097769,45.6039532993036,39.6672647260129,36.9179660671048,17.1018726642401,"0","0",977.536733218467
358,79.4088016870456,7.46994255535995,57.4483113564435,23.2862792722881,23.3328924183802,19.4664017152306,"0","0",1035.30183222409
359,110.22426009724,4.19275456742974,7.76131819283952,43.8495112396777,38.5285337031793,13.4505267457839,"0","1",1216.65895380376
360,36.692493138381,18.7946495345803,35.7499326721237,29.8577526584268,26.9777790313218,22.3587435572708,"1","0",1220.48674028019
361,40.4539836588304,2.20698343688226,35.0590959048754,17.7436090353876,17.5243231140956,4.16035056007787,"0","0",1035.64306753504
362,33.9029420029707,60.9693401395596,53.844297272116,23.6060135532171,20.9222194656556,5.04060082270669,"0","0",1054.74175814519
363,128.891888287092,25.47100424139,15.2373666494713,15.9941446501762,14.1283025369368,14.3223840680079,"0","0",1071.34706678583
364,16.8424391944804,0.632873197163395,25.0621405408955,21.6142593882978,19.4397842345462,22.084053138438,"0","0",1012.39132617273
365,186.669149305948,66.4282061970928,17.7978379220421,42.873133867979,39.2286664870822,17.5652237103541,"0","0",1236.55763788242
1,25.9170645178082,2.58003874713381,3.9679943090864,18.2485716417432,11.4004859948371,25.1145464775288,"1","0",1235.95048122269
2,27.8377101026541,27.8029916923886,10.5378208502368,41.7135781794786,39.9101811968022,16.0356272530443,"0","0",1160.86457570198
3,55.4110897378073,13.556649051029,22.9732417358337,48.2212870847434,43.2551936366958,15.6030626301881,"0","0",1026.9295878603
4,129.443822701895,82.3093750199074,49.8245436814449,21.3559108506888,22.9355901362662,10.631208209022,"0","0",1103.46608597454
5,43.881125402315,6.21118903246304,45.2513281527819,23.8193535991013,20.8081738235002,18.0229391860328,"0","0",1031.14884965721
6,64.9240021881723,34.4096602243158,75.2772194926306,19.68535406515,17.2486533824543,18.7072459821554,"0","0",1067.9678872361
7,49.082437125632,20.6256275304912,31.2231465612703,34.3245360814035,30.4259029064683,12.0622293683862,"0","0",1188.49299313199
8,86.4297539179179,43.6853075709663,12.4720351456207,22.5195244327188,18.510170976641,17.6060762490381,"0","0",1051.97209281175
9,61.599162834676,12.7112436935122,68.1368018448074,39.3756961449981,36.0494830620289,10.5586730688071,"0","0",1012.9566702272
10,57.3763205804903,22.3121434700811,57.2771014460257,47.139261001721,44.3349025781504,27.6836849939473,"0","0",1158.06350653773
11,69.8916907119981,9.71364699220873,15.5196584913916,17.8853067290038,16.5662932951002,22.6069236304677,"0","0",1047.42923946385
12,56.692717907236,10.1844648852061,61.6004000623981,30.4915214329958,29.0694870676675,22.0501262222516,"0","0",1059.98828648348
13,57.1135641177186,15.0354602213408,24.2758224145175,17.6985501684248,15.2673663657035,22.9172486202365,"0","0",1095.20009733423
14,84.8959921490394,21.607376685847,58.9479274202217,37.728482959792,35.0215080716117,22.0165598772113,"0","0",1110.56165093786
15,31.4377235871536,62.3361865644115,1.85961957808931,46.9166654907167,41.2042862890801,32.6938975418049,"0","0",1428.21531808754
16,262.661731283091,10.4888097025811,24.1872818410312,33.5392386745661,31.7595236357475,22.6892503783888,"0","0",1169.87550236309
17,99.5743664087327,18.2957767131466,11.9557136059023,28.0193486623466,27.0375575939757,17.2066669364166,"0","0",1102.45586394422
18,117.76058642977,2.80951203938603,16.5513745302071,47.6637643948197,41.2190813843355,15.720186019173,"0","0",1106.62872057148
19,35.7849363275052,46.2332546779541,34.7411861389427,20.5428383219987,18.8971918870025,22.0929282944357,"0","0",1109.28036329203
20,48.0423062809213,21.3125747018057,30.4691765420069,11.8873033672571,10.4930843803419,24.9484616935969,"0","0",1095.95898382719
21,118.5591779918,28.1166837545205,16.5757178943604,27.9023664165288,26.6242311205568,27.4008009077223,"0","0",1198.68394143902
22,157.189869758792,43.5278612461528,64.1124447148767,36.3015496265143,32.6886071859892,26.4972768536685,"0","0",1179.39337617529
23,26.6832226425108,1.00265110147534,29.0191677961325,37.0812089275569,37.5582213312863,22.6030165748457,"0","0",1015.18819525448
24,17.1694821500105,2.2537192452016,26.3659643951586,32.9816831089556,29.371996296648,19.8309417452258,"0","0",1007.79249480713
25,94.1084391092997,34.7833490923638,29.6868727223972,31.0100286174566,28.6548991279306,24.277072185667,"0","0",1056.21970514275
26,87.8692000172646,28.6274159997093,52.657560528472,43.0843078996986,38.9013184393717,16.2961999328715,"0","0",1195.16648855837
27,51.1208802440186,8.96067807945126,49.2964791490465,37.5395241752267,36.9037254759848,17.1965344004544,"0","0",1045.69819408757
28,74.3468793066588,11.352050704408,10.2500298893312,35.562410634011,26.8444266620889,27.3989859399253,"0","0",1177.44499785668
29,66.8950187988124,15.8369785422144,1.38536767962654,18.8552459236234,17.2483101706948,18.2381155632406,"0","0",1086.17803301646
30,58.9693487496195,24.8099481463466,7.54054324201986,14.3167625460774,13.4287375190834,25.2909989651527,"0","0",1115.75759386437
31,166.788261014023,16.1852530085219,26.2872012722623,31.4590478222817,32.3512871168351,25.2524415679094,"0","0",1119.59879572655
32,22.6376213289208,19.8989789540134,19.8215527982067,15.668262783438,12.4902084438642,22.7530846505,"0","0",1079.85924814535
33,276.783028920633,31.0479499988911,22.3268915846263,40.3609170950949,35.3806684049227,29.8430201110897,"0","0",1406.55371022766
34,39.944809126226,30.2739414783532,14.6741022594269,23.5120326373726,20.3274548412596,24.9469216242198,"0","0",1059.74694597855
35,31.8786781094467,0.882020839212287,63.0073780396741,37.8645955398679,33.700336157267,27.1844606361722,"0","0",1335.56771537865
36,32.1969335233628,19.300068798034,8.01301481996073,23.0836978647858,18.1917278357878,27.362207592354,"0","1",1252.22229508269
37,61.2094811622388,1.57857627218243,11.8000821906043,28.0276002269238,22.329293650496,31.8165286424284,"0","0",1388.29685029478
38,89.29306313886,24.3691731488948,17.7524466569381,43.5780543182045,36.7998328671347,25.7049344353739,"0","0",1063.21742513761
39,74.1654761901753,15.1052630118785,23.4917271440181,16.9624437764287,15.545792493775,30.9784642244469,"0","0",1348.26048337411
40,149.5572956713,130.280635504313,21.9668644264268,43.601066051051,39.15630963012,28.5696130284749,"0","0",1239.51119329428
41,37.1256886579434,47.2290097824178,4.44559889794236,19.8709207028151,18.3937711517509,28.1674483225711,"0","0",1179.18335707845
42,40.0118040551876,101.182249505222,5.17057194263508,24.6934238448739,22.120018227022,27.1986649170947,"0","1",1222.62863734657
43,34.6672053359587,5.23166719834793,31.3532782290477,18.1066548451781,14.8881574371798,28.6848432230731,"0","0",1259.54086306953
44,112.098106072035,34.2263356336973,12.7582767035417,17.2049558721483,15.4257254500245,27.5985134035245,"0","0",1217.26005801872
45,41.1048872433026,32.2677320635235,7.2544176966503,26.3391659967601,20.9430950306774,30.4351175550316,"0","0",1354.78345242367
46,112.369890382746,11.7742866201156,9.12820035554203,46.8994936160743,44.6295046932419,32.1563863553364,"0","0",1600.81421756048
47,185.683218875429,52.2876043398588,4.6253665728384,17.7890625968575,14.8021932438388,28.8710799331555,"0","0",1329.75822022038
48,100.576820043435,17.6750794274125,3.56383407966146,47.9537904821336,41.2728568528322,26.5432339559367,"0","0",1142.71243115106
49,153.229231365272,43.739894963348,37.4654831414302,30.1010430790484,28.9716337463702,24.3417275109759,"0","0",1119.78876375335
50,117.995153705583,4.60672596310584,10.1370594894285,30.8829596173018,27.0698080908821,38.9298941653084,"0","0",1788.42396173598
51,103.904050458186,11.3581646245821,24.7304741870078,42.7891426347196,37.2926298490547,27.1830071577381,"0","0",1158.8099259952
52,100.506011697125,10.2387679521757,29.0811685579118,20.3309056907892,16.5660412800492,32.8593807819964,"0","0",1488.94236050445
53,174.92102818013,5.30143225809518,10.9926292019438,33.3082511462271,33.2288241307888,32.4115811741959,"0","0",1461.76998332893
54,26.1809286741959,5.19027932703957,42.4981641545926,20.257059102878,19.0098490400571,25.4228022831685,"0","0",1071.269802628
55,37.6411950397693,3.81223512126111,20.6688358811107,35.3052984643728,35.8743905778586,34.3017829518998,"0","0",1519.59465937451
56,67.849605080973,4.26498141752928,5.28700279143336,35.7089155074209,28.3243180891931,26.0163375464253,"0","0",1262.48619536012
57,50.4947345271073,49.1219976472399,24.7374920609634,34.2614603135735,30.5481002335384,35.098998543158,"0","0",1585.72929637258
58,128.222880188816,46.1133278979093,17.8916203713317,38.1534078158438,35.4770880907876,25.3356873526296,"0","0",1114.05130554888
59,59.7772298237949,4.31651200591592,21.5471281389522,13.2194522023201,10.7148719380657,28.6468866894033,"0","0",1320.45112596794
60,13.2040912691726,1.642646699903,17.4244781577603,49.851280702278,45.9643055968643,37.5755555524974,"0","0",1688.55991733557
61,154.221364536302,18.5871375573562,30.9768675255901,45.6148102600127,41.627241795787,30.3036131753456,"0","0",1402.85890915538
62,103.356988496771,11.191572507607,12.7643187339976,32.2900019492954,27.4898119146391,28.9431704414078,"0","0",1338.98152953549
63,188.422311553263,3.77465647839199,4.03081541608593,44.7908061835915,39.310845447447,42.2475664685754,"0","0",2011.58209528857
64,74.5330681283555,42.9416329679224,17.104235886675,37.8003112412989,33.2701310770366,26.1160206744269,"0","1",1314.70669492512
65,174.839130895979,11.835930929337,44.0712848324557,14.5424822531641,12.6904260619907,32.9745414842604,"0","0",1603.23504607069
66,25.5227246820211,36.6282489958921,11.186856921846,14.5638437289745,15.3522341873159,39.2775409294795,"0","0",1824.73451517114
67,102.544836642002,6.01751438875074,18.3595932068728,44.8276223149151,38.9345772848507,40.8445602181166,"0","0",1899.98575448233
68,58.8399504282239,14.2338143542499,23.2141193840647,36.6625175904483,35.6188324169549,35.2849222667078,"0","0",1618.32909946158
69,31.5974163518536,63.2966189682715,57.7361977100038,22.0668916683644,21.0560653573286,40.4453608275204,"0","0",1876.7934636913
70,78.0236974517721,53.5839235116655,58.451749787998,28.01559234038,24.7925796282158,37.8211383732448,"0","0",1781.72133967712
71,143.881371483385,50.1091836434404,33.9050916914813,13.6769985966384,8.42936694512222,33.53757330266,"0","0",1586.66054355008
72,68.4550986188788,44.0761368208,5.28824769651557,46.6137292981148,42.0034941032489,31.7945501711388,"0","0",1451.02473648866
73,36.9306548009796,5.59037998852279,33.7572490999475,12.0327965542674,13.2121834606036,30.9661896864033,"0","0",1440.49884570108
74,66.7678763019064,42.9526341707058,52.4236636312389,23.8301310036331,25.4212507890978,32.5497436043409,"0","1",1658.7809061697
75,145.96441778718,22.2022177955814,53.73130170515,45.3228754643351,40.0520309003933,39.2714601964669,"0","0",1893.99506933288
76,47.5883215588109,8.9133481576218,17.406722708656,12.395098535344,11.2668778796533,40.4862671217702,"0","0",1964.55323473911
77,70.6267808410955,30.6484088307471,23.3263487378821,32.7031952794641,28.9429741373918,31.1285446771679,"0","0",1462.63425349277
78,68.1546357407692,61.1446139444133,49.3548206205075,24.5675198733807,22.9902726736057,43.8611521804885,"0","0",2128.69912066351
79,78.8957243277767,26.6264728013533,5.81975036400166,14.8510955274105,15.0212932893298,30.4148433405241,"0","0",1453.56240601938
80,85.3420248322946,43.9970854768023,27.9337748878249,17.7050305064768,18.2368884230214,38.6043965184679,"0","0",1864.8317593113
81,141.536041721595,33.0191225829451,25.3416646937954,24.3195501714945,20.8910795004032,40.191812806678,"0","0",2099.74992697
82,58.0893989169306,6.54602228748442,1.39135468791013,38.6152814514935,34.727828314008,34.7532870151556,"0","0",1598.74102606959
83,96.2103003835036,24.7766011448244,8.02688425809632,10.5130923073739,7.19894353699793,40.5225508266488,"0","0",1924.81081060558
84,31.1620584353997,2.02057003675529,31.0615072441941,31.5528064128011,28.742646078738,30.5960440793793,"0","0",1371.88382228993
85,128.999052995923,48.6710746867066,24.1331039023887,31.2301747966558,30.9867673921655,41.0049258722274,"0","0",2085.00703093335
86,45.9001922536343,21.3451086382232,8.08102081362348,33.0932518467307,27.7727048494422,32.5425800646171,"0","0",1470.68713899452
87,56.5986115671755,5.95394065600591,130.854116372312,45.5224318988621,40.7133346752138,36.7392513847047,"0","0",1707.48287422258
88,26.1640743008428,8.59477530315841,52.4763742233097,46.9527659844607,42.1963779604009,31.9195636127401,"0","0",1427.76506546175
89,103.269253431433,54.1259172554937,79.6394780238456,40.4561854433268,33.5810139684336,37.5887446356126,"0","0",1787.85711741305
90,119.957433262592,16.6415981151436,19.8590386801461,40.258611086756,36.3230188795213,27.0429384113308,"0","0",1244.41944011489
91,18.9014024037489,17.9836082844663,14.5309939234587,31.6919426433742,29.3678882191411,34.1219927327031,"0","0",1570.95399314901
92,119.632674672503,16.7835143701536,42.3415459958449,21.4504872821271,20.4887799083665,36.0082437652084,"0","0",1726.17804297361
93,88.9780072798911,26.3037789322119,27.1377072014838,28.9228242542595,26.6443454847516,29.7640969796823,"0","0",1388.97232509455
94,197.447643895503,7.30468073765789,29.0693672816779,29.2091010510921,23.0564324847786,39.509878881937,"0","0",1887.49667841816
95,25.3985979855447,3.547275119422,6.75415833268978,38.6447050236166,36.5371430344927,32.2792130994027,"0","0",1430.8308785519
96,125.308148367985,29.7818551801253,114.693831798685,25.7909866981208,25.6277286243912,32.478898243817,"0","0",1517.96337353296
97,36.1173996445306,1.26877586384738,52.2896652964876,47.3451333399862,43.5349280933985,31.2535628398414,"0","0",1367.0601317053
98,7.09646638673942,8.4780603432338,73.7030943634257,47.2148837801069,45.0819652575186,38.7714605924855,"0","0",1715.50825608807
99,39.1779549314619,41.7179827816023,14.5442504945518,38.6297131795436,33.898501496347,30.3620937146025,"0","0",1319.92819436922
100,16.7618738362832,5.02356165847388,25.9124760049072,47.5072962511331,43.253658460268,43.6321154722818,"0","0",1947.37346066385
101,98.6905006842639,96.5580277002269,34.1874245637564,23.4104472398758,21.1002102809897,31.8233009972912,"0","0",1423.31207027046
102,43.5174668788249,21.9090869331099,19.399353077729,16.4150928519666,15.8730416943961,39.3819592412276,"0","0",1800.07438993869
103,29.0259159348341,4.39854396850983,42.7423474652295,40.5312330741435,37.6681102465972,30.1709233674259,"0","1",1464.65453241976
104,426.299642595019,32.6618760462993,33.6985794647064,13.2359193079174,12.6942084963903,30.5728025048982,"0","0",1537.27564797845
105,88.2436297340965,18.124336440057,28.317351730385,16.8004832603037,17.5470250205895,32.9607460856564,"0","0",1684.23419558247
106,136.066958387618,6.14114709170961,19.3761349073184,47.1625926438719,43.850959206008,29.0390501709022,"0","0",1305.72355376506
107,168.733047569965,37.2823714767292,60.9742021731183,25.6616693269461,23.3085348355306,39.7884524354192,"0","0",1893.41917509914
108,38.1800492518661,10.3337227428213,23.300087243038,28.1055967509747,23.2397224808728,40.1144889676811,"0","0",2010.28073766629
109,112.542312392234,39.3670317096337,4.41555856763694,40.9692907333374,37.2069458926665,31.5239632092485,"0","0",1425.47995673672
110,101.833880593806,61.7813628156273,76.7808584124671,11.9914318155497,14.9657182693769,47.4524418292069,"0","0",2284.28379385302
111,42.5806148644724,91.7356773841645,46.873962117966,24.6228434052318,18.386851966434,43.3943579504708,"0","0",1995.71787066537
112,58.2538014872893,4.99807069898174,5.47756446042483,34.0045838151127,28.6931217411038,36.8265018502913,"0","0",1651.726714305
113,81.6240316738661,15.3594994934534,7.10114304052015,27.7542984299362,23.7009034514567,36.497467474506,"0","0",1662.79556528494
114,21.4221709669983,65.9620358746517,15.12162035098,17.6261774543673,17.2928013735744,31.0743389291119,"0","0",1347.96510178236
115,135.064447137728,149.947871354879,49.9251303788041,45.9547025058419,42.7381597635518,36.3143019752666,"0","0",1652.36691822253
116,12.6503708743948,38.7067434033141,67.7020826349639,18.6898967251182,20.2294900228811,30.1936680475149,"0","0",1334.78375243122
117,153.418833013999,6.83492363621982,36.0303415415688,24.836685936898,21.1014945937616,26.9769697529989,"0","0",1246.02819641257
118,66.687354642902,33.8032841978732,9.02079626117997,32.561106570065,29.4728197171151,17.1440471724503,"0","0",1074.37648908466
119,191.04804715843,44.1482728340521,30.4435214298671,48.6292560212314,42.7883021565386,29.7619322435235,"0","0",1543.43842115061
120,43.5911768850727,28.4006499657105,17.69670634258,12.7192703261971,12.7961297692461,40.1554161222328,"1","0",2087.40063468776
121,200.635173471144,92.6640900646387,9.89165165329623,47.344803577289,41.9249224684951,33.0615714228733,"0","0",1574.91624223811
122,279.492417411268,20.5216708732249,11.1702476123166,35.4430060833693,33.2997994194457,28.7917211781401,"0","0",1418.78661668301
123,48.890384157489,14.0194616592084,22.4523483718583,34.8706578183919,28.5450788369929,37.2570306331585,"0","0",1710.8845706226
124,102.061751820859,30.4288447487313,29.9793320765132,18.0264801904559,15.0539340222998,34.0697419475792,"0","0",1611.3071332512
125,31.4617028934797,78.2747479101783,79.2204982800449,28.1280931644142,25.0798008022345,33.636982038921,"0","0",1556.46544970057
126,268.644317530733,17.4212823920499,12.7855861617288,36.0606738273054,27.054938905962,33.9392235009449,"0","0",1623.18753495132
127,115.885833317981,15.1921255102028,5.60656863334486,22.4866859149188,19.1252880149251,33.3215709511499,"0","0",1545.15513041826
128,96.7615089481991,4.77633171295682,64.5298655644517,47.0955142471939,43.7054621943114,42.8925653602453,"0","0",2009.55749306853
129,185.157765744944,16.0507185055956,41.3246768124883,28.2515203673393,23.3418450499002,29.8641334887057,"0","0",1383.26842997157
130,154.22247621956,31.5715804250782,8.01985049757036,22.0238026604056,18.7064205431455,30.0515511022196,"0","0",1388.2296811468
131,62.7298612467893,15.4451631415972,13.8563841223505,46.9117619562894,44.3693157470648,25.2171205315057,"0","0",1087.21195975531
132,74.7809120150714,55.4614344137605,28.2804944509203,44.170559104532,41.3858651018483,29.7674590087833,"0","0",1358.63454629785
133,178.056736721778,29.5147982998901,8.81899934374008,49.1352990549058,45.0254249917641,30.8202794564682,"0","0",1441.63999282217
134,46.0012385076638,5.0240632484838,22.8020070183241,17.0926731266081,16.7114616448901,30.061256077166,"0","0",1386.48373209961
135,236.490587695195,6.96781851377371,45.6819654660269,25.6500668171793,23.681236935038,32.1152617634733,"0","0",1559.08556868105
136,81.8879305774539,56.4930180221804,6.10641633485323,17.0853807032108,12.0307988514121,29.9228365147454,"0","0",1402.69624743962
137,161.090172160514,2.06618411931997,11.7507317610896,18.6791405361146,19.7608593355538,28.2810164233247,"0","0",1355.05134373297
138,129.409543069402,41.0303665081177,33.8308820063463,30.3116318676621,29.2825849319794,29.2707612352111,"0","0",1385.22062453579
139,20.5247642955745,50.973372205654,39.2427037124577,32.6063870545477,26.2231368423488,41.540427813778,"0","0",1941.62339681842
140,129.033097286376,7.42975132986392,21.9361871099472,24.1344675701112,22.9706814571998,26.1880150865349,"0","0",1200.40532584889
141,64.0775252823495,4.31967626755435,5.87597603305367,38.9228799380362,31.1390695634218,27.383701025227,"0","0",1180.26841792188
142,106.090433049483,17.8814026407925,19.6452980226331,14.0932833403349,12.0048018139515,24.0100884797719,"0","0",1123.34959428982
143,107.062636293929,74.7832866324752,12.9252112053499,13.324805945158,11.5297788426545,30.598509712162,"0","0",1372.26146486762
144,47.9261835531182,39.346231832301,15.5840133610626,17.2760986350477,10.3125089632111,30.0801127083603,"0","0",1319.94330722514
145,140.116823324773,31.8224989136356,1.99441165205244,14.8971605766565,12.6941665006773,31.032870435381,"0","0",1420.82219607617
146,20.0563019247439,26.5315978595772,12.5711184693127,48.2334535848349,46.3121125548699,26.8090888429066,"0","0",1278.87578864058
147,69.2023768381614,10.84696102843,3.56857689141619,28.0699366144836,27.4935132959344,37.9700685144265,"0","0",1733.41751598976
148,103.059889400511,1.40130668784883,14.3475208883339,23.306483682245,21.0340529523936,25.2378082169012,"0","0",1114.47289078568
149,104.542511455214,18.2309185593012,4.63953845296157,42.976378230378,44.9637316171689,27.0842827409642,"0","0",1210.58534844389
150,113.005728772337,6.01346689393133,30.3403701246204,10.8073845878243,9.89099068330259,14.4972450326561,"0","0",1141.46654450637
151,119.262138274401,38.8922633464274,46.4593788057947,37.3971213679761,34.2872535451553,18.2274428492188,"0","0",1099.17852746374
152,235.462645056062,95.8321268273168,4.0406576760592,35.6601188797504,31.4705007954524,30.0509789517927,"0","0",1402.18986043186
153,114.615782981532,4.99103276053656,0.169278070209232,36.418901309371,32.1903598439843,29.2352782932123,"0","0",1428.44405369629
154,20.4890608821052,30.4845760165061,11.6198796842484,17.5123458821326,17.0521356659269,17.3545075694883,"0","0",1064.44136649205
155,34.5426225957694,74.256452749973,12.3950594778723,35.9772303979844,34.4045864320199,26.5709117167108,"0","0",1256.06948127601
156,92.024673270407,12.0462062784811,5.49347794684542,12.2547078598291,10.6446301984375,30.4965037098806,"0","0",1350.29587814523
157,109.370166826115,37.1690416024967,30.0852558272736,24.828937780112,25.0382483381535,18.371369120354,"0","0",1070.56357963806
158,68.0437709575088,55.7418329381433,42.2011800215394,29.3707536533475,24.4381568806499,16.8861657128228,"0","0",1021.11135490338
159,76.9506587129612,63.8264266226688,52.7720922895803,48.6575869470835,43.5978561406944,21.5532503637917,"0","0",991.147664395835
160,151.648954832199,15.9381549740985,80.9986360272343,10.5566035397351,7.82505572571683,15.6037520781524,"0","0",1078.61942490705
161,61.1289898555498,36.4869941697605,31.886192747604,41.2525051925331,38.2530319251596,24.2594803062114,"0","0",994.491375954867
162,93.9853697501632,8.21003434169011,57.1064524205856,10.3090030420572,11.0356594036855,24.40487835912,"0","0",1059.19079314802
163,121.542847763125,68.3177631077629,96.4879050723315,49.1393588576466,41.5634933998821,18.8971854024631,"0","0",1036.84500414556
164,43.0272874088358,15.1002799008489,68.2445420528414,13.9817751664668,11.4669549166663,12.4896792155854,"0","0",1047.10983754002
165,42.3263516030984,36.6809571866186,16.864786119154,26.092706406489,22.4368238095602,13.3017671523956,"0","0",1026.69376083384
166,135.905021156998,12.0077996734046,42.9579959499597,45.0648048426956,40.5227231625292,20.6505539774853,"0","0",1062.51220031459
167,68.9944314030294,33.934284247174,24.0337309445488,35.981203475967,30.4889306934828,28.7058481434755,"0","0",1227.28336542187
168,120.969050584033,0.326352548214089,31.0168347543026,16.4099266659468,14.4951314209888,16.6764113048718,"0","0",1069.31944670462
169,33.3830498582972,52.5375608536876,26.2724546372432,31.5937418024987,31.827666274221,16.3509394650026,"0","0",1013.7745716983
170,107.154251449846,103.126539508675,45.5546673382895,25.2516627497971,25.8764789970885,17.888541521491,"0","0",1073.67190840565
171,101.037100968283,22.97418993563,30.5142779727707,13.6808069422841,14.3549010235598,20.8249971585086,"0","0",1054.21644846954
172,201.956603733994,5.58995960916822,19.5213652007252,32.2283640690148,30.601986071202,13.6275790744936,"0","0",1055.44425831977
173,13.7619896175517,34.1686722410524,73.6896505918713,22.1272307634354,20.6944486821813,22.6007580619675,"0","1",1212.52007037776
174,114.244071457517,64.479152287294,12.2393514753064,18.958305362612,17.4323795771339,8.82812764648757,"0","0",1027.59972923479
175,136.05782308383,134.764104528816,25.0154754876921,49.7162372432649,45.8080487592013,16.4532174050737,"0","0",1004.13158796761
176,178.971217040547,12.7037814045332,21.075917368956,32.1970345731825,28.2377237900677,22.561489454882,"0","0",1029.41664537695
177,47.4713378263145,1.85684891014872,28.3436166803761,42.4541647918522,38.1307483056797,11.3416650297691,"0","0",990.319739775585
178,65.3563882283286,16.5204244049742,2.06411174443928,11.1350317951292,6.67240986389888,15.0886171189451,"0","0",1039.9198119767
179,182.294373418615,13.9000788443104,13.7705603507014,18.0960851442069,14.9776589296573,15.3835574581492,"0","1",1313.8512013679
180,128.973113643618,20.9853110652907,19.0888829372043,31.4737481810153,31.1579139545274,10.5202836022551,"0","0",1072.64517632113
181,103.006953780894,9.12602528473045,18.1810728530453,37.1459364984185,34.9051753013261,12.5843346456756,"0","0",1067.09550110673
182,31.2550149975363,6.2416369554541,35.981259275248,21.3285373430699,22.0153302270013,16.1032851650656,"0","0",1061.38010216148
183,37.4753285624407,6.48894927973186,26.1936087898355,29.4933183304965,26.330134159374,17.0082835379374,"0","0",1030.36890201194
184,118.868154574409,48.0552221653306,2.40005325655925,39.4592302944511,40.7938131488006,25.5617565846963,"0","0",1096.7588516641
185,103.186293900728,74.6500798907916,16.5924208750333,11.0658126790076,10.8476006846228,15.8957616659663,"0","0",1069.6684764438
186,63.1492269481403,5.51713837067417,7.43445986099417,20.1465765852481,16.2089980838133,19.2715281789838,"0","0",1027.11710971733
187,16.0037721354715,9.8584111995433,116.543584056884,10.647118287161,8.246349377946,19.6429235260623,"0","0",1031.53533304107
188,85.8784575708669,7.66973434466219,30.1960911223579,26.8859860580415,21.2751739146026,13.8727484879432,"0","0",1014.2539116185
189,32.7799421093817,31.8985791164089,10.2831762721386,37.0314774569124,30.9575278737594,11.6597639894551,"0","0",990.43344894668
190,156.656890447672,118.656150290264,34.7343069740255,42.3961373884231,38.9192234672887,10.6635269347538,"0","0",1004.33523713044
191,10.6499587202282,7.8852804344956,16.4994820382522,46.746763214469,36.934026538703,17.8056084644894,"0","0",1099.94973234005
192,66.4058211953255,1.87879266037217,83.8816986323737,14.5388263184577,10.6861438784654,13.4136633100994,"0","1",1289.28021738279
193,70.2260811784527,12.2795935718162,20.0743718816568,48.1598972901702,41.2133762407426,11.618179940982,"0","0",989.737807485199
194,157.713678906804,27.8863152608915,8.85242999592261,21.508877761662,20.6216282211166,12.1113982210202,"0","0",1080.73519766734
195,43.8455637882196,17.8976637759431,14.2598254156998,47.9476710408926,43.4476348697269,8.37980897683831,"0","0",1011.82017136542
196,130.383989853706,14.3700512845024,34.8967539927192,21.4156713429838,21.1866080067931,12.3881933574731,"0","0",1099.90734174386
197,180.156056854,2.55774724079056,10.7150081565997,16.3110479246825,18.3679364029044,17.5961849102037,"0","0",1098.38576903213
198,104.464329522463,28.1658807889847,45.7829547190046,11.6633198224008,6.51176858185504,14.200733636745,"0","0",1076.89980030259
199,165.005016565265,90.187275309699,25.2919632255532,25.9465342480689,21.7151437594842,10.490647777851,"0","0",1077.34143031171
200,35.1955592572824,12.3447830250354,27.728486301786,40.8096087072045,36.0993474332536,0.115044507785349,"0","0",972.744604382227
201,58.3001251568272,2.66342724588784,38.3204590491885,21.0813705995679,20.8536395077127,5.87211994187323,"0","0",1019.0699358564
202,75.0468039661738,214.34887970591,18.0401050237883,12.465220252052,12.4116134846988,12.8194804370927,"0","0",1019.9738222211
203,271.90596026882,11.957971025247,35.8944071005643,30.5233630165458,30.5341260735309,15.1663220248832,"0","0",1060.8854743965
204,146.113028309578,26.4875912719252,36.6946879070765,44.1851303167641,38.3817285612916,0.102620577247452,"0","0",1004.95537976054
205,129.403623532331,83.6375080824131,22.7567386697779,34.4694331102073,33.7830115825761,4.63466272714681,"0","0",999.665698187966
206,22.483938210468,11.9839785338415,17.2855589379664,13.9180134888738,15.5276819862965,1.17731524836238,"0","0",965.561924333388
207,195.731882095425,10.1570332947877,28.7978032531608,46.891831709072,42.865339890443,-0.938652643955278,"0","0",1014.4111579211
208,47.7122868118623,23.4520099558442,29.7496058606028,49.0635960828513,44.0408750665872,-4.63911713258827,"0","0",948.52001093786
209,88.7091432752667,73.2345378910556,13.1276457473785,13.2509504072368,12.4816323692298,4.91018850647503,"0","0",1015.37782789924
210,139.617130088424,0.811296987032911,53.7801912145669,43.1105954200029,38.6721236390804,0.573177976747877,"0","0",1022.73963829339
211,150.35927766841,23.1024388274616,26.6594908087347,46.9482330139726,44.0655614854591,-2.82526439756718,"0","0",1006.5238183764
212,156.521279641323,117.846983638307,23.8687068869877,38.4800927713513,33.9488624778649,9.1128466546034,"0","0",1159.594250095
213,65.3430686549018,2.8997973607187,7.54632572169338,26.3371476251632,22.8160850263535,9.75615859794611,"0","0",971.156931418676
214,202.60248402653,9.72523712269591,61.4800912958123,40.9381635393947,35.6111668558868,10.1033375882515,"0","0",1020.8894994388
215,96.0083117063318,13.7450868670953,123.662340937482,45.6879602652043,39.9693707629216,7.5599982244133,"0","0",979.124645520394
216,102.230077072087,9.36763605911269,112.865919942066,45.1213669590652,40.7737915525616,3.25275474571252,"0","0",967.204858874508
217,74.3382511099458,14.228691424269,43.3063374538136,27.2745213005692,25.3695707399092,5.46732814070226,"0","1",1223.92697703055
218,261.827663162458,34.369256943389,48.1550481845203,21.8553164508194,19.4451825080574,1.15024726122761,"0","0",1039.21798680125
219,99.0953324092844,24.5597135047237,70.7571955739521,18.6269996035844,14.4586346476462,4.06377215173977,"0","0",981.815429000861
220,30.9963304582191,12.6822181565184,1.17109468002561,14.8332659620792,11.8734315060076,-4.31390231429496,"0","0",1030.56736195559
221,63.7877294675069,28.9367068325504,15.8045719755202,43.4747659321874,41.267378037563,5.98365378015408,"0","0",898.654153631996
222,61.1198370926064,19.0394365724422,62.7692666792552,18.3231017272919,17.5721338113558,11.8823521430568,"0","0",935.15711004096
223,50.5284235165695,21.5044621705106,32.6429928293654,17.2301139961928,16.3641803331165,1.70160917047943,"0","1",1225.95280066477
224,160.082778708743,1.42451199295199,18.9958648848925,10.0126131810248,10.3033178149161,2.67317877533649,"0","0",990.12775252746
225,58.01701778857,37.2266247565438,33.1975857801276,32.2429597936571,29.6120633476518,6.28312052449823,"0","0",943.227655433666
226,63.4311076942984,12.998152255094,19.9910603261279,17.3711129464209,15.5649841120815,2.63411042344206,"0","0",945.853816964371
227,122.602531029562,37.2119626100009,50.6058050590662,22.3412903398275,21.0658722288063,2.88395016550474,"0","0",998.012951471923
228,67.9894038315357,8.61317584986476,10.77772075781,21.6996616497636,19.0263663180445,0.910894094291292,"0","0",953.963315906229
229,171.383748498342,44.959210597877,6.37628303595186,39.1188352182508,35.6989860494203,-0.905221200057111,"0","0",1123.87403961778
230,102.198255227885,16.3092826738878,34.7745693433185,26.1442367359996,25.0677257987961,-4.66146134786055,"0","0",950.796716943194
231,50.3954269332765,9.49003345506397,49.1115158279245,24.7872602567077,23.6202830460203,0.235984970942492,"0","0",1422.450488913
232,88.8728509630979,5.74171366350753,80.2655756270972,33.5503954067826,34.8052643754303,-1.59333941800241,"0","0",915.593611594258
233,126.307025462924,62.3158206858171,86.9424518993874,11.4695093408227,9.5561039885726,2.41750557299868,"0","0",969.774086814871
234,158.497452797409,128.365545630987,3.92169831519977,24.7947865352035,22.7364793552539,-3.11353752091734,"0","0",944.04881587062
235,93.069173463445,28.1877795039388,24.8189511375464,22.5619688350707,18.1523166595934,-2.23749150801074,"0","0",937.831817724716
236,70.4080426736562,25.9434136549343,13.6528467794744,18.4496093261987,17.4180671546709,7.5596179639669,"0","0",927.46968382289
237,60.2516606801155,86.8711694404259,18.8614397046465,18.5826902743429,15.2172848161681,-8.89546470427937,"0","0",929.089584457345
238,202.7435167794,3.30837155611653,3.89935289842894,35.7085188571364,29.5586936595119,-7.15594173671291,"0","0",958.787643857811
239,71.2559573269593,1.70590455666503,60.7318513263851,15.7811520714313,14.4410120453208,-5.24927619992806,"0","0",966.65001167368
240,93.9059122320285,32.2454607390681,87.2813682334355,44.6108593326062,40.3066910778204,-4.40924898350006,"0","0",957.992577086927
241,300.01517949467,36.9214245322054,22.2576834950573,27.5893676374108,26.8585233165074,-1.01379944142662,"0","0",1047.29861492783
242,38.8726428205204,2.77092595286725,55.4634288178163,45.261980490759,38.7247013093985,-2.4669287131711,"0","0",947.02456782802
243,186.715240806293,45.8765873509782,68.5747963865718,45.9094338864088,43.426744409338,3.22728469070126,"0","0",1014.76742470354
244,167.998062707627,26.6348151227762,7.35800381963208,36.9869194831699,31.1894234189926,-6.81016573092565,"0","0",977.721804120218
245,63.6876414066846,0.288822222678873,19.9814058776454,11.4103776868433,13.4564692364802,-1.56528479661456,"0","0",981.24240122139
246,21.0687607349291,27.4049785381906,28.2247147724652,46.2656887061894,43.8268521585969,-12.0529984836451,"0","0",883.872433961837
247,34.6383953287653,38.6155381367183,35.9106715066245,35.7118241302669,33.4548702342323,-4.52635212245665,"0","0",905.039609806323
248,61.0745668047722,116.981352458438,9.51076372733339,22.0117268897593,20.8954620901597,-5.76040305614582,"0","0",920.393056347661
249,104.548760663845,7.20401232458882,8.06105888281793,44.5417856704444,41.9451049560432,3.46529932246792,"0","0",922.036647774409
250,50.8681057546781,3.38323572183601,8.49949415195455,44.1185216326267,39.8464546703423,-3.8679880774113,"0","0",913.741143324168
251,36.1284552612176,27.2031198602247,49.1267000381159,48.9607062656432,42.3464073493158,0.817763411519913,"0","0",898.699828824466
252,188.138715278561,42.4943639728197,94.4429484363226,24.5224079769105,25.8709750388277,1.08281374815589,"0","0",1015.1989744796
253,75.2235307274632,49.1276797817863,5.21275451681759,30.2986129838973,25.8261903633736,-7.704041264923,"0","0",962.839217599465
254,147.530237661748,33.9623446437801,41.5792369369014,27.9285781085491,24.9429521469295,-7.91008422366222,"0","0",1014.628755188
255,38.2430225140288,11.0268036559461,21.786238763202,43.5040165856481,40.0951518411398,-3.87458797889019,"0","0",936.66139572221
256,72.3690149178256,11.3339105413481,22.9463541674502,22.454413594678,20.135811925594,5.69524376785987,"0","0",993.819601683174
257,105.705456273987,41.5238537935545,4.49004684484763,20.9328892175108,17.7293697831226,-5.24379426093953,"0","0",987.532614864085
258,59.5668376401974,4.92978241165503,25.3944662155079,15.6070619542152,17.8832608103752,-3.32999572668097,"0","0",978.237984399489
259,13.0894158250922,10.5543476178966,32.8928912477554,42.4086954258382,34.9246583158387,-8.88160710281445,"0","0",931.099838703217
260,76.715240676284,23.5845537278362,32.9690418782786,30.9206002764404,25.5882785004072,-12.8989900242658,"0","0",966.504921394403
261,30.5395010850818,19.2233086800485,53.89137218111,40.8318268600851,39.625838046531,-7.84673015009957,"0","0",922.47590181299
262,36.4999347037416,7.41575972474444,23.0642104181478,42.8217434789985,36.0274367965578,-11.9571501781627,"0","0",895.000613035314
263,88.7131838436292,54.852497288345,31.8664900338337,42.1131266560405,40.3628676421453,-3.85294513282259,"0","0",912.289610993847
264,88.3968361675962,8.71065398565461,20.3941924430532,18.8504831586033,19.9658784638306,-7.28249354629521,"0","0",919.592154398018
265,83.169867902051,4.13057716998587,33.4215796770811,39.2566370312124,34.5865791506886,-3.15934591775814,"0","0",909.659722188187
266,56.2321201041959,16.2006450455275,44.5522284758285,42.4196689389646,41.3829879654892,-8.31204765267854,"0","0",907.75156766832
267,126.050201766087,28.6723352354012,19.9262214278401,41.1119665950537,38.1212452181576,-9.75326365010605,"0","0",940.17202941252
268,78.5117191110965,1.12973763952035,29.7665004059237,21.0024216026068,18.1117271557174,-11.2833485200144,"0","0",923.841512661352
269,33.3829534029231,17.5891015589337,9.83166508720165,21.0959806852043,17.7571449847165,-5.79452757608928,"0","0",920.943665054542
270,120.590694858727,39.5254171031188,3.83489116831075,14.7828042414039,12.0461015879201,-2.1981073189926,"0","0",969.981516367372
271,49.7748561282751,46.9789405177713,86.2902624694327,29.8312967922539,28.0071117617415,-11.8246527303625,"0","0",957.560409085087
272,95.9808813486998,24.4542932052489,20.1453199848037,27.8851361945271,23.3598039434266,-11.5520249685218,"0","0",943.867571325124
273,92.4656186160929,2.08841498424196,27.041618181282,41.1362071428448,39.0424954177957,-6.67316125382508,"0","0",933.240792690224
274,6.83278264073633,20.8772873139361,21.6738192653521,15.6628501228988,11.7495756610932,-8.76770281359502,"0","0",1046.50095717791
275,147.850515940271,35.9585976279624,26.4627877235251,18.2575569208711,16.7806660904889,-3.09930358038137,"0","0",956.7422368223
276,212.70169584205,2.8847663606971,16.1271900682813,24.012313876301,22.0847913545337,0.93370365216898,"0","0",1116.9024195031
277,141.494473226784,13.9679142294166,24.104177429931,42.0691303629428,39.4317318353744,1.40225205062441,"0","0",915.039258402143
278,161.438208465449,0.697727896615502,86.4448410077418,12.3713711928576,9.88589950701564,-10.3982819895763,"0","0",946.738665832919
279,140.479485656145,54.132219299059,11.3784847931528,23.7297276500612,20.0436140759655,-6.3943270980348,"0","0",898.464673951817
280,106.936696687379,33.5604089969887,94.4802203478817,17.7523156069219,19.9155268456623,-9.67371127208595,"0","0",930.16602529743
281,43.5692907371374,97.4087558062904,40.42746385174,25.1776907965541,20.8274599814767,-11.1913299524428,"0","0",877.328644147855
282,86.3644265829808,53.9984850510472,69.1067785435682,40.6110083218664,38.3418573505471,-2.23143060450963,"0","0",1051.02997589962
283,52.9268425580383,35.5018290400343,30.5235116700712,27.4875206127763,23.0727888058158,-11.2472066555702,"0","0",882.492258763028
284,140.184570474317,29.9091869035541,22.1432860806896,28.2914322800934,26.0389694161323,-0.204496561457722,"0","0",946.628053589035
285,151.502894972272,28.4661067103787,28.886939356093,38.8092985656112,33.9057163611728,-8.19939780723608,"0","0",930.79117917242
286,80.9387924873818,38.9102116975408,61.0836482772017,26.4230747427791,24.5891293442403,-1.78817973437952,"0","0",930.179801936004
287,45.2134943080553,35.5625286956177,32.5454126599748,32.2437272500247,29.0548562321672,-10.0227071969492,"0","0",1071.55624023133
288,186.01554603203,51.270535325173,40.2040566572892,36.8622294720262,36.8606248607706,-2.09030842488157,"0","0",947.588192949465
289,149.593775253966,12.1696714134967,71.7820638162082,19.5669865421951,20.1146783527504,-5.89085967767722,"0","0",981.855545020811
290,91.4548703136562,10.8955881620013,5.08691928316254,40.3968077059835,37.4852447521019,-10.0046455376013,"0","0",881.316088496385
291,121.257578523627,0.0881608457722607,26.4955985318609,21.2391012348235,17.9236828663071,7.12823868046914,"0","0",947.182347009784
292,331.980341463315,8.5524953227955,46.1422804836832,37.846333310008,33.0345185033282,-1.85285499492915,"0","0",1004.16731097359
293,216.359706883137,15.8240273130832,38.354250875904,14.7789714485407,13.1039562605097,-3.27434144193153,"0","0",1114.22696724735
294,52.0003837809013,2.40117320017341,20.9087772648756,11.2660196609795,7.1305597268821,-0.240005450194371,"0","0",902.706800431059
295,182.270330613498,6.82765750296903,38.8703389426793,21.7247038893402,19.3761080308698,1.71627458149113,"0","0",950.663787637581
296,158.933286585697,4.0132682067611,21.3397073739463,37.5029730144888,35.9218048021175,-5.9941035843987,"0","0",928.06905382411
297,30.0881828560791,25.6296573144638,58.7358311696756,13.0127299763262,7.82876119951343,-6.77546472897165,"0","0",911.822104402337
298,70.1751555255453,17.3478148569253,3.94499167563096,24.4845307245851,22.5804332007084,-8.62024773786246,"0","0",935.515352310672
299,48.7022675577211,24.3605508006569,3.53721218165046,43.3670317009091,38.4997388032171,-11.9404217228205,"0","0",903.321950324623
300,63.5181681353388,10.2832489931147,9.17591632452372,41.6828576847911,37.5249092486386,-4.57571245080539,"1","0",1131.50857811086
301,158.28728415147,21.2083079994299,4.57825397543412,38.2451139111072,33.8730154352396,-0.383247564859381,"0","0",992.07625152132
302,44.1135602508088,129.863473198669,14.9896604227058,28.6519206874073,26.154821594316,-8.91240324826951,"0","0",941.274660297684
303,204.099213067082,18.1591345159877,29.8453211896937,16.8721596617252,13.212279509331,-5.81264580339164,"0","0",1035.1377364893
304,126.681154938492,13.8158146977088,66.3590646390324,23.035502564162,22.2583776075588,-1.66911600336437,"0","0",1025.29438345242
305,139.021845358983,24.4383049197387,48.8942748035701,28.2172527350485,21.5247665251008,-5.0645032399073,"0","0",994.4435797414
306,62.7636341401027,49.7485955271523,58.9243624297078,25.6806873343885,23.5894280537374,-0.782940888127878,"0","0",955.020738052498
307,138.423182070107,74.7116350741038,45.5831236233733,22.1130270231515,18.8634364010214,-7.65369424748945,"0","0",984.562496122446
308,47.0491850300732,53.9658983998045,43.7466373499124,49.6521825995296,43.9054391938191,-5.55778528915004,"0","0",921.931459191702
309,100.900022874945,10.8165810307693,24.862901675522,47.6022264454514,44.1204929456287,-6.39450919066681,"0","0",943.103257501788
310,86.035693673488,2.25868632163017,5.57522993552886,36.9694542046636,33.3356595608,1.33726222842766,"0","0",943.934674068871
311,62.5818655719847,4.17918287751429,9.32417867417282,22.1258543990552,19.0917400141746,-8.83643603560956,"0","0",953.071934777224
312,55.6928120505758,4.17320937798677,41.1511569727813,48.6992673482746,45.3456496689301,-7.63744302245361,"0","0",943.660833473545
313,69.542285218898,142.318220966677,7.93487523880903,16.9027118198574,14.6971240840201,3.33202917957418,"0","0",986.64417146024
314,118.183109958044,100.146382808058,11.9069471767462,20.740829249844,19.8905973743749,1.377684495406,"0","0",990.725149171386
315,250.988898048644,104.289643458166,105.911769448273,10.936948126182,7.1463908570004,0.184349958421778,"0","0",1107.66842836844
316,91.915864235115,41.8858325252299,37.9062830271266,13.0088946409523,16.8103188996602,-3.18050503535209,"0","0",1184.80984958904
317,41.1908864030019,13.634725895685,52.7351974109293,12.9741633497179,11.265508498901,2.8943679769156,"0","0",1013.32837906426
318,17.9420050054748,0.500874004762785,13.5078150334661,18.8664955552667,12.6293088946967,2.59011438336321,"0","0",991.440462257837
319,31.4560868187735,24.1628949985926,51.8577618876149,40.543026747182,32.5638237904096,2.38842171326917,"0","0",1119.74410409155
320,109.164339945136,10.4075259010736,66.2088468795669,30.5193432793021,28.2727509188981,5.34849632532665,"0","0",1176.77638963966
321,46.2026937908401,31.8831955482146,44.5990440841795,30.1870499458164,28.5835970896185,-4.13977982489365,"0","0",1113.02970190358
322,177.745417644833,17.2816242406116,74.5795841754652,27.5102850608528,23.5758935604395,4.1181280151042,"0","0",1188.19139108569
323,92.6199845767819,3.14336878864347,5.48764186687105,34.996058922261,31.3865960871457,6.42455304695012,"0","0",949.341663665098
324,75.6785801915956,10.6325846895782,19.8452794567536,42.2388398647308,36.5725649443311,10.754248806366,"0","0",947.653020088914
325,34.8171538131793,39.803847737403,6.36347553804307,22.139306627214,19.0973240592564,4.08872089551896,"0","0",943.211918925151
326,225.742184479697,26.4648592734571,40.4687840378145,17.2529737185687,14.9555510263725,2.06641396884173,"0","0",1027.18689422415
327,156.902153967419,70.5022863917894,11.0835089432268,34.8244852386415,29.0083692296205,0.0913478687773286,"0","0",977.389677831499
328,94.5678404813266,33.1717596110559,4.22071384847857,22.146869879216,20.2784987295394,-9.70307419968129,"0","0",978.701459172972
329,44.6985292789767,2.33792614230111,20.2055730428431,43.9941518381238,40.4943920116518,9.71022641889529,"0","0",936.901032338316
330,23.7271911350152,2.36326591351894,5.15465180612984,17.6348728407174,18.6153585800351,0.951316526485618,"0","0",972.736784091561
331,80.2334132321754,80.728107453974,29.7742130555481,20.4221145994961,20.0207503043625,7.38246090678665,"0","0",1003.75192016663
332,28.9975790753699,38.6925830549018,59.3311275348457,46.8650535587221,42.7302841604524,-0.937466520728503,"0","0",936.844391842046
333,83.9008379082199,69.8097632446171,16.2603783375154,25.969778764993,26.4040521818481,3.84355955504796,"0","0",973.728182449507
334,52.3151681877693,16.2706888741366,2.70412452870732,27.2535585146397,25.7450602880225,-0.432612267810459,"0","0",961.857886930804
335,95.3795868022082,2.46184333826365,36.0779370784519,22.5285996682942,21.7472744852495,0.294552861491898,"0","0",982.839149514974
336,38.8847447624142,42.631588050554,9.18362687165961,19.0209020487964,18.742341673767,5.22686139079179,"0","0",939.86214399479
337,80.5817010555132,90.8261536105455,68.428602468108,18.7504282779992,14.5580921905345,4.07604345746694,"0","0",975.276405849952
338,91.713717008584,23.850985973004,11.5773342027787,45.5386825092137,39.9346246651957,10.1711248875978,"0","0",927.424431316322
339,88.3866609170545,14.2724852784521,73.9037207368429,48.5490577295423,40.8487399341176,10.6797630319513,"0","0",921.409928440481
340,53.7849908890324,60.1257602975523,23.173426270649,26.8204335123301,24.0202680895587,11.3321681703273,"0","0",914.453453450283
341,55.4769007177599,48.2210925193026,32.3458760848642,25.6311103049666,22.7431888409607,15.3710609410331,"0","0",927.730865703022
342,261.311103595435,39.068712867121,22.9617079287049,46.8976815789938,42.1907301914195,6.278964594032,"0","0",973.152871848729
343,27.0148303651259,38.5859631654093,4.74043331424169,46.0676548164338,39.8049689196019,6.61783953873288,"0","0",892.938898412067
344,10.9083170728569,12.4386499362189,3.74934836364428,14.2677932884544,9.75742726406599,0.867933111010311,"0","0",939.570798777209
345,177.694726422699,11.6112478970152,56.3153338812978,36.3164613302797,34.156815576092,6.49296480457463,"0","0",1024.28196088174
346,66.400780371513,32.0351050820983,7.74889388807992,47.1330214571208,40.3425373579579,10.5114051812699,"0","1",1144.68466543708
347,71.801557398654,4.56730877829166,40.5852505823064,10.9563905186951,7.82808479474823,13.3841126651112,"0","0",1014.48613887476
348,127.025876051076,8.26161898019895,32.301364838661,30.6812439672649,25.3972363379583,7.93467149837918,"0","0",1005.4571560477
349,96.7346163331667,3.13771304497532,13.1527324512564,19.870886085555,17.4174986415012,9.31620516935106,"0","0",1014.17285532707
350,55.4090540565021,16.2594905226804,11.5531512009051,18.8196869008243,18.3560885720075,11.1354205347525,"0","0",978.600654556804
351,71.3699736704231,16.7189042365893,30.3571298960049,47.8618891630322,43.201178117715,0.359523851321349,"0","0",948.97771818446
352,61.3656698667374,4.44759818091964,44.5244495458311,13.6475369799882,10.1308081093323,20.4542454382132,"0","0",980.766577411285
353,234.613490016291,7.008141460692,27.5486710185189,48.7637673784047,42.7048819250805,2.29502464894506,"0","0",1000.50466426784
354,138.042273753704,11.2528108404391,0.699438230445544,49.783933442086,46.3924377436266,7.33650109946169,"0","1",1154.72592751184
355,29.4486938535411,71.7155750544271,83.5385659673137,18.4665327332914,19.7812097246649,16.8805393369727,"0","0",986.50408745173
356,151.220571092119,15.3556446584333,22.9158876341057,16.6893657017499,16.5803721986911,13.3357669268294,"0","0",1013.60406302227
357,131.113380815405,59.29145871034,64.0068869841369,46.290985532105,41.4531201001672,5.56242637310923,"0","0",1016.49924823105
358,97.3310590396161,10.9416423505003,14.8570664730084,19.7597616072744,17.4816521439935,16.8884810568527,"0","0",1032.4957983903
359,11.4032507364772,42.8396804697487,3.17276204294659,36.8406959157437,38.531223066288,12.4319182267564,"0","0",966.854635006529
360,138.754836023138,105.716152075953,33.5879581743078,19.0285409986973,18.6203060724063,17.6004294972575,"1","0",1278.86424686268
361,67.055110778158,13.4983509902634,0.434940066255122,23.7602366041392,23.2915633657524,6.54355866973273,"0","0",1040.35742606582
362,236.98808329819,27.1737657010028,58.0268208520263,43.5992793552577,39.616096836072,14.1050956927856,"0","0",1096.94912144109
363,87.2183752743528,11.6125248879857,40.7080070629853,19.9560614675283,16.513168188933,5.62202475342865,"0","0",1068.54306299979
364,40.1966677491944,26.1153970326985,11.3832225481712,34.9161933083087,29.2140619419818,18.7182756015674,"0","1",1206.17813512988
365,30.6825254811216,12.5249344410848,9.84374662158591,17.666148468852,17.6744196301378,14.5054474469038,"0","0",1191.22186877048
1,7.92698174532752,11.0122954441028,44.0806419659741,18.6110034584999,18.3449875761901,20.923380019294,"1","0",1235.09436394657
2,69.6898830858004,51.9737758209801,33.0742363296784,25.2360982634127,20.2736499816277,15.3989181608918,"0","0",1221.31458568528
3,289.748077537051,15.0420503584609,31.1943189532205,28.5903945751488,25.5266822090272,7.85167534199948,"0","0",1151.9566235496
4,19.0080033091199,13.3642826296647,17.0075143587444,16.4671237207949,16.6009642031354,14.3897248894618,"0","0",1054.82218613724
5,107.046055494202,8.7971047225677,12.1416759848488,45.4687828477472,42.5038684150431,19.434074224583,"0","1",1091.40240661732
6,60.6471768016287,28.7786522663026,77.8778134572511,10.8707596734166,9.66244763143133,25.4908773474313,"0","0",1094.14436618054
7,74.3446998028989,49.6846612529909,25.4358706345253,25.1090775523335,18.7628771394709,9.31226591471872,"0","0",1196.35758176983
8,177.004029380653,2.59743301068183,38.9315109828292,39.1256338730454,35.8529984902272,17.947880246358,"0","0",1063.0587612462
9,81.3529653639484,33.4658770207704,46.4971118010832,42.3125237133354,39.3012347203701,11.0705217412195,"0","0",1021.00678144785
10,238.410439644812,4.73576770786996,13.9350604064442,46.1881276033819,43.4400230205513,18.6294794321925,"0","0",1084.02633519201
11,129.729402381597,18.2148088778661,4.48435067206007,18.0708586797118,20.7810903079733,20.4496710445237,"0","0",1089.62266654088
12,116.866755178178,31.7096961519902,9.20392211151429,29.5636034011841,28.3826050805444,18.0363428186049,"0","0",1064.49285393345
13,66.1066646913524,125.828408049684,26.3628469687134,40.8701432216913,44.5019628433724,22.5386273802562,"0","0",1056.8101614044
14,72.958245529227,4.28985865825401,5.79533994903475,35.8052253071219,33.5190846208219,30.7964885428196,"0","0",1351.86644535657
15,215.714146049931,6.8581319311415,13.4737911991374,35.0160520896316,32.1326612380529,16.6408908481842,"0","0",1150.817783274
16,47.3181014725568,3.5030010131106,22.8520157201039,44.8531478550285,42.6067972763704,15.5756020356464,"0","0",1068.91920597088
17,240.60811844314,14.5133475025324,7.13754755123361,46.2425029091537,42.0048135131057,22.9972414638371,"0","0",1143.12970832015
18,239.801992082586,23.4226591071002,10.653015171752,14.330755956471,12.4644768017272,21.7774500837857,"0","0",1173.33688562102
19,119.124715886779,3.6527694187225,28.572156430654,47.1416334621608,42.8691915555603,16.9988410702537,"0","1",1161.72950720171
20,99.972063829604,0.858905549407339,24.5102308026686,18.4069343842566,17.5359171855658,24.3384920721434,"0","0",1118.2522480764
21,324.317316253694,30.2302174567325,43.128074251708,27.0276928693056,24.7416505710016,14.6146879117498,"0","0",1176.18680429051
22,125.979798175393,1.8670639566506,52.3380578560863,46.1333000194281,39.8076000522891,21.3056157176432,"0","0",1090.23516253866
23,183.602200133845,82.3536938685215,6.18312006807316,24.8087568022311,23.3333243456985,16.4685890867511,"0","0",1111.99957007459
24,23.8562557498953,17.8020256623456,25.2474549487777,38.2916259393096,32.3528902939888,33.62490748982,"0","0",1439.36557897913
25,43.2728846701398,3.74235948824112,30.4710891451565,43.0493262689561,37.7450365237201,19.4545631062338,"0","0",1017.78966711054
26,85.4130022926301,51.8651813139538,14.5191611136634,38.4257087577134,35.8865023830727,19.8374606258445,"0","0",1220.70484074182
27,84.5859566024541,126.194852891053,37.8602853168907,41.5868818107992,38.8157121700393,24.8632895704477,"0","0",1058.04049337442
28,82.6357996964874,136.768812925512,59.9421093524827,38.3467836119235,35.4680250007174,33.9843052363352,"0","0",1525.95383156734
29,62.6676598359167,4.30626904535756,16.5458372219478,15.2600130904466,11.7197907637121,27.1673438970504,"0","1",1282.58918372346
30,214.522314645186,38.6155682043376,14.2235319227488,12.6280580367893,12.4348073252389,20.1057844386595,"0","0",1167.61588679476
31,84.4872562723333,47.2966078975193,18.1290762208906,39.543872429058,35.525017322445,34.1409461168662,"0","0",1540.80323373987
32,95.4992450781754,14.7481090571388,19.7995104086144,42.7400611713529,38.1865476340781,26.7646217408772,"0","0",1169.21439365375
33,71.849797081184,19.6118139123932,70.8253866034922,24.8401316255331,28.1271902872536,24.111973587048,"0","0",1090.05789718836
34,171.702460930395,13.3751832067677,9.58506291273099,19.2292711045593,18.0860993398145,24.5825946883554,"0","0",1119.30801107686
35,203.711448895586,10.8886910562088,48.4036699876664,17.4766682647169,16.5639795511339,24.7645833072899,"0","0",1312.60769622634
36,95.8400191991897,81.1426874783206,38.4312939980908,22.7779224608094,20.8447385995884,34.0011547383046,"0","0",1521.60151892248
37,100.187771224341,80.3913782270457,27.9862184818311,42.4981879256666,38.3398526433885,28.070470973706,"0","0",1215.39166552332
38,60.8218942826354,75.2325806881123,86.1764743704761,22.1538467798382,22.66949036265,25.2331899563815,"0","0",1079.63927289171
39,88.6148878089858,41.3871729115639,24.6813602933011,10.2108947839588,9.82036538767038,30.6386280088582,"0","0",1342.58175729133
40,116.967511039199,41.4374060306961,48.5933588179455,39.9628332722932,36.1257723537939,35.6426363706336,"0","0",1588.24902461025
41,104.536958599985,6.05853273355235,8.75887531988318,21.6451336629689,20.5131499496013,21.2947600165585,"0","0",1080.02335087096
42,54.7345754322065,17.9176236203931,3.27097017316646,38.5209496598691,33.9338910451798,26.9154510454221,"0","0",1121.86952193714
43,55.3093450517058,9.72772395574476,28.1893498409084,38.2734769489616,34.6459364788368,27.0377349897714,"0","0",1137.73171959563
44,72.7604389287129,3.94062025483988,63.5180315011234,44.698775075376,42.2113857962784,29.8659517715384,"0","0",1311.6272039543
45,54.214494788738,40.5001700622475,115.252982571207,43.7812615279108,39.3497783978571,25.5653164180063,"0","0",1110.94624200165
46,70.3077007740569,14.5531398966513,16.927180283945,30.4989035334438,28.7553423568406,24.200095520853,"0","0",1239.3347136716
47,103.8226932263,95.0237277717359,90.1511999345979,18.5763036087155,17.3850906953033,41.5130989169387,"0","0",1966.61637655391
48,18.2600169995649,23.9081300988487,7.62273158500942,30.6903173681349,27.1886012192436,32.8885222161194,"0","0",1444.38164912911
49,63.4159220389013,4.67210543044377,11.4996557163997,24.7707220260054,26.4814820054693,24.6929635631578,"0","0",1076.56992419324
50,31.7289101583717,0.477645762262467,10.982065288593,45.7386266812682,42.17503184996,14.4454643265198,"0","0",1045.48799442266
51,146.364014066802,8.32054619852004,24.9461559083978,38.4065811149776,40.913827258927,36.0939913260186,"0","0",1655.49304281391
52,25.1216213433174,25.597829377835,37.6905391739434,15.015413146466,12.9909995837712,33.6532582357459,"0","0",1491.61221625881
53,214.203261809229,4.81998515274189,10.9198838367769,44.597787745297,40.9254142151402,27.6198072163024,"0","0",1226.81442233747
54,65.6348065127599,23.7210095534888,14.8269086335035,49.5914550404996,44.086708560255,33.7203080332687,"0","0",1461.0877204351
55,75.4029331330397,44.6261026623344,30.4290654962685,20.5165377538651,16.850295624192,36.8834506128332,"0","0",1675.4655353074
56,127.264060182566,0.816495678387873,80.5866761903782,46.604840727523,40.6607927387108,31.1522667305907,"0","0",1552.30399330197
57,200.85062555595,57.495383517315,19.6692720471671,28.604770032689,28.5185249555641,22.7441342146987,"0","1",1252.48852652506
58,51.6291076434809,100.105804314326,7.6154083963067,11.5394066181034,9.56737278437296,25.7572666237145,"0","0",1136.74392564749
59,72.4897967396826,14.0716249151568,63.3727729944784,36.2995720561594,29.9720368110778,32.1046401956401,"0","0",1463.23347814784
60,62.6376025764425,8.2461368293081,17.1052956027022,34.1297433525324,29.0913635419971,33.8233287287966,"0","0",1553.30169650731
61,182.87620057941,73.151605365295,57.4442674550751,15.0010826252401,18.1613382389673,34.2772050573026,"0","1",1786.18454121531
62,185.134998804174,33.9272545855021,65.3308176889871,33.5533410869539,29.8195680850415,36.3038857444743,"0","0",1740.39205346789
63,21.3261147225997,77.2739265798953,24.2686148714234,35.0989282224327,29.4942419794236,27.7360690599108,"0","0",1225.33895842541
64,187.715230978157,0.829305628432936,68.5402564283554,20.5215612147003,11.1284180880907,30.6271064365447,"0","0",1496.19015978664
65,166.445480846648,20.9030571079901,20.8893070930201,15.3465467598289,12.2822694892159,29.4629854385986,"0","0",1412.71125097811
66,7.43925311864246,0.20412080978959,57.2947509052614,11.2087204493582,11.0203623894569,36.3589194345236,"0","0",1688.93499066741
67,137.599898304323,0.0561409677084855,64.552631000416,29.9366625864059,24.556406272494,34.146934797198,"0","0",1592.66821479399
68,32.0126068073965,6.04193549295287,21.9909817312774,19.1080484725535,17.9536963674072,28.2457397170096,"0","0",1279.81998310216
69,35.7443513412909,20.6922613429864,3.11479228035606,44.5651126094162,42.8694855630041,31.6413700806889,"0","0",1392.71635877808
70,97.233841516374,38.6264159454635,58.310881872913,29.3949413578957,25.5147165288827,35.53189068039,"0","0",1675.8702923475
71,190.105808876797,11.131092440552,13.9568699959515,18.762603038922,13.6252468191333,30.5313617732749,"0","0",1467.31019820074
72,50.214387261313,7.85353192668738,19.8047427370195,25.7767501845956,20.0038683652187,38.2964937039718,"0","0",1808.22856668134
73,74.5412538535603,33.4404687298735,9.45603508870872,37.9808066226542,34.3380817424465,30.2355158572416,"0","0",1386.30141332146
74,105.875744012709,14.8283709305933,42.4574301202974,20.7080799154937,18.4891742674877,26.2523166913788,"0","0",1757.53438791751
75,43.8033783653494,30.143249099034,12.8175280107941,37.5719956401736,34.8040429873053,32.8522607757917,"0","0",1523.03595473023
76,5.28699253921301,24.7409997359637,58.0701012561983,23.7193910963833,23.6623936785808,28.9880638018046,"0","0",1337.21655287033
77,43.2069983734256,7.34750381902556,26.4239864778766,21.7540823575109,18.7479800573605,40.7887044729353,"0","0",1958.52195125671
78,13.6764410584836,39.5296139593941,35.526038671691,31.9421387929469,28.2062221891329,36.2303294546867,"0","0",1682.84328521601
79,26.1719992925121,56.4662295587769,53.0292242576091,40.754054710269,37.7798615573369,35.5536186291724,"0","0",1668.93494917226
80,153.88689924082,13.6252403188955,31.0866946072335,41.1309313494712,36.4540312075343,26.9058221666666,"0","0",1264.77915797586
81,20.5470535319105,5.86779822379872,11.8763581041577,22.127127815038,17.738300983271,39.6715584083064,"0","0",2008.16579862688
82,200.624904239735,36.7467678647991,73.28169125694,39.9762368388474,36.5129515768493,41.138223843683,"0","0",1991.70921457378
83,29.8466481451481,34.230233308802,21.4683031303532,40.4565281048417,34.1607970760009,36.8929597206856,"0","0",1698.35072585494
84,163.145403287951,4.11696425424874,18.1911886777695,30.4053040221334,26.6482028824497,32.6991627557544,"0","0",1536.71427217232
85,211.255419300012,53.6380470751166,73.1128436975007,39.690331146121,35.3240144717836,30.024474242811,"0","0",1577.45433896981
86,88.0146528167126,3.61763919964311,15.0008572400056,43.1840765662491,35.6106866089299,26.4340417255001,"0","0",1168.91736680598
87,43.5994047510552,4.70515282772102,19.0080675678019,20.6553058885038,20.2223979100465,25.074905551715,"0","0",1128.8666396313
88,48.0891345486307,35.8366836311868,22.9446508097077,45.3369672503322,45.3547604280844,30.910819402796,"0","0",1383.82314149194
89,295.624568147114,32.2049839646393,8.63246020547282,20.2520131785423,18.2893186869623,31.8968395927276,"0","0",1566.08669520711
90,125.735126892433,22.9213136846959,47.0292857016174,49.8306364938617,42.2932953853496,32.3774133125781,"0","0",1509.19816606485
91,193.777884852849,89.642723957044,11.7556972737868,34.535374045372,32.3326172225237,37.9089701368524,"0","0",1832.6089665366
92,136.956466471533,25.9313300104522,30.9953553658203,35.9231137484312,33.7884549559363,26.4194697578861,"0","0",1237.25943089743
93,51.9945801624553,35.0949871548998,6.78932346863133,16.4129782654345,15.2919930762641,32.4779917460175,"0","0",1515.29257677856
94,49.6864271874749,21.3056157422952,30.2931556756075,10.8126797154546,10.7455031896256,33.6270671449453,"0","0",1554.93529667644
95,148.829220957134,1.97095525751917,25.8871649445272,16.1726409941912,16.1019075730021,34.3193047062977,"0","0",1626.75418311291
96,70.5166867888046,2.96939956662937,0.455017219524459,15.3613146953285,17.95004168234,47.1918825736971,"0","0",2224.72329764486
97,288.017769194294,9.3458682855553,35.202463841982,44.3363609816879,35.8969957864131,43.8871460584907,"0","0",2097.5901187201
98,83.9352648638978,9.70820376989386,21.1753889769291,17.7523186989129,16.3944033574741,43.500237243652,"0","0",2024.57780127655
99,168.519688516603,11.7068006145118,34.6149345293738,44.7842399217188,41.4626723705506,31.2342206985253,"0","0",1398.26785355267
100,88.6555485282759,17.3554674906578,1.60594098794419,31.7809673119336,28.1853950660018,28.7529682219048,"0","0",1262.58190530725
101,31.9250195308582,6.52574818231809,15.3104260513265,24.2747108824551,21.9392209842785,32.7512128881403,"0","1",1590.0195357562
102,7.06614211057206,36.6115051723714,34.3657002505066,15.8361332956702,11.5135666367636,34.6310947563168,"0","0",1541.01559586892
103,475.309252989566,6.24315556437491,14.7039522624237,42.0133366156369,37.0319577352264,40.5122788774406,"0","0",1990.5597249776
104,60.991984502505,52.5046622186586,19.3976435442885,36.5316835884005,35.1536570688878,28.7819171613742,"0","0",1271.20752724979
105,175.084369764155,16.123393737941,13.5040988172667,32.3091041482985,24.0405696838406,41.5114627411769,"0","0",2095.40567835932
106,87.010412301538,43.5585755826242,19.3528601025447,23.3684023749083,19.1725215193674,33.3757958427369,"0","0",1542.2940432326
107,81.372366473778,68.4479122189216,12.2697374613757,33.7638394255191,31.8311962147808,32.1936907877196,"0","0",1482.19577548862
108,123.844332666852,43.1082064114628,35.7928142036058,36.5679003391415,34.5085524069848,30.8633904396803,"0","0",1586.76446242244
109,32.9053216388646,44.3737699223863,63.5279247291176,28.405626565218,25.8310631360165,33.1765350138436,"0","0",1503.18563432575
110,82.3980700303336,148.215765700294,26.2124130545724,37.6519261300564,32.4685846559767,30.1850912680254,"0","0",1353.9701729563
111,116.674186490506,17.1726003183436,7.6731740502585,46.9577453751117,45.579980900145,43.9212872093292,"0","0",2045.1383776835
112,91.4459066074493,31.2801111177333,120.941380850639,31.6110646352172,30.0782491852342,35.0632832123824,"0","0",1617.21119203833
113,143.552355969706,44.3829216673546,56.9625416108384,12.1485015656799,15.0522984474396,40.2011122079359,"0","0",1894.654079559
114,165.573037162191,2.48346303075138,8.80213539661494,30.2509795036167,27.4901499008355,34.461779588338,"0","0",1585.96330069429
115,144.633695304984,43.0171001041225,24.5488259460488,46.5321861207485,41.1760491898987,33.7142888956827,"0","0",1520.22853266034
116,51.0650308785234,40.9803502306561,20.6228289094858,22.6196585502476,17.660298656467,38.337265852831,"0","1",1911.02647083408
117,69.1092455221672,22.8350922607186,16.6332119330087,40.5557996220887,36.007063981741,40.3776062462491,"0","0",1842.66013494002
118,133.07073935818,26.251330079073,7.50082322833419,45.4320717789233,40.4714976017366,29.5291793371559,"0","0",1325.40142006111
119,40.4225413755403,22.4767427083992,49.7047716146232,34.9761192500591,33.1175682947773,24.1852997987302,"0","1",1428.8506340762
120,91.2163417208555,24.9348260437056,28.1571897308882,10.5157008580863,13.1284138850361,31.1270731069422,"1","0",1690.19077133136
121,28.8017160859627,19.2854234302103,20.2851081740278,39.6707457024604,35.3565920992454,25.6338297692786,"0","0",1124.61662529791
122,82.9238123339409,10.8128640738806,18.4786499193103,16.1987396795303,10.9613019674249,34.1163331996045,"0","0",1609.7821736171
123,106.747247671029,28.8966304072904,38.1086687043478,15.9262429364026,12.1903703042026,35.9115429013087,"0","1",1892.17292489028
124,55.5846046119998,19.1542916371352,14.1771315784658,10.7011165190488,9.80504150823213,21.4575015517325,"0","0",1135.8693252908
125,143.996830917319,22.6552610681979,12.2079889147541,28.3361528534442,26.8142830735311,32.4538581720731,"0","0",1514.00815157028
126,124.793704021403,31.9726430342099,25.9712273805271,28.920599417761,26.487317427437,28.3864798079006,"0","0",1309.2776950196
127,108.728048108604,67.373748803604,5.07577946174805,22.8763329796493,19.8342392191346,28.0460262115984,"0","0",1285.46937156134
128,84.4516100141126,14.9585966007719,14.4958229083265,19.4251976814121,15.8034047292929,29.2683260792413,"0","0",1332.72409075614
129,39.677207459138,1.78076306913849,33.5937009242145,37.235557641834,32.0576030097875,34.1883726191008,"0","0",1542.64878126516
130,28.5081134838963,41.5023153785925,78.5903237949755,49.6837887912989,45.5171653510182,24.202065799034,"0","0",1067.35065134983
131,187.655404083374,17.2572241951907,19.4935725702772,47.693042429164,45.9516970739081,35.0129760341297,"0","0",1635.06497828034
132,42.675208150014,46.9572974980853,19.6888850423411,35.1570584159344,35.8266999558272,36.633803634734,"0","0",1693.24169419
133,127.172027389475,84.1680979274963,17.4900235266727,11.0907051991671,9.81729828808554,39.480886666364,"0","0",1881.25169620805
134,46.9425278601511,2.41215896361376,44.3688622935095,18.1529357470572,18.9392517116598,33.0059156324174,"0","0",1541.64165309092
135,137.539558473348,20.1955217594266,4.4368301603092,44.8862067982554,34.8485996684748,33.0736841593383,"0","0",1529.11469386185
136,114.772663849398,0.494883641435859,53.6958375498636,14.5462938118726,16.1354302671459,34.3059418947646,"0","0",1670.70941616802
137,104.569303447633,18.6766748671469,16.8811034940339,33.2251652050763,31.2304987856252,25.6604395545127,"0","0",1182.13637191913
138,65.5165677398723,33.0109454954273,5.55087448454855,25.1166545972228,24.423340922387,26.510206945479,"0","0",1234.26139306007
139,72.0367831852976,13.2404101935773,7.28288304435254,35.4453113488853,30.51034677621,40.6553695722276,"0","0",1888.41850486506
140,128.789537927432,1.32999041513159,22.4780879978216,10.5226084403694,11.541823491224,25.2724842727658,"0","0",1194.37965207384
141,105.660340646878,4.60307209398788,27.4349149884238,18.301165252924,15.0469201250642,27.4578791684203,"0","0",1281.90865182088
142,90.9430408075251,8.99869644317048,2.85437324668612,12.2214796021581,10.2579318348797,23.8855372422758,"0","0",1118.16668288467
143,74.2864939303959,21.6787376706304,32.7306998769926,17.7192471455783,12.7399892028026,25.2175122335275,"0","0",1107.34511638928
144,83.860656788212,35.7516933235291,69.8001490646532,45.4871239326894,39.782356610128,24.6755296277755,"0","0",1070.34009645058
145,45.8342369130721,47.9955440591878,3.80076426720711,16.2284890469164,15.3627483516278,23.021134363433,"0","0",1044.78142218713
146,88.3349268934512,64.764316293525,43.478445113603,15.8397379424423,15.6229173682982,19.1896297460024,"0","0",1261.33290630052
147,47.0957703052265,13.0600290989003,1.36277846332333,49.6944984700531,42.5681352853755,32.2301162897769,"0","0",1397.29807876614
148,246.563394837655,32.7603993301102,17.7672875020975,27.9128908365965,24.2202998787744,30.810689564236,"0","0",1431.28025114513
149,21.7925484083994,50.9744660197421,24.0839408239627,48.1845658738166,43.9277733234643,22.7276071630252,"0","0",1060.00515406149
150,32.6019392034053,6.14984694293231,24.404524131645,39.1976526100188,38.0467037185477,22.5037139808431,"0","0",1048.31664735602
151,115.295848517188,65.3938108763143,34.7649579086569,27.9103700630367,23.8836847626896,22.1341856074918,"0","0",1111.22879148132
152,133.710435530128,7.46495603254177,13.5439795446167,34.1845542192459,28.264946149044,32.6754915927094,"0","0",1497.57662256845
153,29.7048994033464,37.8594717381398,159.614444456101,48.0169680900872,40.885543209523,25.129885987739,"0","1",1441.56727700758
154,95.3660645925759,12.3283265497326,9.89368317098358,38.0183877330273,32.5131165213624,34.4332357297994,"0","0",1548.38034536529
155,21.8559418500232,15.5916136137777,59.1221685789661,12.2370981611311,10.5773202787533,18.7284620812114,"0","0",1230.24183757195
156,156.528376881476,17.8461024485848,51.3058522911873,39.3695871438831,31.7852153601914,15.8976101764402,"0","0",1072.79498375972
157,57.0957814542922,8.45263926899404,13.1869286181169,43.7264146376401,38.0493248681209,27.9018130315998,"0","0",1154.12125003045
158,5.47805540271143,97.4206252604137,15.9346608617096,32.637047637254,27.8864382441573,29.7030361328201,"0","0",1213.91358656674
159,135.15647309197,3.93077701143391,81.0278866402074,23.4316744655371,23.0814813268657,32.3211988042238,"0","0",1431.0821355328
160,7.79613102466645,10.7419545700628,12.4332901847466,39.7732155583799,35.8768421566886,18.5442938350061,"0","0",962.273337570141
161,37.231396537382,73.3523750482023,12.3905187729126,49.1381748765707,43.0820258054682,12.6639725716919,"0","0",967.273591931893
162,87.068231220665,75.3102613885453,3.61103195157083,31.4503803476691,29.3157677288149,19.570337756746,"0","0",1021.4867280218
163,20.6905696042277,102.890408076468,98.0981527544572,43.7094148248434,34.440484084368,26.7753245565957,"0","0",1088.17712100412
164,134.774114928105,44.4159289696153,17.5929889612875,45.3812466934323,45.0579585641687,15.5652872130923,"0","0",1036.46311634581
165,197.942514480673,4.08036368609935,13.3054124026155,11.5171584393829,15.3187018394588,21.2448738704594,"0","0",1079.84255116967
166,74.2716831399177,6.14427656586507,14.1913891012599,21.2105295993388,17.5444110114005,22.0801889062771,"0","0",1063.30096843257
167,54.7593654017621,5.12990779766647,14.7808636125293,44.2430963926017,37.0298309271891,30.0659758758168,"0","0",1272.13935533234
168,116.346040005622,12.1434041687436,20.998237721553,37.2308892849833,34.8811258441809,25.2844707725661,"0","0",1060.14978381169
169,88.9768131803699,13.7564771431758,16.5139785946374,12.1681046392769,12.2248928083376,19.8700336751656,"0","0",1052.78331535402
170,90.1881742686365,10.5158665802952,18.4176830693965,14.0302376914769,15.4472444291388,20.6752147562951,"0","0",1043.20024323501
171,158.634105758048,1.32366574765221,38.3524052582638,49.0372772607952,46.3897423000277,18.6519962282935,"0","0",1026.52524416347
172,26.7205571471344,10.7312945110989,26.8923069418568,13.7473129015416,13.6198110716669,23.256391360589,"0","0",987.817027884715
173,189.082953653912,15.3287963805516,1.75569013871068,11.4199970848858,9.2340748547547,18.7880426429969,"0","0",1074.4033833439
174,133.338455390774,0.407141539888121,98.7991604474929,26.1812129337341,22.8796995321661,20.860969359886,"0","0",1041.59512513567
175,80.5592970088186,47.8346056504697,176.026777140694,14.752437658608,15.1389490168561,24.514205659307,"0","0",1072.53963434472
176,91.0957813488119,21.290199651963,8.53116063778507,21.0208311583847,17.2013784344002,26.4691490111278,"0","1",1327.10330360805
177,67.844691209044,12.1422833436875,34.1026452216982,32.4976235162467,27.2368327057668,25.6498446318517,"0","0",1039.5019196205
178,275.321954339744,55.6304984658088,68.4148498654719,20.1197154074907,24.9532495026623,10.9693615453044,"0","0",1108.6072382977
179,157.957342236326,11.5077257729276,78.482948426752,19.7842494770885,17.1782635013697,16.4165105989845,"0","0",1106.72784136057
180,29.7247532696758,19.5018078126334,19.7575834463546,45.5785799957812,38.7036264734096,26.0244178201758,"0","0",1059.16317232275
181,30.8683690963696,26.9446624167673,37.4937662309815,35.8654400147498,31.9752092003547,8.40627938667722,"0","0",1037.79912004577
182,27.761930207705,34.3709504010947,26.0305078523328,23.5989774856716,22.00314358101,25.7923775482423,"0","0",1082.74904090707
183,86.1379373178247,2.86735574198229,31.5254975313034,14.0581330191344,10.7957313612943,10.385358662018,"0","0",1060.75274525331
184,24.6979775824635,35.2457064254428,35.863228210527,46.5564098954201,41.2225818641685,18.283622441563,"0","0",998.826443695071
185,4.02846820443069,35.1648244126438,43.8438060859037,12.8394337836653,9.58553717217252,9.33219226630527,"0","0",1024.36801953799
186,39.125617457641,16.5411240563152,12.8035705064182,11.7067334521562,11.8925922747911,6.00286378575195,"0","0",1024.29226945693
187,127.699334967736,53.9748174604089,23.5402708101024,39.6172198094428,35.2989933543648,10.2899201782618,"0","0",1040.97669159321
188,10.0759389479261,6.06334846662405,9.84522327753784,48.7928142677993,42.8556697593315,13.4149871391081,"0","0",963.400728122756
189,89.5350642907288,5.62652355823371,19.2680916331695,23.1577851902694,19.6327250958937,9.4850053971863,"0","0",1015.94328858407
190,63.2442839663392,313.87149733183,37.3957195770153,24.4012520741671,23.5495917216494,16.1196837826215,"0","0",1015.38078036703
191,75.291562740333,121.280732053542,38.329153744103,24.668488772586,22.659171454306,14.2501301337682,"0","0",1192.63968624417
192,82.4098284736435,17.5986599012085,9.58562367855247,43.6618382390589,38.6691624293442,11.6607539802768,"0","0",1004.79067102773
193,147.484767478309,40.8074089721693,3.36651054975547,42.0205107796937,38.4817877734379,12.733041816527,"0","1",1302.95651471406
194,8.41608487235349,0.253021993659555,20.7458498479307,10.1680391002446,6.67445747589031,9.56840164803684,"0","0",1033.52664568577
195,60.4911483275796,76.3887679165242,16.2471518717902,15.1319311745465,13.1584612509396,8.41654962944282,"0","1",1304.07629496493
196,95.570267508149,16.836346556624,5.67344099055493,10.3354351688176,11.4799951734763,11.0548323751663,"0","0",1096.29782890568
197,35.4847017673751,17.6839397683064,25.2416853321455,25.9119373746216,24.8011548345166,4.02117051537411,"0","0",1040.70656091125
198,67.6209932697032,22.5011614595604,19.0028103336903,42.7673875726759,38.8706511754085,13.7241423506306,"0","0",1024.54022026438
199,39.0859605243919,6.29686353981424,71.8113650313783,14.0200498886406,12.2941096788178,5.44696701219208,"0","0",1042.99776432199
200,93.0255061022145,76.7970277704395,12.3360028498124,43.514185603708,40.5306815102488,16.8692122091674,"0","0",1021.37917824954
201,181.10152685313,36.3662002825545,21.2370453516866,47.0123745966703,42.4186894369006,9.8091131616567,"0","0",1042.81782091778
202,34.542766411071,9.97680775969832,9.68620047026375,47.7657120674849,42.6210458634338,10.3790928145526,"0","0",967.50979807259
203,198.808635013947,9.72593344816957,6.27835565173116,37.2341964580119,36.7812153830675,6.60017255404244,"0","0",1038.0453716188
204,65.6004028672865,0.274513693336759,5.90267979235868,36.5673879906535,35.352012775007,6.4909597101982,"0","0",955.617199492866
205,82.6295013006127,33.0591251409198,26.2709880935063,30.7998984027654,29.022862539941,9.28127673840454,"0","0",971.955866758645
206,72.1136623710227,74.1825046618222,71.2369144723697,16.5696661546826,13.9028032389877,-0.37629794046409,"0","0",997.455428647456
207,171.206524389306,17.1769681675228,61.642394413543,41.8967903219163,34.3320459302581,4.42888415474195,"0","0",1013.16131245367
208,47.1968281120093,6.79926625582208,92.8185338101065,35.5895678140223,29.2497281654799,2.91794687762711,"0","0",967.951465444018
209,189.274531465622,43.4376986419152,18.0760036765141,46.2030842620879,45.2762154722783,0.340280278320978,"0","0",1021.5894848542
210,88.0705531449746,29.4363299956012,34.3245782087062,26.1334992852062,23.2269693239374,-1.9352802422488,"0","0",1008.57057920505
211,60.2423739860576,26.192758615266,21.3679371673061,22.280921144411,17.632206817321,4.67094218346725,"0","0",989.655157698407
212,51.3157911890583,6.57934964359478,70.2592726167219,42.3332269396633,36.7970980603503,2.43804214147591,"0","0",1133.81418068278
213,153.214251048216,34.2026167889581,50.795140301742,24.2632933147252,20.4715301180234,13.2413934922315,"0","0",1027.06399475283
214,69.6713346711261,76.6905157399078,16.8847676223231,45.3493344318122,40.5551581605925,11.5315681341637,"0","1",1209.99505715609
215,65.0890130958512,25.3066830729595,88.5733025684336,33.2295346539468,30.3316028413579,6.0878971673414,"0","0",972.201619818119
216,71.9659255370959,9.0135406405191,20.4592313667513,42.7298717387021,37.8424794539317,6.20141901330197,"0","0",918.993555624253
217,100.459333404133,122.056873961158,36.2699837004462,42.3103698529303,41.2637802380624,0.885582041300193,"0","0",935.644978431596
218,2.90889683126824,35.9775043480602,21.3797262549414,11.6204042732716,13.0651691253996,0.595261598913447,"0","0",899.586909596276
219,118.221658920856,10.3582828126693,73.4160796224012,34.5517591014504,27.8838286186446,-6.11745533911064,"0","0",945.35887263656
220,116.089045939388,18.1770349157587,37.4043869980087,25.6172163318843,22.8541217144207,1.37206630160119,"0","0",1101.12646917261
221,93.2501758781969,7.41495761282972,48.5876884471142,32.4815727770329,31.197609208819,2.34727133397659,"0","0",923.43336045612
222,94.9621930646393,1.22223283343979,17.1549187605159,32.5802696496248,27.5225960343282,1.69262862990337,"0","0",926.263342604588
223,76.1510217972831,26.9474734444685,53.2671664965673,27.0038758032024,22.8353923624667,4.14598998365147,"0","0",938.934657658157
224,54.502513569575,11.8351070926335,11.6340797170879,47.5723255611956,44.1986294270141,-6.47275446461496,"0","0",902.89994825122
225,96.7923736587496,13.6893282154232,36.009885640212,21.3059182837605,20.7222433881077,-3.30651715564957,"0","0",963.040895100226
226,24.1717158738732,43.2842559851825,29.7217150143557,29.4235485512763,27.8544353435252,1.36885883292744,"0","0",926.85015857193
227,78.266616211432,34.3237575595575,64.9856740246057,21.0791357047856,19.818563606472,3.77893106580747,"0","0",961.18132367889
228,496.321534456857,14.4464902583952,21.6539272860507,26.6135238856077,27.9792983072041,3.58276179236138,"0","0",1084.01990555055
229,212.032887798613,32.8784318862722,9.85598019265909,20.4467430058867,16.5229009035865,-4.80048260836071,"0","0",1143.40862721501
230,118.657136359985,93.5428250676935,18.3737329569088,37.938588578254,31.92434700892,5.25874601974136,"0","0",925.722212532903
231,33.3550598866718,20.5761667608307,5.9965306876223,18.4006579127163,14.59537795043,1.8768853962244,"0","0",922.652190490027
232,74.8016536384442,6.4690666242142,8.69536031609813,18.2558789011091,17.5679661123387,-1.44656318563174,"0","0",920.456068813528
233,26.4454679506823,63.1681387692307,14.2253807283891,26.8033668678254,22.3976830244823,-6.12064655976326,"0","0",873.64162487871
234,56.7393225623249,47.0811125815717,15.9441268753192,32.4000734463334,29.1062754233495,-0.8632682101899,"0","0",888.971395413099
235,39.1900297483074,26.3218066091414,18.1327330062182,10.3311660978943,10.3429961742414,-6.40478080021272,"0","0",900.098744633256
236,111.985965828452,6.75741174179679,15.0722099746349,17.7538549248129,16.6364028183251,-6.38602814870074,"0","0",940.352131142893
237,24.0013075391296,4.65999788165639,20.6040842887938,34.8125043790787,30.3187481471687,-2.55445905411581,"0","0",891.558069493565
238,78.4486559094194,11.0653416210231,78.1236280998344,40.769658870995,36.3169975632356,3.73128024192842,"0","0",934.857875005152
239,47.5809450958719,4.77563586930642,106.350530174274,16.5123164374381,14.4766664162,2.55094550198285,"0","0",959.966193165072
240,82.0686393804613,18.6220695232447,10.3627893561156,10.7005221117288,11.6071337151289,-1.53646337094875,"0","0",978.513283733647
241,39.5490261854413,7.20254280147323,53.5323556374532,27.8267895709723,21.0234430334004,-4.50445267848577,"0","0",955.090090248716
242,55.3915983754179,64.3301743496108,51.5708196443911,48.1715282145888,49.0387127659967,0.16269025687643,"0","0",946.226859556511
243,72.1464982119688,14.3981024792276,20.6832310631635,29.805663516745,30.3924541374947,-2.06924514964298,"0","0",970.752750731152
244,57.9081935182884,21.7436917795933,62.0861401142134,49.1805334296077,45.7479065456133,-0.791436202866755,"0","0",927.835413719051
245,139.891501364185,47.6962037841195,6.22051053479052,49.9420838523656,44.5304577718723,-1.50866568077461,"0","0",943.77025469712
246,66.2867350606751,9.98394583602766,23.1741439852966,12.9943206906319,8.89426175951352,-0.534448792869241,"0","0",958.168347217356
247,93.3722597046673,25.1309091192566,34.4106144684481,35.8216370455921,33.6120787077312,-7.80866536480599,"0","0",949.484081448022
248,156.711593864082,54.4270636225798,44.7556278222207,22.8315431531519,21.4903989607068,0.0439225868232631,"0","0",986.446514177727
249,104.682494523853,39.838342909754,24.5400476049144,43.2026686239988,42.9178632009077,3.07425607179321,"0","0",923.094070690003
250,149.779977649611,10.0308748941303,74.2010785449986,41.7470964137465,37.448542798231,-3.94527162758518,"0","0",945.513082508791
251,46.232740208823,20.6961344022751,22.7080346958201,47.0362130273134,41.6586955444444,-7.30232560391008,"0","0",889.427163996299
252,150.144101608504,8.80538678706455,13.9605323533992,21.3283568061888,18.9887803921548,-3.94707647270714,"0","0",978.801737654653
253,106.648201688492,7.12226331734999,18.5694801080607,37.8772496897727,33.9969403855921,-4.28596556507279,"0","0",961.335040303765
254,135.672118045335,23.1179997920245,23.6239520931178,11.5221259277314,8.91106674988611,-5.31780947913444,"0","0",1018.02042280851
255,41.0244506356421,113.176579669546,15.2322111722245,23.7386973481625,21.8632794932487,-0.898270614522326,"0","0",968.797477641633
256,149.392682374726,14.7697612560822,115.373297255506,11.687051737681,10.6027213100898,0.206273804125936,"0","0",1062.08840275443
257,42.2626337685307,9.02274294383193,12.9743173871647,21.5099668502808,17.1392789693065,-3.02590842912292,"0","0",985.190526744375
258,121.514824961625,21.5864826019735,83.5949580069021,20.1774547528476,18.9865142435545,-8.2688181789861,"0","0",1049.67276008896
259,55.3025291248663,13.9044370859816,25.5595997036789,16.9632893055677,11.3768600528797,-5.32778521736873,"0","0",968.285676391775
260,55.0569469110349,8.45493006638666,42.3479356488147,16.9121779780835,12.8740868897149,-9.87787510385119,"0","0",959.570231320796
261,60.7733490552759,34.2002280771342,4.57511405535614,22.2418088000268,19.9192239519164,-2.64677841664299,"0","0",948.229589998779
262,169.662925514575,5.41732503804992,6.28021289418005,31.3544514961541,28.2247097660434,-15.3357443412531,"0","0",969.788677048935
263,63.2626865186822,16.3295040963969,67.0717053057362,39.0656485315412,37.5875298702348,2.16863911584148,"0","0",923.182626904531
264,13.6906912494739,39.0716790890432,31.8663869506647,48.2280788011849,45.8063763057231,0.715785310773624,"0","0",855.392043709824
265,124.411454235056,36.1070039506154,40.7965099272949,11.0160864517093,12.5699586393628,-0.328278772224804,"0","0",966.817191279049
266,279.83353112346,24.3131784978685,91.0996237199847,32.7662653196603,30.6736948254044,-2.64121869751189,"0","0",988.550987330086
267,49.2928545955021,40.6700566450626,2.2843256172247,49.0604825690389,45.0330066843857,-4.42306362787019,"0","0",888.551847250312
268,81.1076768550151,63.4794949205366,9.52106422573762,15.229574656114,10.7136141802394,-1.03787954452487,"0","0",936.95876410953
269,110.269481475725,16.6274929505812,9.92831209769719,33.4877825342119,27.3932947154652,-7.02319922239516,"0","0",926.077066625867
270,115.675040241906,102.859239387897,12.9491888013559,27.4635496269912,21.4546566882457,-10.8908700768865,"0","0",952.127421756587
271,47.5249458596099,11.790948238143,9.57921053819321,22.2408302221447,19.3749578573017,-4.64676306592705,"0","0",934.851329967973
272,44.3838493533927,74.5327341920364,15.5960600815914,23.1842635013163,20.220553562394,-0.807574656933864,"0","0",947.157229452581
273,23.9844123841063,8.93201654167611,45.309835898067,15.8474146109074,15.1861235237616,-1.44910335656199,"0","0",924.761013692289
274,81.663402209442,6.28560210014013,67.2874672859902,29.8386366013438,27.503089371019,-6.40176968064753,"0","0",1100.18257665066
275,100.736281472391,89.7522592543729,13.362941162585,39.2482909932733,37.2952025558874,-8.22454647787081,"0","0",908.156029886023
276,43.6638698495755,27.322516235115,15.689553883572,31.796313887462,31.5093268129766,-7.67779159181323,"0","0",1055.8490995373
277,213.800324984557,14.9731771273206,1.1356378242612,11.9156017806381,11.4176996121636,-4.59050665861686,"0","0",967.32323261977
278,27.5530794364094,111.147152499173,4.56567643339688,22.6293995790184,21.004983432718,0.424944805553066,"0","0",862.251290377768
279,88.994613660546,46.9894709690743,37.2988700695345,37.08679898642,34.1935820251416,-5.47448298069545,"0","0",870.558741533081
280,6.98704655400894,229.105682687875,34.4178519533393,45.0173821952194,38.2782002340619,1.72676839157255,"0","0",812.328757419444
281,143.63428632166,17.8293795651992,27.2930235064266,21.0443507041782,14.7305980836545,-5.18830075176343,"0","0",921.693405162876
282,115.7598968251,88.4995968367938,18.9942000175604,29.6888217143714,27.6943168096382,0.95658608997995,"0","0",1059.43590954311
283,158.861060929022,24.017568180233,68.8288961519417,39.2686018813401,36.6203345770729,3.49153130784435,"0","0",927.84787005055
284,51.2610903211653,20.8142737072429,31.1657986656325,27.108940416947,24.5063990831238,-9.31143875294748,"0","0",906.06007302971
285,63.0252028798825,10.4546182285139,25.3385718255238,33.5026563704014,30.7042343712452,-5.97179839608199,"0","0",916.73806087253
286,24.5136105187053,25.7468991301297,5.36250134041966,47.7659511845559,39.0953002312764,3.80266288501381,"0","0",872.894484483449
287,35.9012056114121,6.42384353947494,68.4104016021285,27.5228804722428,22.1967386014223,-11.4100332858933,"0","0",1080.08873723416
288,88.1207646884799,35.1939775404296,18.9767627972589,43.8854734320194,39.4719266826474,-5.17994342122756,"0","0",1414.32474502681
289,56.6117866588763,42.038445583381,35.8379409421432,24.2798836715519,21.533974896211,-1.50449192560893,"0","0",914.248843651823
290,104.518289405698,13.5625913828184,32.7994168913609,27.0870075561106,25.3466778644763,-5.60754673692,"0","0",920.628655041719
291,241.921670440258,1.33259335295743,4.35862969984565,22.0222963020205,21.1464367093058,-5.23446807474604,"0","0",985.036068228279
292,161.038028448353,4.78319595853517,18.0501918676814,30.3014788590372,27.9595532852654,-8.16623195089655,"0","0",930.294162286094
293,124.41255484731,53.6018788962245,11.0181911596475,37.6861709356308,34.091640289709,-7.37324370467049,"0","0",1055.91748479756
294,25.9624075503347,93.5044802881705,14.2404104774894,11.268973601982,14.0038818870694,-4.90119763863463,"0","0",865.323368718527
295,104.102638190181,8.07710550041831,44.3602034958569,15.1092092785984,16.3086713124663,-1.5142804667302,"0","0",935.555623401847
296,114.042646697502,4.74763563193193,35.6031352207448,22.7894461620599,22.3511274981976,-8.89209768565023,"0","0",917.100932924361
297,99.8259516337455,19.6889673575179,8.69113137521411,27.8171177953482,23.8342281237569,-4.03686872090414,"0","0",925.920579081
298,32.2645463221737,35.8685175302989,35.8437104817462,26.5961515251547,24.5223636935876,-13.231893665505,"0","0",925.19777378779
299,26.0771865727563,1.69740139963342,34.339013338438,19.3356204498559,16.9501409727267,-8.6426470763547,"0","1",1175.41763725368
300,64.5492714978955,47.4404547880837,31.0943466443556,48.197195827961,39.5151860796957,-13.5319543846329,"1","0",1122.43589816256
301,55.6502042676544,0.972429793149149,13.7534027379561,13.8893215171993,10.544794065621,3.85454219716982,"0","0",970.190241843374
302,58.7455083746372,24.4897674852513,3.06558257253043,33.8844371773303,29.9174660107404,-8.18924470723245,"0","1",1203.97537907175
303,165.583828971158,27.4776323504681,57.0449189018394,19.2913543526083,18.032704365758,-1.95210938721378,"0","0",1029.65672206871
304,223.626755591165,201.047085583987,50.0549563344946,21.3654683995992,20.1411195769526,5.98687010046443,"0","0",1030.52150931015
305,153.522015057859,9.28831573951793,0.598936019098385,19.1983503848314,14.9624473603206,-7.43264863402825,"0","0",1501.99927735007
306,189.467340862637,1.55983771510425,51.0891800582639,13.9682275988162,12.1297908879516,-0.677320754053474,"0","0",1022.29689142173
307,43.1447663359379,82.0294364658903,40.7389668929492,46.2035585008562,41.6829912702262,0.847069341059346,"0","0",905.4491399404
308,119.748373579978,0.470933977440251,30.9379753617485,26.0363838449121,23.0509891333878,-3.45423621516608,"0","0",944.943556207515
309,120.554321214785,31.6323452312624,75.8854722810368,16.2693102937192,14.3630648336206,-4.82099434249637,"0","0",985.040458630533
310,159.868408544111,28.8531678223838,69.6653650791548,19.9428979307413,20.2056305875806,-4.59230843822021,"0","0",987.35282650002
311,31.5568226330235,24.9443675121584,5.51504946851096,40.9473553113639,40.0291015343093,4.7694521081459,"0","0",915.432819069257
312,79.4714132929143,42.6807918130971,7.06629155097412,36.7254256177694,32.0093692290441,-7.21370227322101,"0","0",947.362422914389
313,88.2658449534094,8.46986439823588,79.7355954012328,48.0569815076888,41.4098183207904,13.3064758752793,"0","0",975.026181558226
314,64.0801121553146,40.15216976745,43.5926557836617,28.1642261147499,26.9392797633433,-4.78704282688657,"0","0",981.818968288526
315,11.2143620035777,43.3354376779861,15.5082284718683,11.4228144474328,9.31549036635246,5.46590900017817,"0","0",972.692941035592
316,34.9994059426344,1.26660155590005,57.8299875273329,46.9729154091328,41.4784566326189,-10.8497977104165,"0","0",1121.70951254148
317,45.1986867845926,5.58372229238833,10.3700731421726,10.3702542372048,9.40825034721766,-5.41169477440615,"0","0",1006.49767930108
318,192.736677308549,32.1113778655709,9.69009235529851,47.0369914732873,41.0286199552222,4.11183439180878,"0","0",1023.96217950876
319,49.7538981818769,48.9223846376125,64.9053283947709,40.6194842979312,35.3488160145317,-7.22816153819009,"0","0",1151.14669214358
320,171.319728098086,38.3208166552235,15.1975606806217,19.8475995939225,18.3396254005996,5.30865911133693,"0","0",1185.66095454605
321,52.5363286258543,63.2791667416835,54.2433825775799,40.5811155773699,35.3625268422042,8.02186116796336,"0","0",1107.15841875913
322,130.217234801762,15.4774136117573,16.1120433408784,24.8981448076665,25.5609197527366,3.55739440004169,"0","0",1129.49040355217
323,340.445530681426,12.4679424536225,27.8206061217185,49.7014760319144,44.803700452695,1.88430146425538,"0","1",1275.06539691011
324,84.0808260503551,47.7868627100215,8.11226548684964,20.4526194836944,18.069296267029,-3.63988795507784,"0","0",970.055053959674
325,58.6523430633434,28.7399381045546,5.58227907288004,18.9242143929005,16.3021974750847,-10.1680529697631,"0","0",958.635490271477
326,133.324792753484,53.1670094575299,25.6917959408914,21.4207098726183,16.5304724964661,-7.51369651497608,"0","0",997.630570833317
327,27.4360559421617,16.9308983701052,76.7912054735294,30.4554712865502,27.9504563659289,6.20064598250753,"0","0",956.24678550988
328,9.41608905314005,21.1195538679565,24.1411654501013,19.7475482616574,20.0801491774611,3.36954529034654,"0","1",1144.83867080483
329,109.107649462437,1.39426486666014,3.75936035456636,13.6722242925316,10.9133989367183,-2.15160511948503,"0","0",986.843669983048
330,134.283379222822,7.16551403026635,25.615152676963,32.3914757743478,27.1940120343374,3.48263833588878,"0","0",996.441709499276
331,96.9765164993935,135.500804424634,21.0307867891345,32.7927788626403,32.2469059700522,7.45800704558262,"0","0",999.372871239491
332,24.1639457308439,28.818428518049,21.0284507959434,44.5391640812159,39.8642715877965,1.59021428102871,"0","0",942.353265511529
333,150.688935135399,69.9945547818488,54.3271055651042,25.4980477225035,22.1634628192758,15.8202458420372,"0","1",1244.04684967836
334,60.4697816299581,38.519305562452,21.1367278382845,44.1806432884187,43.2862356460814,-8.35782503641239,"0","0",952.477065792647
335,112.56689102996,29.0723867256653,37.1510724818983,46.0264020878822,41.131658155955,5.99354736677613,"0","0",961.861637570867
336,165.601835794114,23.9320028540201,23.2694558596935,19.3268315587193,18.6638948921677,7.96206082863318,"0","0",1010.78588577065
337,96.611391956621,14.8283372339961,11.5310171035891,44.5511492993683,42.610708139283,4.28452348554821,"0","0",933.632314052453
338,71.0931246430102,107.519273699967,35.0788301830827,21.7251787800342,19.6285923970062,0.947423814833785,"0","0",933.643379887737
339,145.874033144045,84.312833815981,42.1222234874119,34.0740400739014,31.5114686402345,-0.959157942762475,"0","0",965.897333829702
340,97.7883647306727,0.226446363976276,43.9315976621141,32.509808531031,29.9055958081009,8.01559738066019,"0","0",939.270913875436
341,85.5345392470857,27.7983658710691,15.2389787133381,43.1318816822022,39.6912203334051,1.30113152483819,"0","1",1125.61434446519
342,149.229840688766,77.8696027696196,8.27825440597085,30.3098793420941,28.500469197774,10.487235445475,"0","0",965.089962632942
343,60.5944101414466,16.4296159394544,10.8130724271244,24.7389808576554,20.7803089263973,6.1665073828814,"0","0",954.052601217756
344,69.6274308241063,13.7530050556483,59.7358182546599,36.9678558409214,38.2939194225987,6.46972311796167,"0","0",971.57096205043
345,3.51838173442571,11.1752797212626,74.0372422010034,42.0487665291876,38.0631028231469,8.77552288299529,"0","0",934.22134964816
346,32.5199301654304,35.666076115448,6.4837570780981,14.8325313441455,14.8754506394032,4.33284541473215,"0","0",974.0063846891
347,22.2015614898773,92.4977788044357,56.8690243780477,18.0513041093946,15.994110437608,1.37534025200653,"0","0",988.067099880147
348,209.939723595062,1.28990470504775,11.418296859542,10.9892875049263,7.0576510595472,13.5772319834163,"0","0",1081.06814273074
349,121.867105396834,3.12865388555598,27.0069042679471,43.1628179270774,40.6509287227359,5.32771386860923,"0","0",980.604266731498
350,69.115690202023,64.0565374391088,22.585551340994,31.9254137482494,28.2953436988266,14.4415146091738,"0","0",979.321115512711
351,55.5808445916282,14.1824065899208,34.0314454753568,18.5550995077938,22.9305345695627,8.64699147510875,"0","0",996.630747346341
352,203.914861715555,35.4345088244063,21.7418011515905,34.3962468672544,31.223336292368,6.84985496393469,"0","0",996.944860870174
353,47.0653401223877,12.8743283991194,42.5641361025951,13.8075319491327,14.8298327077243,15.7971000849559,"0","0",969.571979250092
354,168.0157295746,11.7827742941137,25.5479252907439,43.1149681657553,41.4632878853613,15.7557013837257,"0","0",978.687491860516
355,177.554059217535,0.172899432039126,25.8704987619909,32.9270235355943,29.269554635001,0.128950845085932,"0","0",1012.50372850214
356,83.7424065013962,12.139601574219,67.5505023785076,20.2184702642262,17.6143322598558,5.42160218219832,"0","0",1008.92871008651
357,104.098541193773,29.793994347278,63.8958691752705,31.9853379763663,30.0823446896528,9.38532389785596,"0","0",1011.53223441608
358,248.906427140309,56.5737113259847,4.31271762695112,43.5660452116281,35.5711657249991,4.02770659712808,"0","0",1063.55615575902
359,118.240834731636,36.1942754701594,18.4683794193843,43.1687148660421,38.8123264007693,10.1610898828415,"0","0",1013.95742168262
360,68.4786695765209,28.4573596146575,17.877396757677,34.9615925457329,31.4683375775626,11.7368952000896,"1","0",1235.59314203928
361,62.6217649389363,3.14451372714208,16.290988708558,43.3877443615347,40.0679403984496,7.73080674892222,"0","0",1005.40090553659
362,8.27730894333688,15.0988953843009,8.57567848653402,34.6550116594881,33.1787304467875,12.009808495901,"0","0",990.857412279814
363,107.811313146056,8.33284687535289,18.7221146180942,45.7093303278089,43.8550503517325,8.39492652478491,"0","0",1041.47439269807
364,135.155339630536,18.4992795338444,13.3644934903363,39.0262108575553,35.8223664747445,15.9073284790437,"0","0",1057.58808573742
365,255.519150840499,27.7879880652797,31.569019448339,32.2226072661579,26.2554536452782,18.9261152925174,"0","0",1276.27515920193
1,130.016567301939,2.46408454875424,35.5561346643483,26.7406839504838,24.893169567059,15.2648306739041,"1","0",1290.309239289
2,272.640269196437,23.115502496737,10.5587022220054,43.8155211880803,39.5408481515039,15.5620701185343,"0","0",1268.32383218271
3,164.811779664993,3.22950169688795,56.4931974828719,25.4338788520545,20.5223513799852,15.0280663555608,"0","0",1118.50339805962
4,46.9314354556204,2.64121354871643,45.4379658110605,16.5946927759796,16.5509866150906,17.5823229555411,"0","1",1115.99242043474
5,64.0127595775457,106.877179395161,36.0560580123877,19.0048926137388,18.7499328814353,20.3612492413936,"0","0",1060.77435825232
6,89.4699887093646,3.37828501601211,31.02269811096,36.9082775525749,33.5651308566881,18.6621550088787,"0","0",1051.5536652515
7,35.0776197831422,25.3786867656488,5.28302067268669,18.3445614948869,16.8548496414573,20.0001613752343,"0","0",1180.36276283113
8,40.5318972666252,48.2969584740217,7.81320491735217,28.3979226369411,27.3349925310591,17.1683363668091,"0","0",1015.15066287238
9,58.376197662152,14.2594445649814,67.3164067054293,20.4223279282451,20.3523948149147,23.3714985261439,"0","0",1037.25143560862
10,71.9437070419876,52.0445576135256,10.0683435709988,30.2566234115511,27.6321285864155,12.461102719797,"0","0",1032.63615923137
11,187.890023469925,9.37673870519408,38.5316777736394,14.6001632418483,10.412084175967,25.8278031440976,"0","0",1152.24753835272
12,183.361942864175,3.03645897136056,24.0635199026516,21.7870687693357,17.1004504340739,13.8852513794004,"0","0",1136.13909407886
13,137.956374103657,18.9289661328205,24.0758631885666,14.4098865892738,12.1468999318829,16.5326144723558,"0","0",1120.81626629672
14,48.3318838059557,67.337970975407,15.8334398090222,12.7599477861077,7.99728653828209,19.5759064511817,"0","0",1078.87802062545
15,20.3275993859226,10.6986891200757,23.0556515548463,49.5648186840117,46.251233235679,19.6189962360046,"0","0",1038.36253119941
16,51.9074465113461,56.0044432790641,12.3744774557478,37.5844001211226,31.5429763858903,22.5300825124008,"0","0",1072.86527714423
17,67.0865813475957,27.8278962801855,12.6650577486211,44.1598768252879,39.9646883003916,13.2919387469966,"0","0",1081.31614038569
18,290.942150291163,25.5469206470954,6.03479075276686,41.6617157030851,39.1363087981412,24.1686323900794,"0","0",1169.03245310534
19,18.6726968072167,55.421466896063,44.3014687150579,35.9166249725968,32.7790620620443,20.4018152204983,"0","0",1057.46160476366
20,33.3353482779401,7.88088174872172,9.16758557006798,34.6999870054424,33.1185113560214,16.2075166775562,"0","0",1066.86507551202
21,81.065601446687,76.489684277141,3.1448970209139,11.5665989462286,7.59350999719774,26.1663072056681,"0","0",1137.42232023572
22,12.9580998084295,87.6880512541414,26.5767008955685,43.5384245403111,38.1265262760873,30.9144872163248,"0","0",1326.5447082048
23,57.7019100226875,1.60035273232569,33.3123296320797,38.393764719367,37.3734422515763,22.7696221370514,"0","0",1039.60934965543
24,91.9899400615047,2.96472178177726,40.7601373863608,49.8549378570169,45.9805504179977,16.3263353819049,"0","0",1057.50294685745
25,97.8259466526405,16.9030296510477,46.4119566595913,41.6548929270357,35.6356354319588,24.6101937232922,"0","0",1063.96323550764
26,79.0208799270906,38.4475931605176,69.9552210150779,49.7191666252911,44.5941617382191,40.4072825124076,"0","0",1985.80424903595
27,120.299350083359,16.3382843341053,33.5889175705474,19.5738013274968,15.4316042317642,27.3801021949451,"0","0",1227.16889762616
28,22.8678575270986,4.58088652633339,42.856400553663,32.5574516691267,24.2509802949588,25.5589088343708,"0","0",1078.0054923501
29,18.2789290956232,0.235580598582373,66.278806980333,19.5122296735644,20.0161855589852,32.0265046342737,"0","1",1503.21489673423
30,67.0917053085339,123.667488074101,40.5136418734859,20.7074265182018,17.5554735559106,24.2535274091243,"0","0",1112.12245521742
31,336.013787746068,56.6204175212233,31.0041039271346,15.592077318579,14.0961527118204,15.3708161229633,"0","0",1212.99730355484
32,80.775397887481,26.9774894887663,5.68211151681671,27.5314322579652,21.6828287869766,22.3575450886295,"0","1",1181.65105030628
33,78.7351440821464,12.5033528246556,39.9985718499057,34.5635291840881,33.4329257646443,26.1858600192792,"0","0",1170.88458737677
34,70.9803080187949,1.18839842357881,67.9586980803509,15.1484885718673,8.53069815766378,27.188474706468,"0","0",1216.81951626938
35,110.356989136503,46.7636124986271,10.4806271628974,45.8843783196062,40.8220658451353,33.2922855850973,"0","0",1634.01513650478
36,237.963354971205,28.3955739499548,3.74940883566102,33.373119039461,30.295005936207,26.1607779214437,"0","0",1172.74510563143
37,45.6658833070785,22.4544338922566,11.8881963671843,37.4063437990844,33.4669640122801,30.6586333911799,"0","0",1304.48495563739
38,131.345516874798,75.901618756929,22.6257696356686,36.0540997423232,30.6805781045195,30.6972310099158,"0","0",1348.86874773655
39,179.993982514498,4.20629840525955,35.4292461501641,28.8210692536086,21.6650209927336,26.853289156558,"0","0",1170.60095895157
40,38.4984811227622,13.6411920443407,15.0159602265508,14.8267969675362,14.7261719493095,29.8514680602318,"0","0",1274.91177671474
41,93.9035243312617,3.00045264528898,87.9884808948429,27.1415767911822,23.1892104763003,27.9399670633409,"0","0",1226.7539907573
42,199.682752622329,11.4932333414564,27.4812715755273,31.6749778483063,28.5580160247139,28.3861663675405,"0","0",1266.61466867742
43,58.7954889099581,26.4176467235299,54.7551574385622,13.4828366711736,12.4414648468486,28.3789716932023,"0","0",1265.47031614696
44,62.7101399600322,23.154035561754,8.19648566195791,42.2607670538127,37.292049162829,34.8036502632359,"0","0",1540.28854055461
45,118.368714133571,3.680749366854,20.2261695039886,24.9487340357155,21.9288654577052,40.5900074435443,"0","0",1889.69209524709
46,61.911662506275,52.9295859089758,7.85555095583013,31.2247614469379,26.418429585758,25.2538712636123,"0","0",1236.13225175611
47,108.593711832455,80.2983466940351,1.29404386794872,40.6506401672959,34.0726513187771,33.541115897524,"0","0",1507.20173774352
48,69.005549221167,1.76325382264323,24.6078610386264,22.0699292514473,21.6858183966584,27.5293297614753,"0","0",1214.46233907502
49,46.719342671289,60.1633551896421,61.2431589251732,20.59759686701,18.5828820321704,26.6284684381304,"0","0",1166.80044004526
50,152.388628825669,2.02681443611851,12.9255822553574,43.1218834128231,42.4340317864825,23.0501989374647,"0","0",1089.92308941094
51,10.3396861728115,79.2593272617052,50.5004497140376,30.3264555241913,25.4445555821301,25.8736091672545,"0","0",1090.17455880594
52,80.7614188672091,9.50409501517297,4.19975246557162,14.1202921234071,16.567251327027,28.1217938819591,"0","0",1245.96029488963
53,123.47853068806,14.8795848028764,8.85456592698479,23.7079727929085,20.0547869782867,27.9483624245858,"0","0",1249.08111608253
54,143.684218449513,30.1961706240495,33.9663988276145,35.5222872737795,32.1564858336879,36.6501708085795,"0","0",1689.64755667983
55,134.312261683992,15.9886940741847,42.5435430704197,37.479975707829,34.299315943383,32.5013574480272,"0","0",1461.12345866325
56,56.4453425851075,50.305753307218,41.4273756460273,31.9991069752723,28.9696179024444,30.2529556199762,"0","0",1470.71593120685
57,286.905382276244,2.74756656553697,52.5624919839362,42.4484754260629,38.2873708595187,33.6242873724164,"0","0",1606.48990440824
58,8.24582175278682,7.87079950135187,10.242408539035,31.3622413016856,29.6682726772045,33.6155434055409,"0","0",1476.83740095634
59,21.5588576973455,22.4792958472949,21.065222023738,35.8509961608797,35.161768718659,43.9252102669145,"0","0",2003.30570738103
60,52.4741928656959,8.88038696228043,19.7660213943483,10.5678897164762,8.03987352743926,19.0220888926358,"0","0",1134.75467768702
61,43.0979563266635,207.663351501893,3.73214545379337,48.8138120062649,46.0060176142766,35.9586653327092,"0","0",1634.09380087901
62,175.658068763447,1.28866919029403,31.2859007940819,39.3306167703122,32.6497196013056,29.8299196814608,"0","0",1404.32418600765
63,49.6602216781547,13.0850765172682,44.468865573377,25.6472345255315,25.4919681460969,40.4553616020561,"0","0",1905.20951062721
64,83.232842992253,173.672851392812,14.2568287365434,30.2644864004105,24.2075516304074,45.6410069036047,"0","0",2166.58504180123
65,48.9867188996344,14.4520447744018,19.4843388359175,22.6648328639567,20.1471004490098,33.45330178015,"0","0",1563.30907496388
66,248.391975040983,0.999221270303831,11.8732420123499,35.7912169396877,30.756970256082,28.8562803419469,"0","0",1376.61799765832
67,194.784396704781,48.387388188442,79.9331530797818,14.894133284688,12.9227975007769,38.8579682038962,"0","0",1904.06441197327
68,61.6180441616678,10.8395276572212,77.4325575604115,19.399970350787,19.7401209290762,34.3138899688219,"0","0",1593.55801972927
69,129.30972007239,14.8292636228598,93.614147908435,43.3906904608011,41.7460862901558,31.7713833825587,"0","0",1477.07726688349
70,34.0274184455787,125.671506367173,55.8695096613835,10.9782322123647,11.7586025581991,27.9283616773646,"0","0",1282.67271487674
71,82.1838580529543,73.5028520361855,8.11047238696418,24.5188821107149,23.237780492822,42.9704616976935,"0","0",2009.74041067519
72,43.0378973059296,28.1815903973122,12.8709610053515,39.2055148072541,34.9338960888987,31.2168702987166,"0","1",1536.2263127921
73,72.6825928005791,67.3298032665786,5.87765167627433,39.2564237397164,37.0351072915932,33.6566673059788,"0","0",1561.83102428606
74,126.091482903306,21.3897379571621,45.7690747187809,20.7521038409323,20.0038172592212,34.4610026926962,"0","0",1664.83033382383
75,189.186265998773,33.4545462400646,6.66044404991579,22.627808637917,23.3724929756541,31.5406132495403,"0","0",1535.85725329155
76,62.6819024441332,36.6238245371784,64.228703522278,11.8298564758152,11.3663788269763,36.4726868762761,"0","0",1772.11418373553
77,36.8047064736334,84.9286586823812,4.12969718763952,42.0061227213591,40.5220320476537,39.0533777076932,"0","0",1844.28352570956
78,39.1914397988802,10.3124845191355,62.2592192831382,48.8646144233644,42.2234688334111,37.6174267369837,"0","0",1782.46594116401
79,100.783115017137,16.6230547604576,23.1321656034291,34.3765679839998,27.5237055040429,25.3719870782181,"0","0",1193.98699695944
80,14.8163080061219,16.1982468286357,35.432604778658,39.9732922483236,34.8301043059032,41.5070604902111,"0","1",2087.52946086152
81,129.917072759058,5.02049718621894,11.1606942810152,36.4797890279442,32.1155418805137,37.1727155875849,"0","0",1939.15453958596
82,48.7019531630349,24.0955960326758,10.0081780560153,33.0699295178056,27.5755460205146,41.2191853637388,"0","0",1933.99583515569
83,239.331213121997,5.92859538238346,10.358021714981,29.2068972997367,24.740611341501,27.8007156625622,"0","0",1334.26324511687
84,252.730300927752,10.522030197874,50.9616390951807,44.9139669258147,39.9152048035996,33.0379200414713,"0","0",1584.54572573979
85,48.2600985581472,14.8095821412968,20.4692169365862,25.1868818048388,21.8393332216188,41.4679976635939,"0","0",2075.94506805157
86,252.163500119265,12.8979749435106,8.09008327872038,11.9539678748697,13.0680240779184,43.5519492283701,"0","0",2130.33892998747
87,117.348978061027,11.1962912297415,27.4251599510192,21.8425443675369,20.6306500884789,38.314547561115,"0","0",1811.26532451641
88,103.063226026571,33.8396592149295,24.5324156206043,37.9674927797168,34.7094253027226,29.9839986394356,"0","0",1366.58554969591
89,47.6809363241945,4.36189443007163,26.4189162811125,10.8653757628053,8.09910070271243,37.9961105069143,"0","0",1800.38401187737
90,128.374549681243,17.3235563572993,13.5761379156979,30.959445880726,30.8879821940896,34.8030910091111,"0","1",1794.86933479068
91,98.8508926480256,1.09636876533849,26.6448830014578,40.4458391480148,35.2033972626505,36.5358556264598,"0","0",1699.53288771566
92,36.0930510394661,68.2155664038993,23.9413442729028,29.3134823534638,22.7791078111712,29.2392505174584,"0","0",1345.51548984571
93,131.049431299169,4.31248202746956,37.7494735636994,40.4901715647429,35.95349085205,30.1443432099061,"0","0",1423.96369709009
94,123.312408038704,24.1674372136886,39.9152645585721,37.9475613962859,34.7267189931536,37.3850093387651,"0","0",1769.87983174583
95,170.430914687992,14.7425218098689,41.1495595299715,31.8514660652727,30.0090768720976,42.2554832078963,"0","0",2023.69023632518
96,245.499500766617,1.75916789466145,28.4938163672293,35.003100913018,34.5985079803044,28.1204045270497,"0","0",1310.23424541814
97,40.6372719891836,19.3010817362166,41.6307412084915,15.0420561339706,12.8759060772158,40.418350959256,"0","0",1849.1394901261
98,65.9358496621801,41.5019499616266,3.75937046785772,35.9198610763997,29.6127796272397,38.0611877291483,"0","0",1719.69618928181
99,49.6010980103783,39.5517159167894,9.16460459911239,17.9254356678575,19.2113098970498,31.8356103096928,"0","0",1416.46410650451
100,292.657034189647,51.0846812213491,8.56694165572273,22.9639709554613,18.5481360049174,33.014620342759,"0","0",1564.64752023722
101,15.1634687829527,12.6874215354174,14.0123768008875,33.3341487403959,27.0798848006121,34.8960146190627,"0","0",1534.18511132985
102,29.9942570435517,40.4201025091018,104.193659301971,29.8464530427009,28.3302903136604,33.0851607177644,"0","0",1480.00721294789
103,142.984634303152,51.9146796012758,14.5569064280312,32.4263471923769,29.9296066709064,43.7914037708685,"0","0",2554.25542328614
104,36.8480278587471,13.6581950738456,84.0697781107727,14.3923833314329,12.7045525441747,32.7269146987129,"0","0",1507.04990128195
105,244.595496807329,30.7763283573769,26.1111186210159,32.3060573358089,29.9315262395433,40.4378062277182,"0","0",2095.58518625455
106,148.699959624083,2.21798630681216,38.9535744921486,32.8827198967338,30.6010590858517,34.7660081397669,"0","0",1632.52427944111
107,5.27662373967435,23.087878268928,42.2146231264491,26.5240372158587,23.4867938521321,29.6600209686728,"0","0",1319.00689419699
108,155.498852403889,16.2460670102818,14.9563236050897,29.5070872548968,26.1570898867027,44.8096251771055,"0","0",2318.1385828736
109,154.53103572582,53.5830788604117,23.2333262364181,29.9070213083178,25.1179302047976,35.5599836467792,"0","0",1660.1080248656
110,71.446839198804,85.5432551192748,5.44747541855951,19.9281996767968,17.0084353575481,29.0640032757708,"0","0",1323.30952125326
111,41.376974917452,83.8010886119242,83.9642265098941,46.7337756603956,43.5582363067149,45.6170498888328,"0","0",2104.26151727557
112,75.1531701197212,65.1977055404672,52.2780721460966,21.9027007836848,16.8764144627686,36.2258965286729,"0","0",1647.30945909494
113,9.61250827613224,22.5547683609254,6.1032564812326,19.8620209284127,17.0596359884694,33.5325112000581,"0","0",1477.06873399878
114,275.433234853678,34.668141080334,42.8968071129352,32.9154736921191,24.1714370837068,28.686043245537,"0","0",1339.84482268984
115,74.0719470600412,41.1051317113449,10.0859616061733,32.5059007573873,23.4951850804561,34.4209670539914,"0","0",1526.9112918984
116,88.956579233392,48.442498503,31.6655853675618,34.0460596978664,25.4661349659568,35.3043598971181,"0","0",1596.56108791993
117,137.612971253381,4.20463118325402,32.7192723013763,43.2179150078446,37.0563237844315,35.2300863302056,"0","0",1620.34352839788
118,76.333530901281,17.1582589739807,25.7856010682146,30.3657767828554,27.4552592713493,41.5043368012355,"0","1",2092.02405301661
119,158.840215220726,16.6498613652549,34.2741417163285,16.2609807215631,15.4933600386818,42.8722142087247,"0","1",2367.14604757476
120,54.9838066150115,17.1570927559546,33.6309486577663,27.0336528960615,24.4967042845036,39.5514431091047,"1","0",2061.85223870786
121,37.6301556225661,20.0977055480673,3.5239290904454,19.6580024156719,18.6912697324449,36.7964255837435,"0","1",1897.53942117809
122,135.576888251301,22.7227057500373,79.6955340822774,39.4304379355162,33.4630461681917,30.2400354036373,"0","0",1445.23613778647
123,41.7902417260451,12.9806113878864,0.881605401727678,47.0847159251571,43.4178210259346,32.0963362898544,"0","1",1613.6604316319
124,152.08594346279,2.28507133027213,15.4578182945047,29.335966957733,29.2379943631797,34.9245469541392,"0","0",1652.65769320816
125,218.585659235986,2.26231191045554,54.1080823978876,26.5829018782824,26.4057544314253,42.625383365271,"0","0",2083.57573196952
126,131.208769170922,27.2392309575333,7.44881752916871,40.9435406047851,36.1815477090171,27.7919619117553,"0","0",1267.94096100092
127,74.162910018634,0.226788449007434,87.1075042966897,36.5637377556413,36.7057802044562,29.18266337305,"0","0",1349.95030029274
128,54.8904852348771,15.8601326397524,73.8757703032194,14.1550965514034,9.62488317311347,25.3618005735144,"0","0",1166.41805943406
129,113.458434508026,25.8939772243728,31.9602145732928,14.990654271096,15.3310550778082,31.3826082135874,"0","0",1481.57725266097
130,110.832535678404,38.1380241769292,5.12540397419402,24.3128922581673,22.8785216568839,25.3023791987209,"0","0",1141.99058791256
131,103.142726466006,71.1160902119244,1.82526620271366,17.5734160933644,17.9427490881342,32.5122747555709,"0","0",1494.66269463999
132,42.9073978349445,6.94484912669656,70.6514368501403,49.6692972071469,43.917590955608,30.2917708316025,"0","0",1343.58993436072
133,40.0751542232934,45.068177714219,13.9420870437287,27.8074903134257,24.5009289919505,30.4507760894655,"0","0",1370.80162769791
134,49.6602483143996,47.0262842508885,21.6385551629884,30.088728107512,25.7375661906368,30.3496129807556,"0","0",1403.96681689966
135,38.5266210898122,1.03929374904494,105.289372505542,28.3350247889757,24.193261141349,34.2209922717324,"0","0",1611.61591281191
136,19.4107741510199,18.7082529270346,11.2322472078765,39.1588639188558,33.416076947932,26.9617294658075,"0","0",1202.59584924624
137,246.501068851803,41.5826488266041,12.2442549746086,44.1769889649004,43.6708956014808,24.6738433624262,"0","0",1182.27237039016
138,4.05511866836416,47.2850528982008,20.0437527923507,49.6955322474241,43.623802549545,34.8957896640595,"0","0",1576.31997895395
139,167.676217594703,9.86279861556525,21.4050044330313,41.8693234119564,38.5544230261247,30.9434031769235,"0","0",1446.57687837229
140,42.2331333450097,43.5697529850052,5.46311367942506,33.080792510882,32.3507221988544,22.8754915136829,"0","0",1084.01258489597
141,123.722469672444,1.14082390296631,31.8259722901756,16.5532926190645,12.7536762527681,25.8183859602178,"0","0",1202.80845393182
142,169.221995306915,19.1967854341106,19.1537739939005,35.2988385874778,34.3696541967313,26.3784938618564,"0","0",1180.14410161529
143,165.444822680327,15.7613978476227,34.9527098670955,33.6502624861896,30.4712668224427,20.4782980137736,"0","0",1109.44964622995
144,49.6486901845906,64.3569327993896,24.8699864420406,28.648335672915,25.6639957771446,22.4651262466986,"0","0",1069.85653226059
145,19.4467196581784,51.97971657256,9.21524431901921,41.931341374293,38.0434631388082,35.4928146995013,"0","0",1545.52693812591
146,158.474592439794,2.05443923523054,8.29053991520824,45.0435493607074,39.8718801214218,31.6412755094829,"0","0",1575.97222727929
147,117.675495596508,22.30171103558,10.5768601989987,34.2963655572385,32.3666037379985,24.2038714681225,"0","0",1070.39662593093
148,47.863506152121,14.7436385104297,19.8091666849732,11.5374102909118,10.2199822053966,28.564039049996,"0","0",1265.59015447995
149,6.74536696282056,31.2609523711363,28.1636248523184,38.6634217947721,35.7510575265777,21.6768123401025,"0","0",1031.7689362623
150,135.591321895524,72.3624750619923,40.2285824857643,24.1214691195637,21.5763365182494,21.8327036101648,"0","0",1127.89978351652
151,165.040117126431,71.0395578622343,21.1152711436525,49.7677952051163,46.6014404463694,13.9455939277091,"0","0",1104.92241906539
152,67.0367448634633,80.0584131971577,13.9782009452879,22.0085803139955,23.3009896881863,20.3942828683817,"0","0",1110.00370948579
153,43.3487094377153,31.1144222452649,42.1403165116355,14.1311062779278,11.9303033602125,17.2239436996762,"0","0",1254.87766753125
154,137.56533991134,77.6462107072088,59.2720126637486,43.0422588810325,38.4879836046025,22.194639923785,"0","0",1090.4483364769
155,42.4921664381242,0.713072958227762,43.5397914331944,23.2346573285758,21.0574872566579,25.8679635655561,"0","0",1268.58761030705
156,218.039254441336,30.316005065852,49.2739320547532,21.359180342406,18.3504120747323,24.7682252056263,"0","0",1104.10802064791
157,274.384478999363,1.54758690797471,49.0690465091399,41.249331664294,33.8850950946193,24.5794501119335,"0","0",1112.21744725761
158,51.0177439098848,26.7978629886324,78.7871792992157,49.0758291259408,43.5252238309123,24.1908740277094,"0","0",1012.52192926477
159,126.618927787527,35.5330027388942,17.7830970680781,49.3322044890374,42.886810917984,26.6937459537893,"0","0",1101.75894813163
160,158.374931048514,10.8518757673317,32.0910399820676,18.881053160876,17.5665296362765,24.2400929983774,"0","0",1059.27863029595
161,210.260162555397,38.019602719332,18.3772905048086,23.4374680835754,21.4961430001272,25.5696404808106,"0","0",1089.15073660701
162,158.753428853366,50.2821469804151,11.5478260791666,32.823863234371,29.6986409620081,23.4904376244158,"0","0",1039.69073113824
163,51.2388079963451,25.1620964187588,39.1585285112896,18.907308448106,18.385761714988,25.3313194449578,"0","0",1050.5105408701
164,29.9166820709162,38.401104750001,44.5228661697436,32.6665585767478,30.4360918713193,22.8638937747366,"0","0",1017.49402639864
165,17.7150051991272,3.69594844011219,21.0409418727479,11.138193262741,10.4020921738961,15.5433891484931,"0","0",1017.22205860877
166,108.52323863204,9.24963536842291,16.8343511999408,17.6891698595136,16.1688102741833,14.8249869467893,"0","0",1064.54230371983
167,62.4321279895538,2.4665012246012,49.6708648402935,35.990938115865,32.8096866267577,16.4982975865139,"0","0",1039.34442212122
168,126.007431829621,47.8227282009139,29.6989907855335,27.9818445257843,26.5533932582979,24.9402188449109,"0","0",1081.40776651173
169,37.9127970583713,40.0581479292251,4.27414267115651,25.7536812778562,24.001549318492,19.6519823579837,"0","0",1015.99615630512
170,27.9425278070616,38.6345058517782,15.3620857979661,45.9310412406921,39.4594946377981,14.6219106544068,"0","0",972.714740448362
171,78.4650046671295,23.2754874678617,2.24141224277252,13.7835010886192,16.4324422902975,23.9714861780733,"0","0",1021.8579811509
172,108.180009900909,17.5824848830649,16.0733500516165,37.6744762156159,35.1113028035657,22.7432545250616,"0","0",1028.5761735062
173,108.931382827127,50.6976059025997,13.1288068910275,16.6402908042073,21.2478145704758,26.1783261971736,"0","1",1322.80185450049
174,23.6064118182136,47.8722282196662,66.4782892188392,40.9571884293109,37.5401771387447,19.5353448008598,"0","0",958.050820857591
175,53.8050354999681,35.2503426679583,61.2093593602617,20.5973223317415,18.1926487077437,20.9501814660587,"0","0",999.89352817024
176,99.5742839383239,42.3034002327496,80.9060086956341,36.3716896530241,34.3580088676083,13.5591217210187,"0","1",1255.22703987069
177,84.9536110310442,25.4623691097072,44.9740522941983,18.650973374024,17.6440510999804,22.3180349503922,"0","0",1025.34673699834
178,79.8110402677281,11.2117107445185,14.5591081120351,22.804887033999,19.9695238157545,17.5292464410124,"0","0",1030.65716506304
179,91.600527750245,34.273883349739,3.93885205506332,24.8135961126536,25.6288637436783,24.3818612140896,"0","0",1041.69957681713
180,99.8223269647787,33.213880557708,52.6251022712671,32.7438382804394,27.6154961051868,6.73050940785555,"0","0",1057.47767355956
181,83.6127100633763,23.3512715674195,37.8027237187698,44.6898206137121,39.5600690014552,12.6835386791233,"0","0",1048.18461519871
182,120.381888004053,57.3850458619639,38.2314427492667,16.4994515944272,16.2881430085235,17.4885271535897,"0","0",1110.6738429051
183,55.8477164130535,9.25721228836614,6.41961781944902,12.5539421290159,10.6962625621308,14.2895236364371,"0","0",1052.60603738555
184,61.5483736249911,27.4404513688684,18.4863017572412,31.4442483987659,30.3470989192527,13.2564224818078,"0","0",1044.69206520988
185,289.72411822991,81.7123378601664,24.8163143095788,41.2644610740244,37.2159079453446,13.5926832599107,"0","0",1116.01941747387
186,47.8511674610846,50.7722832379046,3.25614519128185,23.5231283586472,18.3328960889895,0.362164567502491,"0","0",1036.20741135736
187,75.296175851367,90.2806579954549,36.0951137285476,16.2529952544719,14.5060934839855,17.916439552733,"0","0",1054.92240111714
188,19.5399328652958,124.941317218575,58.2646929981446,49.844886912033,43.0164138034199,14.1897405612925,"0","0",970.53489322694
189,43.4710023446836,2.83907090273424,23.6384678378465,25.3830494172871,24.8896241012084,4.88743250203537,"0","0",1006.74074420617
190,34.0420921170809,40.2691931568018,56.6397564163045,37.461145715788,35.4277032402816,7.61387416345584,"0","0",979.24940133718
191,34.3404994578074,17.4706921231175,12.1337637080718,17.0206088479608,17.2658075538487,6.35626129171684,"0","0",1160.49915512338
192,50.5227074624979,59.4529618242461,22.0027567817869,46.8745857756585,38.6819021259216,9.8471902009183,"0","0",980.632535489355
193,26.7802111723408,77.6371920210204,14.6055448623324,41.0401947051287,39.4742741801989,16.0974612599321,"0","0",1005.91295751182
194,39.7290175397178,7.63364764424284,18.1744300458236,19.9685591366142,20.6541071515575,5.15776172792001,"0","0",1024.22156693906
195,144.556874834599,37.4773177121436,76.3360588099774,28.4496140386909,27.3322813543646,17.1435249311401,"0","0",1094.98713244873
196,126.183557060658,49.4957249842509,22.8035509554975,30.9326810017228,29.6202873410356,1.65389497376611,"0","0",1074.37188935439
197,149.926242190895,11.703170380634,26.9238898581459,33.603526270017,28.7812033164896,17.8741064445439,"0","0",1084.51963980811
198,153.365973671152,41.7791553812633,16.4045844005182,35.7095138076693,32.6960261569033,7.62298305968737,"0","0",1075.59775354579
199,234.812795053807,38.3295698642417,62.8852972624135,42.4593830853701,35.7788519593628,23.7566375022013,"0","0",1076.01066855727
200,242.661389985136,14.5943210163049,15.2074056182307,36.2179137673229,32.4613464420619,5.41031461541739,"0","0",1090.00269168205
201,98.2763610001341,40.7754170063374,19.1717531895576,38.9998405240476,37.4762685633578,5.59330759739797,"0","0",990.658613436371
202,293.1724531278,10.6409997917011,11.6033479431192,34.1383893135935,35.6360976374857,6.1265249048805,"0","0",1055.34992878467
203,47.3243357373861,33.9561961905614,14.3904363967818,44.5798893552274,39.1058736332586,3.26118455331093,"0","0",957.339202509085
204,57.4327862354509,7.39919783949504,14.9064436618328,46.6705233883113,37.0319113618576,6.50728462969578,"0","0",966.38435563615
205,39.6983375885606,40.7867349561818,60.3180340289347,46.4899688027799,43.9774503637882,3.43861742665799,"0","0",940.174873416162
206,56.168248700847,165.665378297458,13.7470583997175,35.3990132268518,31.4606059382059,9.57207184879226,"0","0",965.923795389253
207,63.6239719765091,0.115032083641746,8.17945492759808,12.569709084928,11.8290434925146,5.67949397060635,"0","0",991.528275537122
208,25.9239164515447,0.969997352627811,14.0531924738299,11.7552144639194,13.2891425424215,4.44590188405852,"0","0",974.962005458217
209,174.972694368492,50.9996952327855,45.4933306414776,25.7496195100248,22.2807346280039,7.14595698303293,"0","0",1039.87253376663
210,96.8247987052584,23.458827711383,8.02627361175329,46.9508615136147,45.2206731088638,2.70906588603492,"0","0",968.278496566117
211,192.597466364321,11.6287259562109,3.28378489121368,44.4514162838459,40.3816923858813,-10.3449400519892,"0","0",1022.56721010898
212,40.5704005803521,19.1441697137066,84.523092940352,24.9328652583063,20.4039144349692,2.29586938414301,"0","0",1145.37590676081
213,56.5188116627543,37.6197324913866,20.5008931303059,46.0802328679711,38.7155642790031,0.640641992211375,"0","0",970.126827559646
214,19.7751585702133,80.428881831597,63.2891802231066,17.951781116426,16.64581768048,0.971520409569969,"0","0",974.536828452406
215,161.414033195054,28.919068914891,8.95980390576067,28.3627961948514,25.8121524097395,5.50892071453287,"0","0",993.82046303296
216,45.589007614606,6.29334515636396,1.38429886195324,35.498721441254,30.1297440420463,-1.8413917487597,"0","0",920.078805799246
217,85.7980300012626,0.386344712375061,25.1289761847518,32.6716740056872,29.8916590550065,12.0200613350357,"0","0",918.129131286416
218,22.546963702076,87.6536268387138,36.0182531438943,38.1474343221635,35.4462111311139,6.98653250043861,"0","0",887.544218064858
219,215.450338831843,2.79010777663097,13.790248132102,36.0306251049042,32.2869293393345,2.62796169482395,"0","0",980.23545998807
220,148.031327788038,62.6113539691698,24.7436591335936,32.81109736301,29.5047687682648,-0.192452031837884,"0","0",1106.71991977467
221,122.047096401656,23.343719619339,2.4301010744644,11.3424364104867,10.6555125028175,6.67305150224894,"0","0",940.060770446914
222,79.5760320906533,5.94516833706666,23.8216341371707,24.0105319395661,24.1218805657415,4.25292029670837,"0","0",912.203477676717
223,126.868396730882,19.1012373686522,13.6232863177765,19.455735180527,14.5200545633591,-2.81909634102624,"0","0",962.575740716044
224,120.994763982278,46.7443757713247,88.8996936542543,44.9159712251276,40.9253923225411,8.06639589826573,"0","0",970.946899126936
225,205.336160319826,5.29041416083451,14.6450384727787,45.5005216132849,41.5270533956573,5.65403677940987,"0","0",982.089328834546
226,136.08618824902,34.4606093007967,32.6310123152089,47.7694928180426,43.998704298943,0.186570711147411,"0","0",955.081198798905
227,62.9049774199908,3.23484651232686,129.164207855738,48.0566587392241,44.9940258384458,2.04131805124684,"0","0",945.590746080133
228,90.2776789787359,11.4191881797072,29.0115341387992,34.4074362888932,30.492245358527,0.308563958439037,"0","0",946.852502386113
229,99.7809390868612,90.632375029858,21.8938345008981,28.2235446479172,27.5572811309376,-0.222783249101749,"0","0",1086.02484446654
230,160.621432744654,28.9550818305515,18.8946403827064,40.5644321069121,37.5210808725304,0.272434706307953,"0","0",949.057071181057
231,68.3598846441969,22.2018802290054,25.7814093362514,36.1612175405025,32.8027886391047,-2.25708065260767,"0","0",885.71583017811
232,224.316893699394,29.6209296809475,10.7089363728459,29.270374244079,24.1324413575788,-6.49193206817088,"0","0",966.880969481175
233,87.8382419804004,5.3057921185092,4.92395585034934,45.0619677640498,41.3513530207333,2.43962933873963,"0","1",1164.89926565032
234,74.6883451844675,23.5645041884361,38.4302149349275,11.1103683616966,7.24048548108363,2.3856785780823,"0","0",931.241882112473
235,137.936491550469,9.56327271623251,95.2355227059887,47.5234253145754,39.2453973029239,-5.02012245669059,"0","1",1221.68772886986
236,233.117929154412,25.7123076492528,49.7088234732492,17.5024005956948,16.3691444969534,4.80582885089376,"0","0",1000.05868479415
237,67.5831726270192,50.9307120923501,6.98214779008516,33.1971750408411,29.4344484145817,-8.7456400464157,"0","0",891.219178071389
238,68.4341255234527,19.0329504589068,66.7829598776111,12.0105757098645,10.7830721663917,-7.46394280908684,"0","1",1261.05968418116
239,177.297109024161,82.2273344514575,104.599363932394,23.4893501456827,20.6068589631476,5.40728561992407,"0","0",1042.05225200221
240,125.781431130839,8.0805441064638,101.226227232422,44.7945808619261,37.8397265059833,-1.94231272865997,"0","0",995.740952118394
241,110.643561491527,23.1075530370601,25.178318243516,46.501254895702,40.9287165447766,8.92957778927105,"0","1",1255.97274695115
242,52.801872737969,11.1886930753911,9.06388181407116,31.431328728795,26.7347817190213,-11.8541106093841,"0","0",958.23821309174
243,76.5795294213753,0.400525158942738,23.9841835012551,17.2358837909997,12.5403280854915,-4.8468605897546,"0","0",983.668725986607
244,120.073746023498,30.6021416004322,18.7783590417619,35.5038340296596,30.1242209941496,0.912424599058014,"0","0",976.138267365088
245,52.4418129428032,51.8266224205749,38.1112504835629,47.3092355951667,45.8388446982181,1.48382519606936,"0","0",923.839668621402
246,98.0226318502068,58.7342728860913,2.52342805116153,14.762360304594,15.4916967755343,-4.34733303144063,"0","1",1260.19802777951
247,62.1236135776752,63.1240703497193,16.3959514942905,26.1417559161782,22.076434197585,0.984775477914205,"0","0",925.080209876714
248,79.3336702971336,28.4023468256685,17.5978459350965,39.6933279652148,34.4968667342649,2.79900585197902,"0","0",909.94792802971
249,45.0295332514992,14.4336740956417,7.46015533654927,29.3773675709963,28.5947290453728,-2.087719222222,"0","0",904.64781113475
250,167.32089230167,4.55692074663633,31.1508737641821,48.8605912029743,44.5817320374266,4.61229479988307,"0","0",949.102474923565
251,65.7185109760416,9.74006399591982,16.1878803568388,42.4921552278101,39.0088680181675,-3.82931300897583,"0","0",913.58055911907
252,57.9628032608917,40.6471424816,39.61224899511,22.2040846571326,22.7897228935274,-4.72290875378832,"0","0",966.576233557837
253,107.933236735867,25.134749080531,58.9620829093559,49.4872680492699,47.8146357750093,5.33824180270856,"0","0",972.514704254577
254,145.543811452181,12.5190358400972,18.4377167068209,37.8300392907113,33.8973800513656,-5.12337926419315,"0","0",984.054867815899
255,78.864195022116,1.28364281617225,27.6801880855997,46.5488311741501,41.5305867009297,-7.75824228732358,"0","0",946.013066307601
256,258.739374179714,18.4526323173326,25.5984247139805,19.8268332984298,18.2704901367609,-4.02948777055295,"0","0",1099.44905267606
257,231.736635369459,8.5907077916145,35.085036720259,10.3221494238824,6.73576966726039,-13.6454079090971,"0","0",1059.64527628761
258,120.548575899968,106.115180213128,35.069382350501,31.4778266381472,26.6367087721672,-4.7676015223874,"0","0",986.433102000433
259,75.2191986982307,28.2823460315388,15.6224906423733,13.1190351303667,12.5545210708939,-8.38456864744162,"0","0",971.994991747093
260,111.563882601937,46.7754842759335,7.71925889618397,17.3825157433748,12.3085013926606,1.49627841610394,"0","0",994.26381103027
261,45.5070466570636,13.238288361317,40.5727808193236,27.0515832770616,26.1220946566252,0.845713766525497,"0","0",936.15281781248
262,102.407408040144,42.1572780785809,45.4776080571132,23.6540635395795,14.683840806247,0.615727669941768,"0","0",952.641397946702
263,42.2925889570379,9.09416677438602,28.1799197994217,48.2520745694637,42.4260834689491,-8.14998691965494,"0","0",882.464999034436
264,65.3179809948721,0.218774563358792,18.8676178282051,46.4085844065994,40.2787704616608,-2.64380479739767,"0","0",902.645828754728
265,85.8568297489895,14.8966190153767,45.8119944071121,23.1795303244144,20.1005058175044,-8.52106529784509,"0","0",1432.61931051353
266,56.8238383849103,14.2710539149717,52.0507820701863,29.521969743073,28.2836092310461,-10.1968138640894,"0","0",923.199525802683
267,27.1558344425154,26.250114710398,21.634202202164,16.4287242013961,18.9970531703135,-7.95592378123362,"0","0",893.16362395752
268,12.9675748567193,15.811484969979,40.660783835322,30.1954186428338,29.1585037202486,4.09579628661502,"0","0",889.841877981992
269,133.230206432521,8.16262143242305,13.7168200331712,37.6358811743557,36.3648768356529,2.79112722509332,"0","0",947.394563386754
270,108.466462949807,107.745555732909,6.46658072629627,10.5882193148136,9.80405250899395,-3.19672657867985,"0","0",988.763179878752
271,99.3209907658444,97.1234361960228,2.75416205104728,22.6078782603145,23.3230248338798,1.51051958609703,"0","0",964.295270218583
272,20.9852953704187,34.3899688285224,15.1985402731745,20.2451268583536,15.281951018444,-5.81508302507415,"0","0",907.082681252156
273,62.6734686325109,95.2477348118824,27.0518105836168,15.4152033105493,13.7902311449201,-0.132965768917059,"0","0",942.731050455844
274,170.939179188919,73.3421131364929,27.7766340295291,18.6282604746521,14.8351465959517,-6.74473692993004,"0","0",1135.91668563517
275,59.7896178533239,85.0944521134203,53.6173481626813,20.8663556352258,21.5044422134976,-3.11473725058421,"0","0",919.199321210061
276,116.409351429504,48.9934910093834,12.9355614907299,19.088838249445,17.3591502989769,-6.90397754751273,"0","0",1098.23741630538
277,83.9149956089919,27.0772255991908,29.1418211569152,27.3187987133861,24.5515187518603,-6.50527542614279,"0","0",907.098816452099
278,175.903372117782,9.68048634860727,14.4861584718004,39.7607328929007,34.5322784519963,3.11107979150699,"0","0",908.612243688923
279,21.9152746049347,5.60352654210524,9.72080960186762,17.26143267937,18.1081577350491,-0.404602392540886,"0","0",858.435812783404
280,65.0914685927589,46.004203949954,16.1780684163003,45.603596623987,41.8380495092185,-5.55691435977416,"0","0",843.483228634631
281,23.6200064151911,5.35006912402271,32.3936901074183,40.2083411533386,35.8983401590345,-3.13923468700352,"0","0",847.214920999029
282,31.3032798886162,10.3955525890402,22.3141883970144,11.9949576910585,12.0580669123393,-2.24866352537755,"0","0",1027.13248061913
283,14.1493846707773,14.9270718616045,46.2691041600957,32.0206728205085,31.970060386985,0.706074444201755,"0","0",847.983842918566
284,75.7815356291908,39.3067232018967,21.2230088704041,34.325755238533,29.5076571314254,-0.340745911417606,"0","0",892.239084599756
285,71.5444340648334,5.68787765795146,5.85959169412259,14.1795560065657,14.9092569796554,-6.1277261119461,"0","0",939.491759093055
286,311.549998058148,34.4446769660712,30.4980451650335,10.846978193149,11.9805521231653,-0.673166257868175,"0","0",1027.23450405223
287,39.4171628487979,23.1986624155398,28.9613094581316,27.7564047276974,25.2730112282712,4.21864698298346,"0","0",1062.08516487602
288,49.3462199205148,16.8828381327897,16.2715349046485,15.1525847800076,11.0130135068295,-5.00456312225413,"0","0",909.833704483854
289,13.7895647524435,84.6272824913542,12.8568873425341,12.080366211012,11.373763740706,-1.0115089926575,"0","0",884.462752643853
290,126.569012754826,30.8235177552341,3.69493551122998,39.6985479537398,37.9702325055542,-8.65417173251436,"0","0",904.986193057193
291,103.005167076505,0.52234374460704,98.7039355386746,30.3498415928334,27.7244586211101,-0.794841830983222,"0","0",936.482258103913
292,66.9831887753321,7.15677694193953,3.4699172681329,29.8861240968108,23.130275784876,-2.83973197212767,"0","0",876.226864825286
293,65.1362097339569,83.9302622239983,9.31571668102858,37.782417004928,33.120503384315,-4.49277288332878,"0","0",1035.31563430161
294,97.3280805857215,8.09788165337457,121.989298262697,14.5553552825004,14.9450124593234,-4.7123210883344,"0","0",937.914660971524
295,142.115083023644,2.65573516428519,6.28221977324765,10.5947039835155,10.0650163377488,-4.41331276813733,"0","0",926.278968759048
296,70.2006051360042,3.02472024321946,29.4140161220485,10.3206356428564,9.29236176810986,-8.70712373656721,"0","0",917.406547432499
297,57.7887426072996,57.115956275275,23.2680465071944,13.040742687881,12.1979035230435,-0.596435334084245,"0","0",931.296092998585
298,240.167694245187,66.4999493618261,45.9480247293241,39.561077626422,34.521653005844,-2.56495005065969,"0","0",967.817936448259
299,47.7549956615286,16.8841808430558,56.6461152083132,38.1821619533002,36.4755956571069,-4.44854760031662,"0","1",1169.38907195016
300,84.0309847317748,21.9138132810634,34.5617804697653,38.8219819311053,32.7401518621587,-3.51262448246358,"1","0",1147.05549642864
301,78.7942677475384,9.86189307502459,92.4380749265252,20.5246194079518,17.2264645024983,-5.2275564443239,"0","0",992.638819307609
302,74.9775510997924,18.3970052336884,3.79585486678754,48.9784620795399,43.731737117773,2.32036049576483,"0","0",947.518916344368
303,92.9618839236682,28.9481806977551,15.187726621006,35.9744365420192,32.0857221769677,-5.41315913675621,"0","0",946.329426380271
304,31.6201391747027,12.3240865423479,47.7114544046879,46.4393583126366,41.1083048878068,0.309316632968649,"0","0",933.66117308645
305,12.9292193127154,13.96666802751,78.9376521914634,32.872964348644,30.7256852441054,-5.39014569479346,"0","0",920.381107520702
306,50.1786485334522,16.1197034127377,40.1234825334005,25.8876705542207,23.4587035630235,0.251510075969669,"0","0",940.662073550257
307,124.404792043679,45.0662197008601,23.5611178205246,31.6981012560427,27.4157972621501,-7.45454510998592,"0","0",967.0249009117
308,232.363064843164,11.0496152806372,10.5735622223037,27.7936352603137,26.731514993093,-14.6288590441292,"0","0",1011.62162332596
309,87.0272898782645,47.0203115706743,14.1612344368174,14.1383733972907,11.5352365544336,1.97031881785444,"0","0",975.478058539613
310,39.8406368906706,7.05241496459221,8.80914922638016,26.995909884572,27.0452904064389,-5.98534782075635,"0","0",922.198819185241
311,35.1196316230058,68.7458867335572,6.22151973404351,10.8126719575375,9.46959808827625,0.215673114756405,"0","0",930.268595191883
312,128.059876983012,2.77738473182245,1.9562407087104,23.951071370393,23.7620676249089,3.89716596122144,"0","0",992.227811472809
313,167.931519385837,4.38376581180282,39.2202134573716,20.2636800985783,19.1243741267886,-3.5454447927086,"0","0",1032.84700465777
314,197.508350718704,34.3205874755331,3.48701071803693,11.0002089571208,12.0919604531074,-8.42295627992254,"0","1",1277.98140810887
315,65.3073911252398,36.2379482304573,23.5542618299193,27.7524191513658,25.2787241544181,2.49037908729691,"0","0",998.102143140736
316,57.5987353886506,46.757727428327,11.750678415281,37.1500765625387,35.857336895225,-0.964187436472379,"0","0",1141.66885930352
317,113.289003044189,7.43743701696778,14.133508968411,30.3706933837384,28.485530018933,4.44103524770695,"0","0",1031.4655363775
318,103.439571140525,27.1608090511308,36.2816474812104,41.8193699512631,38.7344254302421,-6.10290333433016,"0","0",1015.83733890094
319,175.94509676329,29.6538474649796,21.6013933936369,40.382795566693,35.7201154548733,-1.51134336173172,"0","0",1175.8884899091
320,221.876192875933,3.26452837601357,2.42592493534783,18.1153072603047,13.7169668031207,-2.30335899649262,"0","0",1211.58094395305
321,64.7973715350506,0.81071838077844,19.301854369944,15.7384839560837,11.5900486534562,8.28213116980768,"0","0",1129.38495246511
322,79.8984540096844,86.6753014732111,31.3784049987178,21.7582760937512,20.3817757714357,-0.885698025583001,"0","0",1134.47289587482
323,224.086439932576,60.3559347356275,34.9990598193379,11.6095915064216,6.43664169344302,6.94263132598509,"0","0",1044.50078058742
324,190.455704173811,14.5632971698676,58.9565913427092,28.3119706902653,25.9202882533863,0.936951854396252,"0","0",1003.99516432632
325,31.4001785017326,172.66296425247,18.3554158039778,45.8223522268236,41.1530703260769,2.30379451443482,"0","0",907.381939762045
326,256.44586775993,40.7342466059838,23.6560559998456,13.0650302302092,12.6872510063171,5.43261616102115,"0","0",1054.54944404038
327,76.421003840682,5.3965789892964,3.16118827514136,35.2590959239751,30.9299781387002,5.3836839263578,"0","0",944.079851025027
328,46.5480983296145,4.47583046830883,84.2645253138232,19.7909108176827,17.7262798600319,-3.30217701215436,"0","0",973.087030076257
329,67.2259463256391,0.817181896572346,64.7726267946371,23.5491265915334,20.8997244050045,2.09384825232656,"0","0",997.723611334437
330,52.5624633328559,17.6793961225789,17.1802059705822,17.0670090336353,13.4685424302843,6.19234172961688,"0","0",982.266334427347
331,166.589221318603,2.9365239347487,3.34120880144874,35.3036468848586,32.0765448369369,2.37343436361384,"0","0",1013.76955809036
332,26.1274144228116,39.9651945480815,5.5998368270981,18.45613357611,17.9586079679588,-3.13395978621802,"0","0",971.241362402298
333,36.8398355586796,16.6372950650606,12.9665095127689,26.3223726209253,25.0471608201406,4.7045352827547,"0","0",963.401162751105
334,113.258891676141,10.3167690108068,24.5481827185568,37.9075967241079,34.415034060633,3.94477402080158,"0","0",970.401873396022
335,46.9727025456782,37.3182540629596,16.2645750074766,38.1792827416211,33.6736717861873,0.0883175316536642,"0","0",952.078602375662
336,46.9434799425929,41.9321113579448,30.6379179765991,39.6936629712582,39.5669677358454,4.15358666734423,"0","0",929.399211554446
337,39.7987343514466,35.3871021726081,14.0164355322206,36.7023419495672,32.4357967256754,5.83311681541716,"0","0",891.271279367226
338,45.2146485936475,38.6078403178264,38.2383092873895,31.0055189300328,28.0101378868037,2.50756092763845,"0","0",926.01365605135
339,17.0411832601694,125.869210010394,93.3554264292742,39.2782352585346,33.9168629144748,-1.37079630913185,"0","0",902.789148653508
340,70.8568683312778,12.2729647855216,19.4988898741456,24.273379445076,20.7632383528088,2.09546178692136,"0","0",954.865255945658
341,28.4804876708788,39.5443903691244,11.2167708957847,13.9271105919033,11.2625976090628,13.8789606903966,"0","0",923.451865421718
342,88.7592358159085,54.6805561981003,6.18899640985917,26.9655087776482,23.6812656287646,13.159731116823,"0","0",937.906007395473
343,189.485780736473,47.9784626237295,6.8310062045388,15.8536914084107,15.4878830222759,4.01977975747308,"0","0",1005.04336383958
344,202.078987345465,20.8201542771654,1.66862704519187,49.4494613725692,45.5483408852074,0.355921057142415,"0","0",996.216019455049
345,280.56518106469,90.08717662642,45.8750994707999,27.3655060585588,22.2091959154829,7.63812567110299,"0","0",1074.59769522204
346,105.094961292989,14.7632210967252,3.57540610560597,27.6081678736955,23.0877679747544,17.1013460751554,"0","0",997.221660523644
347,6.04554659118789,15.3047978131741,44.8101057012198,23.9197774976492,22.7001216153557,1.90286352151829,"0","0",947.487785901838
348,137.911692528777,7.67765214569356,16.2631338329207,23.646208755672,19.8208528547865,7.03462656436959,"0","0",1022.31042440492
349,83.3006852050583,29.366291207628,24.758303407275,49.8887434508651,48.1776826413324,10.9193115640114,"0","0",969.474542911754
350,116.91777180471,29.6967329183301,7.42058958621954,27.1507164090872,25.9802233683477,14.5124455264866,"0","1",1188.15142787708
351,67.4327280964975,30.1531768639061,37.0424442475762,44.8977042734623,37.1562077258873,4.5585579700548,"0","0",949.050828193959
352,71.0138966932655,25.5910305692158,24.3528585537348,21.8937284499407,16.4847385092274,4.573482834889,"0","0",950.518445221152
353,175.882350442769,3.99441562321474,0.210738422194404,13.1124036107212,9.55059871068391,9.22364607268401,"0","0",1002.42181988836
354,88.9040992049471,8.51143397556363,13.9014448976522,33.3076226897538,25.8528755278714,7.10613582978487,"0","0",955.849062583908
355,203.197164924982,14.806892488181,51.8133379917815,31.2540700659156,28.7836809857623,3.29713211592105,"0","0",1040.54931109026
356,209.802844835941,22.8558074310005,25.5530992159754,43.3136148471385,38.5537632798103,9.75336619973496,"0","0",1019.22171363648
357,40.5553887959002,6.01453511418366,9.85646043182824,45.5261739250273,37.5194297913152,16.5180426347742,"0","0",949.983527991205
358,179.099218243964,5.97373388442045,9.337828674476,32.6475699711591,32.7466219042441,9.54747457493366,"0","0",1052.15847761226
359,71.5438596510485,16.2700519698966,22.5165639450184,16.2332868669182,16.549485326978,16.3827166122144,"0","0",1034.02963376458
360,111.957719297037,25.7915556987453,48.2950199212091,21.3415370788425,18.8117178130208,14.7859670022323,"1","0",1265.26404926768
361,69.8407644491722,2.28094931221657,38.9567962828873,49.0616410970688,45.6436143862632,11.5525529599476,"0","0",1026.12672169792
362,174.891633645915,11.0039045081861,4.27642438724725,34.7601834591478,34.974594329334,16.2229543416772,"0","0",1057.40236705694
363,42.4310038431686,35.4422784761752,11.328991648507,12.8247569687665,12.1785487723414,19.6505974010148,"0","0",1056.89171646026
364,76.4344796716123,2.52304864168454,4.05509385422895,19.8958481196314,21.8974677933448,10.6299871692009,"0","0",1057.50667095737
365,61.7608601407146,0.737355732709458,32.0036585373122,15.8718569017947,10.8706948499316,11.4896007827119,"0","0",1212.83836376099
1,151.89306994914,47.5335090487411,22.2567700995932,17.6017398759723,17.7294111050286,10.5371938649921,"1","0",1315.95432359266
2,145.728408073468,10.4435297567867,75.1465683891309,27.2853299695998,19.7520858435203,9.19033527313677,"0","0",1263.45547344294
3,112.590061535656,27.1987460613761,7.37965181483428,40.0600998010486,38.9099377567759,17.4278585699855,"0","0",1051.63943364004
4,92.6622121686649,32.013962053247,52.1897831994487,30.9676752705127,28.1965812927545,18.7258185775287,"0","0",1075.75344111957
5,90.5420297428458,14.5556181835044,13.6909461382955,41.5855912677944,37.5928246553183,23.5045514368459,"0","0",1019.49088455028
6,253.60340132228,41.819120320335,10.4223629640863,32.7844674978405,27.2448999972524,14.968708639144,"0","0",1119.09938487824
7,208.964016866341,20.285884826407,0.739379489242591,28.0603783391416,23.9385495638253,22.9440872856153,"0","0",1253.40544555657
8,65.1317440884304,1.59180722656327,1.81085644704057,10.1549620460719,10.600747181414,21.816357476011,"0","0",1034.54603288074
9,43.7329114904068,29.261817707942,24.8967879151676,17.237622058019,16.0036266325669,17.6772089256042,"0","0",1028.70760188219
10,85.766786561984,9.89416167576345,22.9885574634565,17.1900360286236,16.8142862662893,26.2776997943366,"0","0",1114.57251070709
11,9.87510492492902,0.593800488123541,21.5870124026615,43.4179545752704,37.6862288311603,25.8704606368968,"0","1",1115.97367576043
12,96.0921293159334,6.70618852758886,27.6992859971232,13.2762991543859,11.8911516863457,19.6554776160803,"0","0",1077.32887479187
13,53.0908048577296,18.3207146911234,19.8178119808997,41.0260448884219,35.9542430463772,23.9932186059356,"0","0",1042.13180499864
14,127.962998780203,35.4233332780654,58.2726341113772,47.9991644341499,42.152349199255,12.0778443772076,"0","0",1095.99268217777
15,143.728713647407,42.2738656109291,14.7414784605725,48.3584633283317,44.4845278059762,26.8873877854441,"0","0",1198.26300508296
16,56.9647712097694,118.677382201622,22.9945711544911,28.0852607730776,25.8842740793542,11.045722891795,"0","0",1107.20111342698
17,430.797007798157,14.0221793803426,9.93808646110814,34.197923541069,33.0275204296821,23.8925699068627,"0","0",1226.36654248668
18,315.938456350294,52.4119560516918,41.8155391669754,36.294026793912,36.3868331450441,11.6381251849598,"0","0",1181.14535876985
19,46.2802767333498,37.3529833011767,25.512293000093,45.6073492858559,40.040751013276,18.6278682442429,"0","0",1060.08637703809
20,140.041506959922,89.7614610876474,45.0170469885887,39.8736527469009,38.9125969328229,14.4187276363355,"0","0",1111.97407463102
21,218.248838515771,40.1188235259651,34.7396571957869,12.8593355696648,8.47753508915948,25.7490345014615,"0","0",1202.25494743616
22,21.8981177714933,83.8974208415275,36.7083299763352,22.8568075131625,20.2750470247005,23.2216509902449,"0","0",1046.48181946967
23,81.4632022678198,15.6890826281973,49.4701461584401,43.7316342443228,42.3911040538278,20.3143891884678,"0","0",1043.89523193148
24,87.2188129080957,0.491879067692373,13.0584973579865,30.7682868931442,31.9252927185656,22.2406727051257,"0","0",1048.15507743587
25,192.894000431273,30.177545243204,65.1260170953659,14.4967553950846,13.8071535712914,25.3084159431202,"0","0",1147.2475495904
26,206.456515772492,45.7708633571237,2.71195590909837,26.713966531679,21.0992835357577,20.3439295849666,"0","0",1269.0459617869
27,79.4912338583629,1.5196803826596,33.87658263793,21.4746167976409,20.5213287394166,24.2544475005536,"0","0",1074.42088561197
28,114.231477743225,36.7434078278553,50.9319531548044,48.0028799176216,42.3006488250015,22.2290521447225,"0","0",1081.3557816459
29,149.871297069333,32.1318368852088,13.187382921222,37.5926915835589,31.3858806981196,27.7952380479979,"0","0",1229.72681778871
30,17.8796763789744,6.22479545835113,32.1584327053908,15.1366906892508,13.1114331130984,13.2830841400318,"0","0",1079.95841121237
31,141.370568317735,14.2096622600269,21.9456598660452,33.4883132390678,29.7485181206905,35.3731019477761,"0","0",1643.32936166698
32,64.1257312377443,44.3630763958168,124.721175567763,14.2980296257883,15.3216603271117,23.6558265472852,"0","0",1145.43725733601
33,51.4955258722638,60.4364298908962,21.1016165193853,15.8744491543621,13.8491185196517,20.0280615867858,"0","0",1084.71118076225
34,181.776359774837,20.9741267017254,22.3696828612099,33.6256463639438,27.7127547426227,25.8400003646123,"0","0",1151.70979327107
35,47.3294605008428,24.2067324535768,19.9204937598607,26.3263835106045,24.73672040862,31.085359327001,"0","0",1532.82297636922
36,225.139667340643,3.14654563653907,17.5421026167102,36.7103535775095,30.8229300844381,29.3277365815321,"0","0",1322.51733004208
37,105.305016877612,51.4007019271569,5.08471954806034,32.0839801896363,28.9916192156907,22.2739465086563,"0","0",1034.70426587574
38,41.6317538298545,16.4327544062161,18.1554718757137,18.6079205106944,19.1765938080987,26.272316042424,"0","0",1079.84254584623
39,82.8099566138103,19.8423685709216,21.3231635709679,21.0838829725981,20.7896208850777,29.1250826903916,"0","0",1257.96131947186
40,190.440112653711,21.9684578068832,26.2607751655509,23.8811511732638,24.8036375801507,30.2546365929179,"0","1",1443.10143577244
41,97.980170163562,12.8291044159401,20.345159654096,32.1969571150839,31.4547046775592,22.356163116326,"0","0",1056.3361327986
42,55.1493765082319,48.8253770485995,3.04142005489678,15.1150165311992,16.63302467516,26.309681801458,"0","0",1121.38115905658
43,134.065707775206,8.35370449303745,53.4432656746291,18.6018353700638,18.4743136764254,23.7341391945675,"0","0",1091.92823337885
44,15.7932960316677,12.3931171860174,13.8926641091648,35.7140823081136,34.5895070360006,24.5769732544956,"0","0",1040.74875275981
45,84.2449870651819,2.30871140579868,22.1310881288692,36.1950653698295,33.8610160609284,29.4755283270294,"0","0",1295.25325803588
46,355.420818533113,18.9507877007451,102.455035112389,28.1591721344739,27.4973165785038,32.0863077646089,"0","0",1712.68693778761
47,54.447890050718,99.9668596514826,36.8911983673207,41.3157138135284,38.2795704888281,29.3845462281391,"0","0",1287.16873961377
48,38.9879530038358,30.8214110661515,0.906504173974982,30.6898972764611,27.8409027395517,37.7963874238409,"0","0",1699.15988601293
49,321.618870173436,27.9053916227297,34.2957750613612,41.748665953055,35.7260450713733,36.4015207130464,"0","0",1749.57336965255
50,127.725431446412,19.681297556172,13.1500505715008,16.7533574718982,12.0631046328796,23.2776115590581,"0","0",1116.35791874799
51,97.0004324728908,4.27850834148198,9.017121947433,17.6211191993207,13.6438748529191,33.6097822265567,"0","0",1521.65137413707
52,109.441246169552,24.5426414870249,89.7837111525518,11.8882831465453,8.2787900718479,24.663595110605,"0","0",1117.06792926075
53,43.6246778281779,16.397649777412,81.6287051117675,33.7807797174901,28.9730482194494,27.5532151954671,"0","0",1187.27060105841
54,47.2599166013116,70.1039267341437,24.4068461229808,11.2571581918746,8.07461878068219,30.3813029702381,"0","0",1341.58997568811
55,100.358541241972,51.5969750011501,38.0264779092736,21.7144428379834,21.6447328947209,31.467920632785,"0","0",1411.4977393471
56,37.0030079825386,21.8671794961918,11.290748977152,41.464592218399,36.8146237488759,36.2708858617786,"0","0",1764.59277372831
57,43.0740819916478,1.39647058371808,24.4838258405326,18.3876995462924,14.9462311012362,28.100680411717,"0","0",1234.22492297539
58,69.576671250028,107.780422913383,30.0756351027139,22.2357146441936,19.4593338975604,29.8888163128998,"0","0",1365.98041921221
59,193.819590231686,10.9360271796301,16.7762806362758,19.0388329140842,16.856556918129,30.8480214231383,"0","0",1459.90899621282
60,149.430073732968,58.2790135067251,44.8873202897743,11.622977713123,10.16360812714,32.8340220461794,"0","0",1579.42891729802
61,126.76948146824,14.1156223054694,10.3024592387206,26.4163757767528,26.5706425207603,30.3073461890502,"0","0",1915.20467840385
62,84.259783772522,19.7570133312889,29.9095154141224,21.611350569874,18.2500046630201,31.5673905770853,"0","1",1604.37826623313
63,37.7880124390311,66.6439292150416,23.9147172455404,36.1950346268713,32.9530621002924,22.9622046268779,"0","0",1099.76313287621
64,125.603206242237,7.66426208561575,13.8447883444836,45.4725081194192,38.8399657295468,29.3844574097253,"0","0",1363.02117134522
65,56.3868578237252,2.82954109459166,26.8399915365175,14.4720319658518,11.9540343245606,26.6219281013609,"0","1",1336.0693940204
66,101.682992781155,26.7816865165303,24.4878405243787,24.3743086140603,20.9871847380182,19.5956863765164,"0","0",1145.05508415776
67,155.384468767311,61.0623458874051,0.198811384960208,36.0325975436717,32.8345094132555,34.3920152092019,"0","0",1620.78641740588
68,42.9174864358964,10.7082977266613,4.15659565452637,48.2801025081426,44.7316975589375,34.133155525464,"0","0",1535.06752682544
69,151.140124085966,5.25485686921898,54.1859320479735,11.9705252349377,12.1404648909929,37.9577753731871,"0","0",1829.24425682973
70,39.3298709020929,7.57819940651174,10.9281037681156,48.4969930630177,43.8159779672228,31.2484540961641,"0","0",1403.99226099029
71,182.738265328248,6.14259486392444,7.36229453927855,33.551158523187,28.0559175560685,37.0283531185956,"0","0",1768.17854633965
72,107.669680588081,12.2147867413964,13.0555390311971,28.2477051764727,30.1963155945468,35.5909297240781,"0","0",1684.90224814486
73,84.1318377306372,23.9506079724383,9.45364552830489,26.005709534511,20.9242596611037,31.0226984895566,"0","0",1439.75102624351
74,135.474819135412,1.07311799655392,20.7552879706557,28.24528073892,23.0294712384313,36.7894098676367,"0","0",1773.82503228466
75,45.4048239967882,52.4262912698864,27.437234066543,14.925556126982,15.3757456617052,39.6149939062744,"0","0",1900.48182515791
76,115.78616330619,41.6654825182015,88.596376960282,31.199066536501,26.6654350993374,37.524068842071,"0","0",1827.924343896
77,153.029666749474,22.2134924848219,37.0657631403291,35.128109594807,32.34806061707,39.7099168309242,"0","0",1951.33617894128
78,83.7826456251918,7.74742172866374,27.8085965719383,47.4042113311589,43.3161146233351,29.4852788417854,"0","0",1386.12314184198
79,43.4863070918674,12.1559658523482,30.4080764050207,18.9356146100909,18.0962428785705,37.7467722943656,"0","0",1801.8563368392
80,9.71361458789397,37.1934035304406,44.8579268407513,36.9244484137744,29.969219682217,27.0861363935173,"0","0",1201.53247350746
81,76.4324977065208,31.3840827121467,31.5493125299144,40.5994865205139,39.4274646990684,28.096067852046,"0","0",1433.45028067164
82,156.947050084042,54.6523337734099,28.8531705754371,17.5844178255647,16.8996971261298,39.2053296527643,"0","0",1889.44242482419
83,69.0795423981381,1.28100625483911,25.6663386796112,14.4010287057608,15.6733320023703,31.3017714865779,"0","0",1442.37843739056
84,112.820056996227,1.67732284857659,3.26956043702297,36.0828743688762,29.0310312423852,28.2695916106496,"0","0",1290.01994586506
85,43.5882725118932,10.8651529402671,33.6972514648741,10.348598677665,8.26132547287696,43.191890910348,"0","0",2188.838349746
86,45.4428386252676,1.61916174501259,42.8150673175894,27.488060425967,23.4260897885327,31.8979124980802,"0","0",1460.31525038091
87,212.042018142784,22.0289191546336,38.200119079862,27.0371110364795,22.6126758449251,38.0725825574726,"0","0",1829.66409247805
88,156.907966509598,4.73358466233672,50.2327248651395,28.8190284557641,24.7349464454569,36.1235126645129,"0","0",1716.98085776756
89,11.4779721056,77.112057324195,47.8513581806274,32.6071829348803,30.7986539505974,46.9413266534461,"0","0",2206.84994314454
90,74.8975839241229,0.196834477021038,6.6061819705017,24.8458726890385,24.3912150731967,42.4855232982053,"0","0",2001.09313967455
91,41.1453165248458,1.29767500372798,46.9587910468197,37.0658194553107,32.5306517559335,28.765920905843,"0","0",1308.52073578212
92,63.5339698590999,32.0159970515522,19.4094566844956,19.8196960519999,17.2629186422943,30.1518339619727,"0","1",1542.93934088149
93,8.83578452583321,39.4110333986167,60.277274701435,44.499433003366,39.4514386231236,46.537174114955,"0","0",2179.16524051002
94,50.1619587976674,1.6679144351126,46.2710707082767,26.504498468712,23.8439101349637,39.9988188950635,"0","0",1886.56865508552
95,59.8507029130221,40.0475234267011,36.6762285463572,49.8603823687881,40.4629522920133,37.119554985602,"0","0",1680.76462548831
96,103.911121757739,8.46655929285073,10.6936038643083,28.9969483856112,29.224067016084,31.7866150270282,"0","1",1597.84601682388
97,26.0082612347897,9.22177914834143,3.12955206958835,48.9607972092927,41.0346022144986,33.9062478779181,"0","0",1980.87305054645
98,62.9608038623067,119.394425600635,24.4011175345946,15.0552369374782,14.0843648829836,36.304162866758,"0","0",1658.05280975087
99,43.1996784473877,5.20228513352485,9.35698712776606,36.4983202051371,33.2222087913888,34.8990098302403,"0","0",1529.99095997203
100,78.7571684907316,64.263773737699,23.9737225217709,30.8649975806475,26.5340012170269,32.3100999738893,"0","0",1419.4426467228
101,77.381492306193,14.698314651196,4.46762182887127,27.5439230259508,26.0905834063965,36.0124289225686,"0","0",1610.95253595717
102,143.600787779475,18.872163831894,75.0337819690289,26.2984316144139,25.907802931862,37.0761145857928,"0","0",1726.8287178607
103,78.3216447165845,23.4126959761203,25.8450518876983,49.114022674039,42.7793499848629,31.5690695354621,"0","0",1392.12613194456
104,49.8246498184073,11.9629297384934,108.574172954112,16.6397508513182,15.799692132027,33.0169693549724,"0","0",1521.0373429536
105,9.34399449240022,48.7884802983905,13.7814781985979,38.8655993714929,36.3427527712549,32.7124375083283,"0","0",1603.91135877918
106,51.7540301285639,32.3275262082318,20.0818389643301,40.8832285553217,35.9162799459735,17.5694002935532,"0","0",1083.13519077945
107,297.578897631499,0.804264961113391,20.7198328112125,20.3782654181123,17.0660131181712,34.2898759263407,"0","0",1669.39868217489
108,60.3857708481008,56.1656525865648,7.05203650958452,18.0034661013633,14.0161610044541,31.3516104512714,"0","0",1601.71627374082
109,108.202163648475,29.5458832746356,18.2707867054059,39.9716894794255,36.1973359186814,33.1736887620346,"0","0",1512.13823214235
110,77.2978761368477,5.8358696869043,26.8842431119731,17.7838054858148,12.4590296788923,32.4047976312648,"0","0",1495.86162350264
111,45.2951050525604,12.3673785751448,49.8526879341394,32.397669441998,29.1951383910849,33.7487407054916,"0","0",1506.49336272122
112,45.397419751942,21.9270099584904,14.5576185249362,26.9685522094369,27.5536229277188,29.5437083377952,"0","0",1300.57003475189
113,56.7016838817628,71.0443750917772,19.877585271647,26.3232591189444,20.436355801175,30.6990464756757,"0","0",1360.74714022973
114,9.18682009152983,39.4086577040118,49.9725235963009,35.2283024229109,31.6849856393178,27.5372853025743,"0","0",1147.06587484331
115,80.8554426595005,67.9152633211532,18.6083269731784,17.8037582151592,13.6853237124422,34.8461312642136,"0","0",1574.35377758888
116,35.1299223027534,0.601000138793946,31.4559653556855,48.2393813785166,42.0083482212781,34.8704765691414,"0","0",1529.77019261727
117,3.66994964798602,23.3383326784382,33.2695453988767,14.4824766088277,14.1058565209545,31.8348920823961,"0","0",1403.90354828064
118,66.8116074413824,9.53538450096141,14.289581141489,31.7993353214115,30.1586173232722,29.8875963635907,"0","0",1329.62260791513
119,92.8167840890774,66.8984115558153,9.10902613899768,34.2146543506533,33.2467980450873,33.158465664931,"0","0",1674.46083570641
120,120.204401460345,65.9032080627129,30.1627435832622,19.1630819626153,15.8974343849404,34.7770700430175,"1","0",1862.12193531291
121,18.2863438186721,4.00556053768147,3.45219724062561,20.6061634141952,19.4801209216711,37.3358753584369,"0","0",1728.90286164711
122,20.0243013951198,89.7231174125662,58.6301034021041,46.203100644052,46.574526591348,23.4584186173134,"0","0",1106.54207349168
123,73.990360887431,9.56141450981361,69.6758974904806,12.9298572707921,9.42834295450818,34.2409201231379,"0","0",1611.34695508365
124,29.5097966753941,2.75044157509531,31.2608710077588,26.8578765075654,25.0512003302835,36.2581181189821,"0","1",1849.73487888002
125,151.73032999112,0.696753026847593,7.15720738225278,13.3369916956872,11.7098301247522,35.6088979632519,"0","0",1706.16741969364
126,225.961486431273,38.2972232069227,43.1892680306981,43.357315659523,35.4763466322531,31.4023712746155,"0","0",1477.5279604481
127,63.5520077835786,136.780512037478,15.5812057574337,24.1767951473594,21.1786659574841,33.8789920230091,"0","0",1562.49920083153
128,257.81682218591,117.301026848584,103.213796599707,38.2379522547126,37.509273505087,40.3407690859357,"0","0",1961.9423044441
129,74.1617330767722,3.17153094904672,11.076500776156,47.0496126636863,45.7243036451665,29.1194688992952,"0","0",1267.74195389638
130,61.6537666696282,92.1192555756683,19.2076291390148,25.9522386919707,22.0001646154785,30.1828257051478,"0","0",1344.46697529789
131,46.5590776109556,59.0272120279794,35.6660062637075,15.1522178575397,12.8262985100506,26.8593686991829,"0","0",1207.52517650169
132,74.3420420386626,13.2019873197579,15.9479295161503,34.6862336713821,31.1110023239136,33.2149065887105,"0","0",1517.55078105094
133,149.943202906726,29.7288480093271,16.2406621907106,34.2071220185608,31.2434569945697,30.6926509762063,"0","0",1426.25314190584
134,68.0142184593593,43.5838111838377,18.6067059333323,45.7669991254807,46.4088070392301,26.2727471354515,"0","0",1159.96444017451
135,81.3691101645183,5.98369065567336,28.2718024764208,18.799754884094,19.5097505448875,27.3670205953033,"0","0",1270.63519770271
136,30.0918839716823,18.6424867910449,23.366281236071,19.6133612003177,22.0145574052899,31.7128229173657,"0","0",1474.0753271227
137,22.4564644326401,10.767074418818,39.4976223864899,11.2861496023834,9.58738842059606,29.0886931822728,"0","0",1363.09076445246
138,101.587109030633,14.3997536300954,18.7271151384361,18.5686504933983,16.5315622324396,22.71442867239,"0","0",1185.38971923563
139,48.0916902083441,15.3828041226865,4.47317842164029,18.840537071228,16.7638171658725,22.7056732249563,"0","0",1142.75020040279
140,120.521155396679,12.6238693822466,38.0795627538714,35.4954901523888,32.8308938693955,29.8910791652993,"0","1",1578.94086963051
141,17.8574108275025,72.9246640868633,18.2246714058476,21.6168552264571,19.8095561621829,23.7484759140691,"0","0",1097.98822962413
142,100.563407020351,61.5031158767614,36.589199171323,47.6630788110197,48.8924922084054,36.4459564968727,"0","0",1675.13942947933
143,90.9335459353544,30.0356735488201,14.931245736041,29.9572161398828,26.2293216680784,35.3168090033979,"0","0",1606.58586432114
144,110.083832602896,14.4887125633764,65.4760563854802,24.3288368079811,22.171573340632,23.6994223628888,"0","0",1098.02511092088
145,247.186881634943,78.3152908654737,19.3379468860258,33.4343357756734,28.9796903905478,24.8932225980319,"0","0",1150.73136833721
146,142.551491473736,3.96509867902095,53.3618264699043,31.8499121442437,29.0352334847495,26.1502099577659,"0","0",1320.58270493498
147,87.5107540260422,10.2694937734376,7.68980283382704,39.2837057448924,35.7896787687886,22.9643476191367,"0","0",1057.9847322677
148,224.694132692118,21.9632395871222,34.5110032808139,31.4311824180186,27.929094587037,30.7293785227069,"0","0",1427.86815491165
149,114.964917799629,13.6133777780756,21.4273305136593,23.4484074357897,21.8746639761768,27.7325849841095,"0","0",1244.62401969871
150,120.111309386176,0.0175150587032898,29.2964121809157,26.3726026006043,19.9389133474223,31.7449143822999,"0","0",1478.63140317841
151,170.618465349534,41.778063639793,80.5092218294665,46.9705486111343,44.044862659332,29.2569675373799,"0","0",1355.05290426075
152,85.1901675101021,16.4047764646184,33.8669021104683,23.8932183384895,24.068735548228,18.9462155607219,"0","0",1106.35235442863
153,126.00625947265,70.1316382520931,6.48214407495485,36.045928215608,30.4603381144769,27.4167479502195,"0","0",1394.87293819005
154,59.1333304040272,5.07163926535573,36.613280134627,30.6015192717314,29.6663949720919,26.6181464819207,"0","0",1172.63915244629
155,153.143508378999,7.93257523862383,24.4120675907525,18.4540360234678,15.2596515652103,29.9713931727525,"0","0",1508.44292420368
156,100.318510753279,2.63585630518225,10.1069599204277,31.1577567923814,27.91235132269,27.2463896155637,"0","0",1187.09960148877
157,44.7712784642273,79.1299717787773,23.6615423535348,29.8826056625694,28.9645647023908,18.3710957385163,"0","1",1220.73422321472
158,44.6792331583051,1.27309714939049,42.9093141160788,12.8834375552833,12.2143387703797,24.0326803346653,"0","0",1038.10910906511
159,278.664886295395,26.3650951675463,52.486623969705,27.2836524434388,22.3785109032133,20.6410383668199,"0","0",1093.20601998376
160,77.8766985115576,16.9003443485822,0.467619876891327,25.7110021170229,26.6100741000049,9.71121553607731,"0","0",1001.6436991284
161,58.7434851639493,3.56953535300871,39.5366931499423,45.4319571424276,44.0331858871085,20.6469404790069,"0","0",984.113768136798
162,42.4181574568953,8.8134257984875,14.8335967596937,10.8889944944531,7.36244417736039,16.4851338527962,"0","0",1037.55048412392
163,96.0624610295238,21.0165827283303,8.29598428307781,19.0500671882182,16.9178244921548,22.9556549656604,"0","0",1040.71700624905
164,154.688861412293,8.57574159181868,41.7538985910971,26.560447672382,24.4778209227646,14.0968384519286,"0","0",1072.23043438868
165,136.697909624102,14.3406721898949,107.612006344736,34.3589115981013,28.9459771546253,17.4855640026177,"0","0",1092.69018454308
166,58.239360521499,20.4747040474424,15.018560284251,17.9017433431,16.7058149256055,28.9034143661559,"0","0",1232.97705411772
167,35.9366914688383,1.16065905304637,22.4537732207981,25.7066734600812,24.4719845623562,15.4391468047198,"0","0",1052.69052643057
168,88.757076572727,18.6770877487874,78.5018614368165,39.0798371657729,37.0529384647659,26.838387598639,"0","0",1149.3248602268
169,181.00648881026,68.8341703275925,3.81940951638336,35.2261062338948,31.2396099326469,14.1881959214097,"0","0",1088.03476712804
170,118.905037450749,43.7195576478687,25.0633169963719,21.3418915588409,20.7904202645306,23.6882671682555,"0","0",1058.57315603132
171,113.24226653955,14.6017971198647,4.79350983100526,45.9804231580347,41.6106063120261,25.2507357258271,"0","0",1018.28491440281
172,78.1064972608049,16.3123726024584,25.9155159646715,42.6256914995611,36.8854127270981,17.2511953341378,"0","0",990.17744427704
173,107.095606281802,17.201187572926,17.8651485878848,41.8057846371084,37.0762914468462,18.2774727304274,"0","0",991.851160464935
174,59.5484532240614,17.34547763022,15.0862315642389,29.248207276687,30.0847517608683,15.2508022993649,"0","0",986.347138317967
175,56.9443047571515,83.9573055183898,10.823631663858,48.410387756303,44.3179011545377,16.5625634452791,"0","0",966.502653345737
176,34.255531965675,4.77290526732321,5.46070466608482,10.2135636284947,8.38075471035266,13.3065500913727,"0","0",1007.21453335941
177,102.020529557841,0.177076291747793,22.2200060527394,14.4989678449929,11.4641360152326,22.0426718474385,"0","0",1065.06607067444
178,92.0386079808588,128.885118007263,25.2426188678934,38.681828090921,34.2194513349427,21.108968570429,"0","0",1006.75241652303
179,80.6941118168753,3.59716369358349,18.0969950604001,12.4855607748032,9.85093180227158,10.7339406718127,"0","0",1047.29090909299
180,39.1082703214955,34.1513918859307,20.9328581584284,28.676350703463,24.2770999967003,14.4986149870642,"0","0",1026.36354699517
181,81.3200408395815,2.66179242480347,12.0814769381953,34.1123947128654,27.4285938847764,16.0698182357024,"0","0",1051.1189997291
182,90.5412967642886,10.1372305007298,10.0633783594436,27.675974695012,25.3601515700622,15.6848628503046,"0","0",1062.96077862939
183,165.893583073906,41.3128023624895,40.6157850019102,31.7327824514359,28.4545239729873,17.7023473328377,"0","0",1111.82415316002
184,150.549387017694,20.1305671601212,4.99690191970231,33.9234763104469,29.6642778791305,16.0903131112901,"0","0",1073.72597951736
185,10.4766474873344,7.44615043703346,17.1944099474705,46.3467857800424,44.8747660121343,26.4117076542646,"0","0",1057.23666395197
186,58.467218021861,12.2805388142316,23.4206066288039,33.3701154496521,32.1360046492318,25.7286022720735,"0","0",1045.65445110769
187,56.4798770147027,0.704052911373953,67.427795470996,16.212101355195,14.395301417449,13.4345587036328,"0","0",1045.42819871983
188,35.0973452246571,15.8061142824869,84.6800339294379,46.9248739443719,42.9876760568044,4.96148798065701,"0","0",999.569231295972
189,119.397258033951,29.0884519848539,20.956097939291,31.662296783179,29.3331046315582,20.8261236384117,"0","0",1031.88291518999
190,165.85788631919,6.50225170975951,38.3502876071265,31.262632375583,29.4764598031904,6.55728166823978,"0","0",1042.89915489089
191,86.8946174506102,39.6794867710172,42.8224764909496,37.6724124606699,38.1587672480575,12.7828806507258,"0","0",1155.7235523658
192,22.6186150029658,79.3121374298117,14.2065861039136,26.3443379942328,22.6250612183967,5.16259347641962,"0","0",973.765004168836
193,191.586391167682,7.67886837880646,83.1804508930859,23.3247871603817,22.2065420822508,9.23380555588064,"0","0",1102.07600508171
194,107.848661717597,52.3069351318718,16.4989846485614,38.6804708372802,34.0792859328699,7.04404974538969,"0","0",1057.66996110635
195,132.322393435957,40.7966497226685,46.8045169772306,12.2057080548257,9.73355198916167,12.6667550816266,"0","0",1110.16895250472
196,173.912244921074,8.80076583090498,8.33336945813286,42.0680630858988,35.3356928551363,7.36740209754405,"0","0",1060.70414202709
197,121.365107788723,13.8204284087263,45.9213944636922,21.1624001152813,19.2779341505832,10.1835380851129,"0","0",1085.29017069617
198,139.360672747397,20.7742754243491,30.735203703759,15.6334502156824,11.003015543497,8.68548066287789,"0","0",1074.97800322126
199,63.978879911583,6.79151265502246,32.2295033124421,36.6738388221711,30.8435263186228,7.15687764289056,"0","0",1022.94569871404
200,93.252830232396,1.69639582363416,7.54692871718165,11.0750309564173,10.4263106834698,-0.078690554754294,"0","0",1042.68456636748
201,25.9189407349857,4.8974111071275,41.2982134366119,43.7774010095745,37.2657577182384,8.26112255642115,"0","0",980.795013700057
202,57.5413142661629,38.5134212305435,16.4852053361534,32.7239398472011,31.2740671801003,1.3294218813852,"0","0",973.86826639785
203,76.2902022202676,4.01132235177153,36.1765144382503,16.8743021693081,14.2834929159376,3.8131469612026,"0","0",994.379870489944
204,224.432670500591,59.5649885639855,37.5813116385307,12.3195558413863,9.81074095245563,9.53762852871457,"0","0",1069.81756588559
205,166.752155378184,32.9018737917229,60.6809614478396,39.4588000699878,34.9503788198343,1.39735776071463,"0","0",1010.57129187705
206,107.667313375258,1.31362748355273,42.6092034300254,42.0096969138831,37.7596206963388,15.7638061957919,"0","0",989.374169392323
207,43.9413559062221,59.996056397015,12.4985335937419,34.483671952039,32.4313224909443,5.59328605117996,"0","0",961.298568685713
208,99.5679735963004,35.8534479633646,5.38690341533715,49.6985816024244,47.073680866377,11.4087998334385,"0","0",964.334285781015
209,92.5886354188475,13.3139830413082,9.92958665902808,42.2182538732886,37.8760189896893,12.0062437875721,"0","0",999.498437788247
210,152.65141266413,28.3104172284923,17.9367708102522,32.5501364283264,32.7161797363555,12.6390958541381,"0","0",1044.11308195818
211,65.0073489444637,27.6963060938001,38.0292760064084,28.7282682210207,24.3600342574733,11.4797141848602,"0","1",1255.1002158682
212,11.3325974508901,31.7953221795313,45.0839682444606,30.8721130061895,29.3795919730846,2.95832919588689,"0","0",1126.98190404562
213,126.723412551502,25.9539804461554,42.6669419828531,49.8505168128759,46.6679686762312,5.4460537493099,"0","0",978.684934570055
214,59.4127180948014,30.0360404393685,83.1484800876823,37.8650096151978,31.1000488486573,0.0438739324875153,"0","0",980.483879683889
215,79.3856541532725,17.1423241995886,39.9372643480825,31.7662002891302,28.5839601086157,6.6769040206047,"0","0",979.214644855755
216,72.3711660600104,90.5867173056192,10.9348077259925,41.7190730478615,37.025314649711,1.25140973746798,"0","0",923.306139317266
217,83.0034533444481,45.7922477821157,40.2695316918577,45.340140806511,38.4410611884709,3.73199569536592,"0","0",927.820960506017
218,128.791050488817,31.4838560923741,31.5295058901356,20.1212077774107,16.4330553841054,6.38323548821351,"0","0",970.15837945335
219,52.1137203389665,16.7449605903428,17.492574742272,16.2274394277483,13.9744109310199,1.88273865866564,"0","0",904.24148669467
220,37.9419510225174,14.4483513205361,14.4941943383232,39.3391300365329,31.8293649688834,-0.603902286930944,"0","0",1029.75023689526
221,99.6738300088163,23.1679026004745,10.8540777372835,40.0682482775301,36.4491317338171,2.21159990019546,"0","0",909.453387923247
222,29.9009886667274,84.5842214471252,33.9123243877752,43.4339727181941,37.9460279081966,8.56726647848056,"0","0",879.11963560753
223,142.975878419378,21.6105781383674,12.5345004202803,26.1746326554567,22.4595047294517,-0.680203098866815,"0","0",943.076257690596
224,91.0129924046563,11.2700323949795,27.6666712410489,49.7937674634159,44.1358605531237,2.40013932639556,"0","0",921.059265016767
225,129.466630359536,32.8592160047577,30.2869848995022,32.8794322907925,28.1908748228676,-6.36963806085222,"0","0",980.50255697636
226,159.830266178962,33.1168435419315,1.5899552620482,45.1939030084759,38.3623370340908,6.4059874866529,"0","0",955.084738778809
227,148.985654481799,6.86087387394921,19.9921390006135,24.7659549675882,22.853061706538,3.31405413200162,"0","0",975.375831963916
228,57.6450775866023,41.1377160209733,37.4005075138486,38.5755105409771,35.6237654654197,4.72878809341247,"0","0",918.767133523743
229,102.768572207713,26.9506322536272,77.0165562843992,19.287046790123,13.1971247470575,11.9496684913099,"0","0",1137.38478767685
230,176.198805852489,52.3417584441674,40.6542112207635,40.2375903446227,37.2224107233098,2.60633388000164,"0","0",978.643963255364
231,225.377850178639,12.0178455321526,87.6033209389768,32.48589460738,30.1245792602562,-0.769376191237,"0","0",979.067491768337
232,19.9114918728205,12.0016802101614,60.6374118743964,42.3336863424629,40.3178936498173,2.56187085817145,"0","0",875.392395725811
233,57.2417600104605,7.49784137767406,15.0026867268612,16.6787593718618,14.7378986920328,4.54123896735266,"0","0",895.661655408278
234,110.425431110096,18.6192813293438,38.2364674968764,13.3618606161326,14.3664485920647,3.4344228528245,"0","0",936.270601848204
235,64.4694818639234,27.9061365121977,23.1271945466712,19.589220257476,19.2494721862528,1.22649816477257,"0","0",899.146660966287
236,43.8652890216827,68.0263358315554,26.1162422390932,45.1802240405232,40.4449902363343,6.70922701258296,"0","0",869.31403253929
237,127.655533626001,0.534787216364198,30.5329741143937,32.3824468720704,28.6711633664732,6.37945665103039,"0","0",933.343320450507
238,93.0634584503252,6.15478178175836,21.0564563183339,19.1908081993461,17.6685429593062,5.69289511517352,"0","0",966.161696337379
239,106.1088778989,12.6740346143437,12.2033444002304,32.6768268737942,29.0013311519423,-8.8859559703609,"0","0",964.187718380688
240,99.9662760119303,1.93251107106576,55.7395621609435,35.9117729961872,29.5362982469644,0.0546140349921791,"0","0",975.646709578517
241,93.015507595797,43.2995137248574,1.23262766908234,12.8926871903241,10.8283654394563,-2.16220015621218,"0","0",974.613816255524
242,80.6907203117755,16.9869043435364,58.357378549015,16.6770931985229,16.6275364806542,-2.28025179968472,"0","0",1008.29967978838
243,141.548722479022,15.2809742033674,15.5800468096737,13.7440913822502,11.1510949648614,2.83225065259587,"0","0",1004.50203442366
244,124.77173843402,31.3697389423481,49.981722082196,48.2426982372999,45.0577008303795,0.0841163965405731,"0","0",967.966393684653
245,131.49737551556,27.4492422894023,11.0577364503983,12.8623412176967,12.9036960636354,8.71790745971778,"0","0",998.636711342198
246,158.104940274363,22.1680951473225,27.5091629363201,21.0838480573148,18.9004001170052,-1.1677786869482,"0","0",969.335225670639
247,112.41204788172,37.7532697320761,7.60584810253205,45.2446900215,41.3090541553259,-2.04623780683731,"0","1",1224.6067621986
248,65.9234101872781,11.7927095183017,55.841441684499,15.9707815945148,11.5447136769235,0.335056035161254,"0","0",959.19888069681
249,78.1335983618645,27.1485312293381,11.3431860530859,12.9016297310591,11.1682622331635,1.2378625510098,"0","0",957.220996477162
250,83.0982342150308,173.884542254581,30.4645280489586,17.8523901291192,17.9283759360437,0.583665960119772,"0","0",951.387946832917
251,230.642964793426,21.4943941170236,127.554891842779,40.099138636142,39.3181896976197,-2.02866044351492,"0","0",995.145527113263
252,139.08024936514,63.8102176594793,79.1604718857436,24.6492660604417,21.9852686972657,-5.62622173260602,"0","0",985.138435825718
253,78.9779431341294,9.27871520640089,27.9044219351067,33.4777781553566,33.4330167846487,-3.00145733675516,"0","0",945.494046052429
254,114.005077506044,34.537746388577,21.2964996992684,20.5085822194815,16.6162978444063,0.336577641956199,"0","0",1011.5414177995
255,56.0570657140144,74.1631216566639,29.3631300503034,47.72933954373,44.7696134291205,-3.30024082056632,"0","0",948.722183409971
256,98.3557051766801,28.9515640742576,80.2178903339429,11.6749814338982,11.7404430470714,-0.679888020009247,"0","0",1022.76810243232
257,88.6509835946991,67.6682771710541,5.60890185703108,27.9310412704945,26.6504861583312,0.770389877688809,"0","1",1304.88534299046
258,52.296790335057,22.6587416082977,18.8460987164828,17.778509715572,18.1349959450947,0.242231538899576,"0","0",992.901226295935
259,57.35068668119,5.92611808070376,15.4820953361427,12.7547389920801,12.2161848196588,2.96722380030911,"0","0",959.848938198823
260,107.476004924465,6.57694601240751,34.3240486969147,11.5391410980374,11.8997313515777,-4.58543122131229,"0","0",984.851729870851
261,201.936696920064,50.5047774535614,20.3401611798241,37.5297090690583,34.8914750554137,-1.35812852223872,"0","0",970.841952367303
262,52.1037749126776,9.74779961304678,20.4263976002465,37.7040119003505,36.6603966893957,-1.67885363283455,"0","0",921.802477182638
263,33.5971559423493,33.9782043026675,23.8153736225524,48.4230057243258,42.1749328996038,-2.94887665215549,"0","0",858.997704268928
264,73.6579181363309,36.6638138585546,71.3251762770799,29.2363738175482,20.8476168640447,-1.26233328327137,"0","0",919.488195789558
265,40.888509190261,179.592627661021,42.0600743965767,29.3349823914468,26.3377032295158,-4.03175444043087,"0","0",907.332637661038
266,44.872130140955,57.2643388736853,26.5954363498725,24.3701554462314,19.4996850843612,-2.81152160065326,"0","0",892.951968125129
267,78.6136322663437,39.2902477010683,73.1287741987575,36.8118895590305,32.4984914705915,-6.28173407254472,"0","0",926.193569318055
268,26.9261002124968,5.35214405666647,8.36474153691324,24.9040374904871,22.6830427212277,-8.2969509811119,"0","0",908.393360966426
269,171.332072025046,3.44146190353439,18.5537168484653,19.9937075003982,18.6985294541098,-6.57854761058335,"0","0",986.070866643055
270,129.55207541154,21.2980923094617,29.3459255485879,16.0639778524637,12.0905302030053,-1.39134552676232,"0","0",974.614302319656
271,23.5249000051786,3.09552241826105,8.29526472881803,11.5009771101177,8.91258486993728,-3.24901162301216,"0","0",938.20326012519
272,101.940938155124,0.430000679991031,6.94676546754339,10.0822729896754,8.39359035783258,1.34852675227914,"0","0",980.846045890559
273,79.1908760071051,13.7230714970073,5.54660380233785,10.538093438372,10.6907266543383,-1.23353660606349,"0","0",944.292047368824
274,48.5685093044585,57.95991078358,26.8353173832466,28.2084764074534,24.6312842855987,-7.41004186805431,"0","0",1062.21229710219
275,92.8642710440254,0.230534260622126,35.1132943168039,42.5539137795568,38.817440385429,-6.36638568363438,"0","0",905.635303374919
276,84.8043502525792,2.31920264457833,20.4219292294237,22.2611347958446,22.2142544499271,2.09462294973924,"0","0",1091.50840227346
277,67.8248484805526,15.3841214332163,19.5199869687578,46.5947757288814,43.2730231769033,-3.96024451748632,"0","0",849.597195450388
278,159.005464122278,10.6183913749189,26.8205386453377,38.083726093173,34.6774034166873,-2.79606238525698,"0","0",901.798143430385
279,153.976174839443,13.6581574126743,33.2062532578541,22.0441831462085,20.892760953161,-2.66339671288515,"0","0",915.801378324245
280,143.270303000679,30.8993133564982,53.7050065619277,30.9659601096064,23.7810136042968,-1.45590999820167,"0","0",893.761289777489
281,34.1977561846436,27.7163546738624,26.8380930863706,26.0222024284303,23.193256882346,-7.64627220905819,"0","0",863.68569742883
282,27.6654817932429,17.8172190356124,8.63886272658585,10.1096499059349,10.7887023155436,-6.70370416960793,"0","0",1041.08940700558
283,12.0789517667481,15.213116175062,9.97659404812967,23.9672807510942,24.4406893320566,0.505884726688722,"0","0",860.60364590703
284,114.734481461646,22.5252680736294,5.5738629903867,37.3238588031381,33.298780469395,-3.63688625542602,"0","0",894.389367477589
285,103.870794625971,43.4509955820627,27.1489767502343,37.5060478691012,35.2138484057091,1.53497472116285,"0","0",933.89320577116
286,44.2226599562606,24.3354425170094,59.5739520378636,21.2163751292974,20.2775722920637,-6.9291267960102,"0","0",913.799879011674
287,26.0533832915887,3.63314187094091,10.3207177101225,49.2407890595496,41.8947207692197,-4.36549398410724,"0","0",1038.11293610914
288,57.3743360769404,7.24680296923631,33.2655127928434,27.4691687524319,23.9052386921372,-4.96714213624461,"0","0",914.746708466843
289,25.1483255414306,108.777074216058,15.0845724920523,48.1331374589354,44.2247179349032,-5.11539327383873,"0","0",855.166274667821
290,64.2503005416499,0.94021800704184,10.8543527045492,17.5025502406061,12.8698468277518,-3.41038519673271,"0","0",907.2971247506
291,169.598070542899,19.5500553923231,14.7165758049552,48.1689419317991,44.9555219164796,-1.0510043745778,"0","0",919.16777759451
292,40.4259961401152,1.67675404374131,12.9434966828796,15.7034539338201,15.1383800006161,-0.633633634125285,"0","0",883.154517363325
293,85.1651026518867,12.2496883454508,13.5562864619242,27.9745539277792,28.1692544693189,4.09526336539368,"0","0",1027.77525517946
294,205.021640878273,141.86342447087,60.3997292170663,25.3308385796845,22.2841427235013,-11.6536130485437,"0","0",960.871331047454
295,50.1287440799455,33.7223984806518,21.4824315278607,47.615025844425,43.8904678284261,1.53344136664431,"0","0",862.603745603122
296,107.218023134905,9.95736185007758,23.154156088868,31.6248479858041,28.3716217101826,-0.571352393355774,"0","0",918.072559799061
297,122.687982368254,125.835053821557,11.0821168702294,16.977262571454,12.7918724221459,-5.17175968172757,"0","0",936.039879840477
298,177.203846385807,10.9819384500641,8.48224646933393,34.4813513662666,34.2715888303171,5.42155170292929,"0","0",958.191141934089
299,11.9277122929658,38.4785448999499,50.8277532849288,21.6796806268394,19.5612302491448,0.180557109957355,"0","0",918.621889889337
300,73.2078213779903,7.68357279417005,37.0416072085674,29.6001128014177,24.7349844178624,-2.43241854730071,"1","0",1126.675315369
301,62.6899839385448,12.2932384587074,7.75018804379188,20.5706249549985,13.5578406643214,-3.14675462415318,"0","0",955.239386604238
302,33.6584675381496,21.4360682965194,35.2354945175707,15.4807983152568,15.1476462266053,-5.27349651548417,"0","0",984.583691923283
303,88.7035023208084,19.0298152277369,82.0796266624387,30.9133706521243,28.38445206175,1.04699272638197,"0","0",983.629320677763
304,209.43458182229,2.85862134344488,24.6699777401525,22.1721868123859,19.3485859229289,1.08191885423351,"0","0",1018.66558846597
305,191.483177306691,13.3561174457953,50.427945159965,46.991747636348,41.980110599424,-8.99102209995623,"0","0",994.940129949054
306,18.5548563810123,15.3184186617436,16.5706929263574,17.9561908636242,15.9713470619623,4.99287456798851,"0","0",936.178143189898
307,46.2130104877568,30.2737588279868,49.1074832068707,22.0847820211202,19.4407163497331,-6.43890923350689,"0","0",972.583877416389
308,53.1933893461553,73.0148897906856,18.8455405951033,37.2750420961529,30.3383411931071,-5.10869927601246,"0","0",924.251394384805
309,25.349057905872,3.53901500657961,3.88636170893106,43.1686311308295,35.0049238064992,-5.16172343879775,"0","0",894.17596073071
310,62.4926621106529,46.9022390442808,59.2150307632753,44.2409547511488,37.6295421339103,-0.760679284773843,"0","0",925.943757646735
311,78.3632457472588,5.29954661533416,52.107001903484,42.5323662813753,36.5714724798506,-1.75826641550806,"0","0",937.828025716296
312,113.747790669576,45.4844122379108,89.9429901835364,30.400627842173,29.0502375547499,4.01267512328693,"0","0",1011.66736541902
313,49.2765914039707,14.0862167908897,61.1327669313715,18.2678110711277,16.8420942942086,-1.04380903993119,"0","0",972.75749506872
314,229.710931500292,35.3226501975441,5.05057578220402,41.0433480329812,36.6659431587073,7.14338358410592,"0","0",1019.44909439147
315,77.7616373933099,14.7758092383856,4.14229768355936,11.5904569905251,10.3123688254253,15.5118164729397,"0","0",994.530560765703
316,27.0097784339736,74.8006726391339,89.1955224102171,33.6785058211535,34.5951086997457,-9.04884785235696,"0","0",1149.96190523459
317,158.809340145112,18.8411630191785,2.49872087276013,34.3831674288958,30.6451133334598,-1.65321441472232,"0","0",1019.13918032385
318,122.472626240135,87.6251432779987,49.3451197537963,37.1915468107909,33.9248031212976,-5.3132222728826,"0","0",1017.13649069995
319,89.1110098810063,8.18928905148163,69.4591714834658,12.1807350590825,10.4109092220188,-4.40836087715575,"0","0",1200.91928108142
320,204.462187807941,30.6201223206792,61.3145282906896,28.0339014716446,24.7364880198088,2.73002203893205,"0","0",1201.26529403938
321,25.8785751236699,40.1335144712305,66.5405276507262,24.9657304864377,19.6781604720279,7.59033242880853,"0","0",1114.43783212525
322,10.58110565064,56.5544030374016,47.3889864590683,43.8590307720006,42.3536728777637,-3.66211661163382,"0","0",1074.72836095634
323,78.3814173624844,34.4191317748834,29.0053164366714,14.4031145609915,12.5115135074272,-8.67745146327862,"0","0",969.83794691225
324,115.156379343489,12.4873895088915,10.9130634617362,26.6173477564007,24.9329613156169,6.58377867688704,"0","0",982.891827311389
325,116.98319129866,0.643140134857793,72.5468207861197,18.7472161836922,17.3523055692024,-5.22016618551774,"0","0",1006.7070897582
326,165.899647295198,13.1984930421039,22.5274716504942,44.4051129277796,37.8214577607578,3.99282518305047,"0","0",989.176477085046
327,31.6282585858362,14.9379609788284,27.0651221468669,31.3989113643765,25.399043386539,-1.28792968266983,"0","0",939.60518536144
328,110.691927926305,43.3491267629637,60.6717800145213,37.2523391898721,32.5136282421028,6.5038314435532,"0","0",991.805647351574
329,185.414088165191,17.8952611228731,14.4569736187837,23.0439649149776,20.7639897576979,-5.00255511598878,"0","0",1012.02585472354
330,140.256515075881,10.3420134737577,21.0162116586877,15.5856309365481,9.81743154840348,7.40669146505623,"0","1",1251.20399338702
331,67.6364613668725,11.2686828936774,45.5908253525105,34.9616398103535,30.3876691440647,1.19372325743339,"0","0",982.121948046777
332,91.6911838026691,2.1858024525257,4.98945623471646,39.5462179649621,33.9591212534862,0.725729137189094,"0","0",964.51943453236
333,17.9753389299595,49.7481424020036,16.7036509530733,49.6774948574603,44.7730799879798,9.34174166945171,"0","0",916.10014451715
334,50.5711221897419,16.1741756593348,73.839598654534,28.0143190640956,23.580356502207,0.135266221553152,"0","0",984.822409345497
335,55.6260517834266,0.720124175688975,34.1330373272599,46.1833944916725,41.7976656165681,8.2659482417287,"0","0",951.735539295875
336,82.8178826643814,49.460364177241,90.8073334792112,19.1526290029287,17.5717598273187,8.37206403682649,"0","0",991.262708355209
337,77.1622567340184,98.5803290518181,8.33660294022202,15.9873445518315,12.7636440785992,2.32718166313538,"0","0",961.277136143759
338,76.5732070935631,26.9726287915342,24.5950418659799,39.5541563816369,36.5077650558277,4.63236129667587,"0","1",1142.42664228609
339,75.3469162912363,12.6995528069249,20.8562238945379,44.0328981634229,39.5963351251933,9.13214991962021,"0","0",916.443115658238
340,103.439236074425,15.2677507422753,80.9452433589423,45.1687094382942,44.1577517956404,3.71658549374544,"0","0",939.297263402196
341,190.278044948993,6.22503162987855,21.9593364330753,28.537903027609,25.4304173180223,13.9383962266724,"0","0",987.018006970589
342,102.80732178803,51.8804929961633,0.933367214385804,44.6692473627627,37.4407027921886,7.94857343455763,"0","0",945.601441991347
343,176.746806936363,144.892612928607,20.5717715291601,28.8348927441984,27.682977720149,8.63378978663479,"0","0",999.696293806806
344,48.5888733270901,35.4638530024326,22.9792805909496,42.5791106559336,37.956086220216,14.4326693583279,"0","0",941.90923910246
345,232.162252863456,0.133560802406752,32.8776691327745,37.0946566015482,33.657684657123,5.18831103644069,"0","0",1040.04987085571
346,22.2665864914268,18.9537196823907,20.648704322015,30.894565442577,25.8229208393307,12.7550821401253,"0","0",926.055467028729
347,18.8504263976068,14.0540511739988,18.3127672566565,24.4491412397474,22.7889979369574,18.0730692152317,"0","0",958.485690262549
348,36.8478183125682,19.6097512063734,35.5595137390362,30.2822052780539,25.5808114241468,12.2869718932053,"0","0",956.699580675683
349,30.1661634281934,4.58254564906797,7.06976145209194,23.9783195499331,20.3485903082214,10.3630631262521,"0","0",966.484411922457
350,192.84753704239,20.8090412900244,13.4187033039824,32.00593191199,31.3488165076258,16.0016443253362,"0","0",1019.15641465045
351,164.441389066228,14.7492677099827,14.2870417030672,20.8815258275717,18.3992490342182,7.19729248983886,"0","0",1021.84000352008
352,23.9550338804768,16.4358858121611,33.6511139248942,17.9218394123018,16.4151427235099,8.47781980507374,"0","0",950.266627748207
353,67.3207845131773,142.241117782216,57.9297920973874,32.5363777577877,32.8323300537311,8.35130818308221,"0","0",971.027589761048
354,270.505139424224,4.18551837780873,62.520120954197,46.4508841000497,41.530113855625,12.1297839307894,"0","0",1029.91562326684
355,53.5570423544107,13.7013442753423,99.859109963011,16.1425219383091,13.3382716622559,11.131176735919,"0","0",989.234195286176
356,196.948929475797,35.8718547303802,57.6448485095342,40.4005523305386,37.313656675145,11.4912689133925,"0","0",1011.46075775605
357,61.3534537475943,38.1193097978758,19.9870509875431,41.061694342643,35.0961549416191,20.2115943980876,"0","0",960.528949404973
358,4.59027072099664,4.40313256583071,13.184861927177,28.3661700412631,27.9592965573882,22.1445090113856,"0","0",978.547453834061
359,78.4687552156797,50.2322042612777,12.628434753008,40.5839462205768,35.1119874431798,2.9750604004211,"0","0",1014.66060905366
360,183.87116099718,24.0563030198968,16.0967127630592,38.6693513765931,30.5045010289005,8.56404385167814,"1","0",1275.14202677413
361,110.015708118249,62.4600733801982,20.9199669528571,30.0720107275993,28.0101989566145,14.0240141686013,"0","0",1054.88859967668
362,163.722438793074,12.4072503185603,33.1564321710734,33.0610668752342,31.3028362003952,5.35436084209196,"0","1",1271.08398782645
363,56.9865860435565,16.0427650862004,6.26194745402734,37.9535356163979,33.5571470222078,22.6649334560258,"0","0",1024.20813562684
364,33.3105252963553,1.68857582649762,71.0868568744521,49.7164692170918,47.4985275933718,12.764703911771,"0","0",1030.98907798385
365,74.3713219295695,13.9541023343366,12.8129115255925,28.6688151117414,25.1314256952122,13.3817820420264,"0","0",1208.88510132678
1,80.8694027073859,52.067238288729,10.4975578697777,20.2717748750001,19.0296029752409,14.2918686504826,"1","0",1259.79063493979
2,59.7768150585422,9.74124876710683,6.68604139395814,39.6312196645886,35.9602451181892,7.5530080053915,"0","0",1202.99073140247
3,9.26877578834859,4.97052411624249,32.1313740916828,33.9866216760129,25.3832119237804,17.805632531373,"0","0",1011.25685908629
4,218.404065464506,95.4074672820202,29.1386142404888,47.0785845909268,43.4764408965325,9.01720101139172,"0","0",1081.64232610019
5,74.6887985228388,19.4089766995821,35.9738172487583,11.6174085810781,8.47701815168575,13.3359600192279,"0","0",1079.34274048457
6,121.658830210993,61.3553014332979,16.4013242680971,12.0579181984067,7.49150622757552,10.7615424725733,"0","0",1085.97172919296
7,78.1737453924536,8.35285188652763,37.6081475895461,19.4387031532824,15.8571712560625,21.2227576730682,"0","1",1262.76978462854
8,118.706076461424,5.16434701826741,19.939865686268,25.9441039059311,26.4182897296294,23.152209521338,"0","0",1069.90858539334
9,27.5072637720181,81.460295378176,74.0362743108281,27.1099152043462,24.9586032847847,30.6482181191621,"0","0",1318.09703590991
10,163.679526677698,27.5831832879047,38.0979137666111,36.9140024110675,34.1171028084137,19.2716851754946,"0","0",1073.00495494631
11,44.3163415247155,9.50550632948869,43.7050773431344,28.1080619711429,27.8838585209823,16.7804836140711,"0","0",1042.24859560373
12,69.4377610801475,9.57241435798227,32.9037227690729,16.5768669266254,16.1164089604717,16.3068001793516,"0","0",1091.59359313106
13,140.018751382169,5.12357331969278,8.4283405237658,33.6776237841696,27.7387637451052,29.3985236576746,"0","0",1315.03506482935
14,235.997234287324,2.09767336349709,10.3789415799803,21.8489652685821,21.3450189128812,13.4023116230543,"0","0",1163.98611157273
15,203.180162114719,31.0598830556395,27.1947425246944,15.4152649454772,9.85677646004341,19.0137302420232,"0","0",1163.12018733658
16,145.329520294479,22.725796157383,46.9527622637817,26.2123657204211,21.7467417063379,17.7529534067263,"0","0",1129.92012735012
17,3.73208638120829,107.011078345471,4.65798215195584,18.1279085297137,18.3814833920981,22.392365250858,"0","0",1065.05391434538
18,95.6107091339173,7.11211753484969,4.64196884779598,44.6876410953701,39.7691568207936,19.9565805825338,"0","0",1103.49481667304
19,126.201990096311,22.9360150678828,25.9404923667841,28.3994699083269,25.780559702319,11.9632594786754,"0","0",1135.54144621098
20,37.866599385409,28.3021120629486,31.304828229795,30.9433510433882,27.2850511556025,18.0886464795184,"0","0",1079.86308904979
21,14.5891651815985,2.55215979024816,1.40894932920996,21.1315968539566,18.813204229712,26.0519749288416,"0","0",1096.17988853518
22,42.9146323167052,16.8096543661483,31.6419008128905,11.7412554845214,9.57286344652258,16.3294972097566,"0","0",1079.29200916326
23,135.952735209355,8.14105974053767,72.2860324504356,23.9048685971648,24.5057865421719,15.3894415064135,"0","0",1105.62177705613
24,32.2391934361522,3.20112869817824,39.2262689498021,39.7523673716933,38.120500355848,32.9775126603399,"0","0",1420.3969997214
25,51.1858764202321,8.27685056320276,26.206059517946,15.9798676706851,14.6364931406838,29.5485032066454,"0","0",1279.36481446913
26,20.4331982682013,31.9715256259052,16.6355169718892,30.3969567082822,24.7757456928618,19.6606319405997,"0","0",1191.26269570465
27,21.9397489047842,19.1894739673873,19.4119278554633,42.5198459718376,39.8704044518653,19.1379811160669,"0","0",1004.46048084624
28,195.187553694801,191.577872628102,7.50076490397053,26.4521977864206,25.6803970761424,24.5322656790787,"0","0",1122.852338289
29,68.6877444379028,57.5778009495235,17.5334799696942,39.8696920089424,36.3317983787719,27.1657333653675,"0","0",1176.10867883025
30,51.1712115034959,122.488222071741,15.5297133308022,31.368241449818,28.2316096975274,30.8478425110292,"0","0",1338.32763617207
31,78.0849687999265,31.4310509398182,41.5717441908463,11.366871772334,12.1460883086835,30.717103364332,"0","0",1417.54347393222
32,114.893142041299,0.51950492064245,27.3789131919798,31.2429909687489,27.3488362696568,35.0216641876817,"0","0",1596.71890547724
33,213.005231946578,140.548953327117,2.85889272721097,20.714904749766,21.7637140801269,26.5331536587732,"0","0",1236.71195399033
34,57.443779174443,21.774061965761,15.7972141162545,40.4795415420085,37.3923482876823,21.8425852874597,"0","0",1061.75215756709
35,49.233310727451,80.6375612770146,19.7595877651691,11.5117793809623,9.37086363336508,26.571960385473,"0","0",1297.08635987127
36,22.658881284005,23.8102182276387,10.3815393353743,11.2584112305194,9.76476037853499,26.0560847426069,"0","0",1103.26764515809
37,246.723371435123,13.577852247226,32.847867329031,34.485278762877,34.4531594665775,35.2426199453374,"0","0",1628.20028658809
38,20.0457119329685,46.8080324719831,42.2393335074273,25.0224802363664,23.8411590922369,25.2416108242398,"0","0",1030.88072538398
39,168.08593792501,18.8380976252339,53.1824310422354,23.7925892975181,22.2222290351251,33.3310519886668,"0","0",1512.7191110935
40,29.6967959190986,27.6241284211691,23.3183775095993,10.4706228710711,11.2193736281921,31.3686833097798,"0","0",1346.18441615374
41,87.3872510195114,44.2242896103279,15.4051112895704,24.6161083504558,23.8395765033881,20.0261458880584,"0","1",1136.2146876918
42,182.941236990442,10.0247606209525,8.69542934207437,28.2976818364114,22.5931792598204,33.9660932939461,"0","0",1538.22234005465
43,91.231328377677,14.4762539459027,7.97552396301962,23.9670232310891,19.0184261467795,25.8608227537878,"0","0",1108.56303633303
44,105.928076047102,74.7034162152773,113.10988791629,30.6922001484782,25.0065403068548,26.5860816261977,"0","0",1189.52813421306
45,62.4887460899383,0.395766618491131,18.803789226116,29.4809741154313,28.3296795939356,24.4726388629777,"0","0",1074.76144154577
46,273.841251114662,11.4559776129665,47.6219390770845,29.1212979983538,26.5018020293335,35.1210146654276,"0","0",1824.21452590739
47,176.519518733902,18.4813459812727,23.3426902747846,25.6987687759101,26.7469377987203,32.0797895266675,"0","0",1493.91124716247
48,105.557123121419,29.1082629557934,20.4462023785129,35.6435546744615,29.6537970628364,37.7093920657215,"0","0",1729.25989320485
49,61.3577477393672,0.878256280193044,3.20099704579379,22.7778284344822,22.6543888207315,29.2450158974763,"0","0",1277.28689293354
50,70.5082209793067,30.2901762631475,34.9809290077972,20.631570443511,21.4298806065639,28.2405203375346,"0","0",1237.7277423649
51,190.409343397728,16.792566924812,44.3213206161289,26.4864476583898,24.3805790920518,31.9288601445239,"0","0",1468.94814453194
52,75.4035852881858,8.72128684851603,5.76235984591985,32.0779453031719,29.9542123733575,20.860664958025,"0","0",1049.42230889738
53,156.6228031196,31.0540167815419,24.9733680889573,10.1118835899979,7.72327673567273,21.2723706117328,"0","0",1122.23634343412
54,73.4705129105335,20.8916354455006,45.5602209999394,28.0695284064859,25.6494041353887,26.1883401624069,"0","0",1138.93022330767
55,184.403669592011,29.8902797330632,11.1558812414868,20.2491192612797,17.0045597751874,34.1977273236862,"0","1",1680.68855544554
56,25.1427470025232,5.65321901082558,34.1978122076364,47.469101799652,44.2379147192946,26.9619776115373,"0","1",1381.91470589195
57,44.2466086040087,25.198445327798,48.3588958785902,16.8364770244807,15.5844764373781,25.1164913441751,"0","0",1090.0353912368
58,63.8805206772235,5.51007624465816,18.4352871496248,26.826443374157,26.338032297743,27.166754011907,"0","0",1211.5522595432
59,141.015280521019,35.2304446029777,6.60198861105575,30.4987162910402,26.4663590721306,24.2959991668555,"0","0",1137.8819944586
60,49.6462307751397,32.2588594701263,22.3735067495986,16.6938214190304,14.3451518035423,26.6790175350203,"0","0",1201.86288612741
61,144.817335160721,79.1017543091123,87.4783756000232,36.380061050877,37.0909463868186,32.2125129165845,"0","0",1542.79856078867
62,171.168039777108,25.3742358351057,16.9769389276104,12.394049083814,13.1233227593368,35.3030447497042,"0","0",1702.80589441151
63,50.0607033324613,27.2873046891614,23.21712744183,25.7540120184422,21.0681227547628,34.8354743976885,"0","0",1608.97659896336
64,157.35583323997,48.5861860306262,8.25476267521579,32.6972808875144,31.4027493610463,34.536440483852,"0","0",1640.32968202984
65,165.193862152762,32.7352746922124,0.440456166268317,11.6691771242768,7.87385332563274,33.660793263864,"0","0",1622.29113940449
66,77.7404303180682,41.1255879068926,62.1509075884523,30.7387722283602,27.2348028247686,29.9003488699758,"0","0",1382.92191040862
67,163.688174033253,9.98139752671289,6.24721726651683,28.2859279587865,21.0707762107849,40.6508985637996,"0","0",1931.26936518384
68,81.8284089096473,16.3260443121403,26.3898951295974,38.6172005906701,34.3622092037661,32.6444651836988,"0","0",1480.40367956557
69,135.404314565182,55.7549534750175,39.4695807972055,30.9391553420573,27.748754508476,35.1987962471551,"0","0",1639.55761147535
70,42.7732791328124,2.89214545940915,104.574599100883,31.0010989569128,27.3248515403439,36.8459960642152,"0","0",1717.37826345282
71,49.1245911959087,14.2946982521239,6.90611829791245,25.522244060412,22.3933918993809,27.5135154969546,"0","0",1256.93705397107
72,129.324041918781,28.8455345940486,31.8778359469224,11.3397433049977,9.09290880896725,33.615421190832,"0","0",1604.70778606886
73,96.0588156446075,12.9127080965899,2.4973682721425,45.0684827845544,41.0852076812881,31.624119644286,"0","0",1471.79962360831
74,70.3749561303824,81.3522054817345,18.530266636481,27.3939059581608,22.3372349200792,40.5974043015043,"0","0",1947.67928530703
75,380.457815285048,37.2094581906216,41.3797580745702,25.0188553333282,22.5682308780707,34.0226404741699,"0","0",1736.89592643391
76,42.141427175382,42.4891612491916,22.6666075048346,47.3553956206888,45.0819398184882,35.5488700376152,"0","0",1659.2091224189
77,123.369614886861,105.539534757319,54.9422367198768,32.6398570369929,31.7299469528358,39.6944725464977,"0","0",1932.6883069977
78,142.616631236122,12.3135532472508,39.674847538819,29.280868396163,25.439527446517,29.4697661557963,"0","1",1557.14425887666
79,115.719193948129,24.1035255120587,17.0555379253367,31.4510273560882,27.7206071295948,38.5706689322061,"0","0",1855.82581663077
80,68.6321507347301,33.732497536118,32.0732914160106,30.1500083506107,25.3382602897702,38.0196701682666,"0","0",1807.37278362099
81,28.4738447666572,41.449382269231,99.9903302720128,14.629077790305,12.2664902101446,29.0820832545902,"0","0",1508.57435514538
82,61.727082249217,13.2135848658311,18.4009899093252,44.0819692332298,38.0001321445585,37.7962492088859,"0","0",1737.01187549413
83,106.51957809343,5.90139073413093,58.9194753577277,22.3027175758034,17.7324139078752,35.9831587532416,"0","0",1694.27197484671
84,145.681427354336,60.0406354208324,21.3328147573067,22.5866613443941,19.7450808463733,34.1182550736643,"0","0",1622.73776694752
85,34.0274059060855,3.12995105972103,18.7908538110906,18.0101716797799,15.2809238212313,41.4976068341333,"0","0",2062.6815144983
86,11.6453367513556,32.6532751213688,36.0471150954629,45.7847800478339,43.171478876771,35.1989592393352,"0","0",1569.68656299544
87,27.3688699415271,40.8788143983601,39.4103960257536,12.9719275701791,8.89366568821832,37.3907536271639,"0","0",1728.48836540554
88,150.937434403868,8.47566272075344,29.037066168218,34.5800136867911,31.1370195566084,33.8839191181772,"0","0",1586.9995652081
89,126.052727726408,27.0822900479807,21.4833538472443,31.6583906579763,27.0280490417211,36.8157897978367,"0","0",1756.31607007891
90,89.0630042205095,0.911411409039858,21.3556861022008,20.7900934200734,16.6067489878716,29.0451210834329,"0","0",1349.00627278272
91,123.330529168138,5.70352056297202,23.5925423132654,43.0121732316911,40.5937331521283,31.1548883647532,"0","0",1458.00971539972
92,26.9742189730059,26.2069288230993,7.44844091359566,21.7447567451745,16.1111615882904,37.288132912329,"0","0",1740.02876129163
93,40.4726797256781,20.2831468275018,7.57485694300993,23.9306581113487,22.5388891466955,31.0060032718953,"0","0",1408.74284941671
94,77.7640602978626,21.5626881501861,2.18635789511706,33.2843695301563,33.9977265662297,31.4459197264599,"0","0",1435.61845083439
95,120.975910655654,3.57506693893982,7.43329979376614,27.6400036551058,23.887284990826,30.1180900038373,"0","0",1401.74481050997
96,140.774299128856,2.2069761168075,54.3840145469255,24.4895244017243,22.9062149442817,28.7683167327516,"0","0",1327.45747183193
97,193.37491228726,30.3856423012919,16.6420422405427,40.9910536929965,36.0512277489503,43.2538292919797,"0","0",2048.31368585493
98,96.5139994003142,88.2533692867451,13.9828972762956,24.3645975831896,19.6717089530405,32.8861577844606,"0","0",1494.36219203307
99,67.3553220890352,29.3344417422275,61.4411077636334,39.9995748512447,39.1576648765607,35.9816811193378,"0","0",1609.76983533478
100,143.750266377325,53.7471709837972,151.352051497967,23.5869958624244,22.8886502405343,23.4686288232533,"0","0",1153.71822261145
101,27.8232676718292,49.098874898887,19.135408697364,21.4346285350621,18.2076873449845,34.1002712528081,"0","0",1529.90070449716
102,56.4113402508617,17.2912402981684,4.70984910392855,42.2918529529124,37.3405366941029,37.495471281966,"0","0",1669.07561804743
103,49.1280750538127,17.8888593799713,26.4529223948133,15.3709711413831,11.8766782464042,28.3730083353619,"0","0",1259.12462999204
104,26.884345277468,12.7480624848975,48.33740866535,24.1968157980591,21.7683970981069,33.4239403474834,"0","0",1506.27779252777
105,68.8487295010741,28.9341507875933,8.19417544779736,47.9684146866202,45.3281745378038,33.3284333133625,"0","0",1640.27133511305
106,50.9756125348205,4.46064131761863,9.80800841139293,26.3820943515748,27.3680589976506,38.6143268667303,"0","0",1775.40003052975
107,324.953535796445,33.161560847696,13.4987970576286,16.8208637274802,17.745128831648,37.8571902848176,"0","0",1848.19659000327
108,70.8558509087357,15.5375633910855,45.1698645640497,12.3683599382639,11.7280338770599,37.3343094335292,"0","0",1915.04967352172
109,112.73534268183,1.3426893450762,22.7830255211493,40.4342892952263,36.3020012830943,31.8930053817314,"0","0",1449.72358326029
110,89.2394213203132,26.6511683169733,30.878117034595,22.7993264980614,17.0961946375798,33.5632140357646,"0","0",1548.8842572323
111,166.816237399653,55.3065999759446,40.8061796183294,41.2172990571707,37.0047440056861,32.0833265187529,"0","0",1474.21239377074
112,88.9529598480576,15.7888249127859,7.76430777279025,32.6476724818349,32.3159028193508,38.2752894330671,"0","0",1760.17989498786
113,81.1186655423746,5.03462401607772,15.8103983958843,45.008467566222,38.2441894545818,38.8044867634942,"0","0",1745.07778139075
114,65.7966185482189,7.5562173584324,43.3987495149976,43.4733616560698,36.4095585943083,26.8903940321499,"0","0",1157.04598350475
115,72.0855595764387,6.77572599540285,26.5387665326017,49.5263986475766,46.5790449189236,28.0285189462436,"0","0",1209.5593716501
116,11.9004825663705,11.2755258550276,4.6928065349804,41.3957436289638,39.0415455172896,38.7822856417831,"0","0",1712.88914030333
117,54.1986207568489,40.5227182798803,60.9775754593372,37.2749608755112,30.5549894962374,26.1710838843426,"0","0",1137.91216822833
118,30.5310399091313,26.3845989578642,16.0259190757592,43.1928504630923,39.9859658035616,33.1490139376894,"0","0",1475.84174667587
119,60.5130428954751,73.1908032677854,13.1322776585038,34.1774923726916,33.9054259900252,29.5820570451164,"0","0",1475.07260253641
120,196.068682910063,113.058861239532,82.1309742327582,17.2065174020827,17.236541323614,34.2580173875636,"1","0",1859.72198248882
121,175.195946669249,31.1868811901615,28.9251264564305,25.5588160362095,22.5208669876183,39.8026624506988,"0","0",1944.02179657277
122,51.5243170983145,11.4445817138826,83.2732198078755,25.6894247140735,24.0050676701737,37.9440936573811,"0","1",1984.66765510865
123,210.546680259384,14.1911385779128,12.6911477435105,42.6644817739725,38.508420685029,32.7032981579032,"0","0",1558.94664281979
124,102.986444652696,93.6860696661671,5.00085808168607,49.6882147807628,44.4587764398168,28.8531538159277,"0","0",1299.23801427178
125,14.6736867726171,23.2545353596671,89.1164481544313,14.7144980821759,11.9925301345119,30.2411964017736,"0","0",1397.56777709994
126,204.091509483694,11.7139757251317,14.8072120293246,22.4705238919705,21.6085754323628,34.2108748761727,"0","0",1646.85378661012
127,85.5402000203496,24.6398625526557,34.5296335735488,38.4388947114348,32.6144231231811,33.2545684846208,"0","0",1520.45017725366
128,308.347819781968,8.44082597147984,16.7607614273447,23.9314624015242,19.2091816833195,37.0437804971153,"0","0",1806.53999696234
129,72.5994548943867,57.1170957333711,11.827886425713,32.4698167759925,25.6453616312761,25.1382131819391,"0","0",1104.91731991666
130,147.629927282881,6.0689141075391,11.4201348391572,37.6298200991005,34.7287272463792,35.3025559225083,"0","0",1651.31078600575
131,224.631879125456,7.95438762341362,10.7952092457211,23.1468644272536,19.5865295234586,25.4100383117452,"0","0",1179.61479073364
132,62.3905819222257,16.2413994054192,98.3828935824051,38.7589975446463,35.6924630115386,32.6583781329627,"0","0",1514.97024211651
133,108.523411838756,6.61043870653173,8.51587889608664,25.8735139388591,22.2679956194986,36.9256420520991,"0","0",1753.41930059565
134,79.5414034391086,22.2407695263253,43.5930591038336,19.5432160422206,12.2290801439543,29.8914216780383,"0","0",1408.11090263801
135,125.711184918685,26.4465993636059,32.0570175270557,25.162915373221,22.1306486926723,22.8965236979887,"0","0",1192.42036486927
136,156.969187638039,44.0601220943547,10.3631640770401,14.3350251670927,12.6702339637758,30.7300200790714,"0","0",1484.67454560693
137,13.1634612888112,2.96917414868924,58.195688840256,25.9354066569358,21.0083285376577,20.7549960811807,"0","0",1129.27219404968
138,104.041611172101,4.9712269646537,24.0814193926272,20.0097636692226,17.6062460402987,34.2214030992362,"0","0",1633.79724148083
139,129.428233664806,73.3801518451773,62.291597910865,36.0102799721062,32.7427574694032,38.7345824945947,"0","0",1849.83669647772
140,53.8776146523013,12.437466340415,61.13318849431,30.7545068208128,25.630165718527,25.8953565179272,"0","0",1169.73789831857
141,107.88983319365,44.219580959078,61.0782630438564,16.1478475667536,11.38037156384,29.2479497578941,"0","0",1377.6165006352
142,120.900515507538,36.1240425304301,23.5395114651666,13.7565155047923,5.54616324956201,38.0548730429048,"0","0",1801.05678638708
143,6.76101787532109,22.5167070693206,10.0120464029719,28.0952296499163,22.7354695217975,41.9424326151985,"0","0",1892.529127135
144,184.378228996276,70.9362043864717,28.5310856145776,30.1713872794062,26.1232325437583,26.1444710538935,"0","0",1180.64911794342
145,60.6357342029607,38.2338574067815,58.5187652770647,30.0928952172399,26.4983643320393,31.0756730399693,"0","0",1373.81591539457
146,144.817149746833,107.511429088717,45.5229257392554,42.4609423987567,35.3756649193225,31.7696587584995,"0","0",1588.98833888868
147,10.9956462326957,72.0195153749411,39.639329858248,46.9035116024315,38.3715385243038,24.4952599480469,"0","0",1012.99611962192
148,149.508815080539,20.3647686371564,20.089570467236,40.1463525742292,32.4174573952708,28.1621823606384,"0","0",1266.33905345042
149,110.475932298657,17.719834546088,52.6317332911317,48.9994148816913,42.111966605504,34.1417481390201,"0","0",1555.2014726976
150,85.250123311943,71.437223866951,11.3689480610444,30.0395594816655,28.1914453544864,25.0546118576991,"0","1",1292.88332364263
151,141.933783894424,64.1545113918261,45.4315679038565,15.5452241655439,15.6070128907242,27.2258183339437,"0","0",1262.94342340618
152,108.578302682945,9.0302485922061,18.2681242485838,11.0295835696161,11.3113816370948,19.975871889785,"0","0",1117.29654001057
153,84.6367447327691,17.655884798078,20.1940745004151,27.0527200307697,24.3688865099791,27.0929446761364,"0","0",1335.99069143919
154,5.3189259622551,30.8797451657862,34.5595306238159,45.6368756759912,41.4929533399222,34.5482258467099,"0","0",1497.08547940383
155,69.077940365304,28.1931705550031,49.08500212988,38.0798440426588,31.8901393056455,23.4505731230017,"0","0",1190.25648128539
156,68.1530744073804,41.3408764465371,15.2762908906632,42.4722363986075,38.2547318943919,28.9866980470771,"0","0",1247.09433833468
157,98.7321375049957,13.1817822019323,17.0418201565509,48.5662594623864,44.9065751159388,16.7313480331336,"0","0",1007.61696920347
158,23.3513417123621,29.3155558732,28.7368898442857,22.1297824475914,20.2034332117278,20.7949123491841,"0","0",1001.08423097143
159,99.7723534473964,10.8481342538043,38.6672470202352,31.2304032035172,26.6123349979396,22.6502238072165,"0","0",1001.55995601341
160,53.1799581553291,2.86364081501711,12.1425812205286,46.0330872237682,42.9101508374871,17.2438249818974,"0","0",965.296227661277
161,124.448489926637,35.0018921411287,56.8269608701701,20.811113929376,22.2540203953873,19.585120324884,"0","0",1052.99080147098
162,51.1019009788855,3.16211182808555,22.2295068933652,36.1893525533378,34.580681123335,25.4720216235875,"0","0",1008.51531779187
163,239.281628688901,9.74464394281762,15.4989566168421,13.9517509005964,15.3722906611201,25.7845314798389,"0","0",1164.67887235183
164,121.029544250608,5.04375313236014,18.9928425888611,33.2753002457321,28.4844982046829,17.1921418228412,"0","0",1038.27418035937
165,86.5234692652307,15.7629458947819,12.4083219935098,34.5335548650473,30.1902578712859,14.9083967067047,"0","0",1024.57017102124
166,14.432666137289,22.6533247899754,31.8838365431154,28.822037326172,25.1443267511756,25.9931049378304,"0","0",1062.45334864022
167,73.9124348987955,47.6119436754323,12.1099968434479,34.5405681990087,29.7750332449785,24.2158624900614,"0","0",1030.5775186079
168,67.51453199595,11.4058164905948,128.417773983449,44.65685213916,43.0650918368149,23.3896896538858,"0","0",1056.19847505526
169,89.1115247857458,41.602387000578,30.209503213736,26.9850462675095,24.51975316771,24.5350081446923,"0","0",1052.39929780747
170,99.353127496503,16.4040380423231,26.7133846236847,26.7875537462533,26.1483538932496,15.6843985262337,"0","0",1039.87866810442
171,80.0061614471169,12.3592908169031,57.220793106153,40.3430293314159,35.6690660198644,18.5059938005825,"0","0",1022.29026991652
172,87.305109262813,36.3970860175341,85.2482336617287,37.1662054862827,33.7121244732388,16.248237509193,"0","0",1006.26974989564
173,43.2106156845924,5.69799912676692,37.2042351793992,45.150938173756,40.3714235785848,15.8332108118061,"0","0",976.943169923333
174,87.8613871855849,0.0276073167198572,20.5227224484045,22.1136512514204,18.0912857238147,11.7049697862576,"0","0",1013.40393974198
175,124.144872101837,4.20065906226084,61.275458720763,10.353592094034,7.74032502410718,17.4750339686998,"0","0",1551.91617686697
176,96.9995542618953,80.566892471092,65.3251685462651,40.0104710273445,36.0192155589775,20.8113149530769,"0","0",1007.24592664767
177,127.945241383997,21.6666939583516,57.7833575292798,36.4075228292495,29.9645544957917,18.8618143399306,"0","0",1051.73378341034
178,33.9738298046984,54.5470551204859,17.5633805408757,29.8033346608281,28.5557560419199,23.3119964718877,"0","0",1006.81021174729
179,84.349909020897,20.2075370771069,4.23541738069101,45.4722874518484,40.7543194172315,16.7899732912978,"0","0",1021.39860932339
180,23.1159564701668,87.8748099294759,39.28006718767,24.2804164253175,23.0923324189244,25.3673946797585,"0","0",1047.84767772387
181,88.5903473111448,10.9216698532326,16.8082208631699,20.08370292373,19.3177330580478,14.9366826972745,"0","0",1069.19277291709
182,78.1469029414032,8.08723774338889,70.3474650021128,11.7095122113824,13.2154587108281,15.3736749055561,"0","1",1319.90956252669
183,86.6195559156684,2.00111600631654,30.1534437192592,39.963439591229,33.8881569451931,20.449234275671,"0","0",1049.60104785352
184,73.4967072931504,5.43236548757107,23.2487038953701,12.2822499834001,9.92415165890208,12.0604110331772,"0","0",1058.18061059102
185,62.4435975052978,21.399577367402,8.20633751059217,22.4254325591028,20.6911089758232,12.1681804982785,"0","0",1043.4200206649
186,49.7065827578052,31.656177388489,96.9768406573032,25.3232546988875,20.6723794065263,15.9236551080109,"0","0",1033.17170680361
187,173.881002986313,49.9104243819357,71.4085947334119,49.5949699450284,45.7929456561543,23.3151338875528,"0","0",1064.08862659167
188,81.5901659371954,4.43141942278654,16.9337150779709,15.7511675264686,15.5399085881868,7.16305563571754,"0","1",1246.26992825705
189,143.694849446207,4.49013397233292,22.4720743490878,11.059811860323,9.40612872724351,6.6136646295577,"0","0",1068.43782497313
190,86.7231467285256,17.7166064483034,20.6360911210146,42.0243572443724,37.8977019978418,6.18600675898848,"0","0",1011.35753805378
191,108.621563812024,14.4039080859901,19.220273745593,16.5570292528719,13.3949646202779,15.1618032296445,"0","0",1203.51643287801
192,29.1986603603636,26.2849490086574,63.0309305497185,34.8806582577527,31.6200589426362,11.1447339142897,"0","0",1016.68711502761
193,66.0332498797647,1.0350374290105,28.0008642196885,42.5545442756265,36.5717778942346,10.7359853128295,"0","0",1001.75090836382
194,95.4354954765724,151.143936313843,12.8958529379249,20.6156938429922,17.0341202739323,13.9892253564635,"0","0",1065.84516277077
195,24.5082518313104,47.9765103519361,60.0696918985473,39.056309107691,31.0841668253645,9.87739312324195,"0","0",1014.13718282587
196,94.5453363318424,70.9164411260176,26.0240846779429,23.4805457107723,23.0370162511346,14.023537948412,"0","0",1084.07630872663
197,195.635453330499,20.2993821577978,41.0890329110419,11.5435780119151,7.74245895709284,14.7685795156428,"0","0",1132.21532681709
198,117.541432912028,55.9787581280174,19.85838689164,33.5918022412807,32.2689112475276,11.5256003917821,"0","0",1053.17969274881
199,125.127483409808,23.3582788843771,52.5278374292658,22.9444725625217,19.1829590069799,8.41410440520074,"0","0",1076.46450176645
200,32.601476788819,6.42620610006728,75.9592130584177,23.7389485351741,20.0565225278548,7.76232692684394,"0","0",1013.01344257685
201,73.0633318376924,8.4339728437048,20.0642852012531,38.5691616218537,34.5981325815685,10.71594183582,"0","0",1007.9620478256
202,40.2478587371118,7.79539960338996,9.34416698011254,37.656203918159,32.563153639114,8.0346964981964,"0","0",974.402326955342
203,27.4289537681154,37.841072874736,31.2814273817188,44.4260211661458,40.4207993417068,7.84908219443067,"0","0",961.325561999678
204,27.1937088601936,13.5137874495883,34.638525394236,30.5838562734425,24.9981652812291,12.1878953696023,"0","0",965.113207338298
205,17.2546555155427,3.72465198857909,54.8836976035097,29.8815247789025,26.8475280533804,9.58701263219028,"0","0",951.419717361654
206,98.1040834659298,16.1973736993134,19.1507045319248,36.8086115270853,35.1068429266855,4.87178532900065,"0","0",982.954926269046
207,24.7690082429746,50.8013794145719,4.10077036757448,39.3878387287259,34.8230799465942,8.37325078248487,"0","0",954.505066429733
208,64.7918263038356,35.0205184385378,33.5127479892861,28.9095832314342,27.2396462399312,10.9044148486761,"0","0",987.403872045956
209,76.2592374258041,7.23645528307716,27.9072437271733,24.8633468616754,19.1195372732615,10.7269368119558,"0","0",1000.45366212237
210,179.627626768056,91.1365154603626,21.5468595988575,45.4425375536084,42.3491290928647,5.14179428843803,"0","0",1021.90446235984
211,61.9949841137694,27.1353304431759,9.54637044618635,44.0101549215615,40.5149877973983,6.99326264796789,"0","0",982.305718643271
212,5.29424817482032,12.3119206370843,31.5453613764636,47.2339331265539,41.4567890949638,0.589794410986405,"0","0",1093.76761047592
213,251.528483661062,55.8615919866143,11.5416591053982,39.2985172197223,33.7453302731447,-2.30798522421343,"0","0",1037.23630991514
214,304.131150105062,21.522165468786,12.4422909433996,31.7161316797137,33.0490369633484,12.4475307168688,"0","0",1058.10456648704
215,52.8322313331113,44.5122299482611,31.0000751329732,15.910616768524,13.9409062958564,5.78311739624333,"0","0",983.26887801687
216,75.474543379035,46.3268191581375,16.7166306893542,22.8509461507201,20.4592923234557,7.05421244323097,"0","0",959.677388520323
217,32.5160588426374,18.4466523556173,16.8510119323532,10.8361663296819,9.50768590747542,5.96571660891388,"0","0",917.407144168988
218,174.349612256587,6.83683533983024,48.2343381915215,33.9459288585931,30.279286179229,10.5258774735797,"0","0",959.684990597231
219,84.4807032821393,19.3284897956982,4.08346651766568,29.4905499368906,30.4893984036907,4.92216881701747,"0","0",917.569916023929
220,85.1714201149493,26.8857266801075,46.1543655074784,12.4314318131655,11.7124091130381,9.82229357472411,"0","0",1110.3121788033
221,196.341721243849,5.0927543582274,4.25431277780795,41.20181389153,36.5269964041354,10.4944437400657,"0","0",946.135963802876
222,85.2478808564442,0.510533010088423,3.98566930737942,38.8008805550635,37.2779624058227,1.3921299895895,"0","0",909.665112531573
223,122.596258245873,7.38448635944697,55.4856767202713,37.6726185437292,33.7797520416655,-2.13122829807183,"0","0",946.869962366067
224,107.604984559456,43.746281389827,17.3886962749137,23.9550240989774,24.5562153219883,3.70377053535025,"0","0",956.737658146776
225,72.3013840752728,18.1395087252465,18.0821410866537,38.475595517084,30.2391836301616,2.17445772781395,"0","0",938.701837495035
226,21.8038137023727,3.46348296494577,17.783759251732,28.4340007044375,22.7732166148568,7.99379971651847,"0","0",940.288661517477
227,3.1370462699402,6.89360594087566,21.0919650594236,26.7011221498251,24.3626753658472,4.8867110403771,"0","0",901.433199058831
228,36.0350802366318,11.86089149526,27.7067552174144,39.8967694398016,36.8925935393872,4.94575931744198,"0","0",907.786089025662
229,43.188718889173,20.6419227978519,14.7996351279799,10.3727021068335,10.7610078638928,2.29387741829012,"0","0",1106.65669355913
230,104.484144653297,84.8700883944941,21.0220450121341,40.6492002680898,36.8577328015485,2.12192735340564,"0","0",934.273576087983
231,62.5306717538453,27.6782694504869,7.01347308685077,18.8447408657521,16.491212296225,-11.8125364399183,"0","0",913.147819977003
232,143.966271493854,31.438410545723,86.4592502893005,31.631936552003,25.0422178742346,-1.96793645565963,"0","0",965.266030649817
233,58.0642073323934,16.2888112452578,13.7520497913389,31.0707038920373,30.4589187613533,-0.404921111868047,"0","0",889.597017187762
234,36.655221771487,8.89593984377175,29.0648961389419,28.8725919183344,24.3170292311031,-1.29024211252417,"0","0",890.153142757811
235,112.258926297748,9.24525783987447,71.5467306802037,24.6229625865817,23.1199692175891,-4.63108290959535,"0","0",943.546526674829
236,138.363336452985,69.0385408542093,41.6418376255234,11.3409291114658,7.48678289009342,6.01905402725342,"0","0",980.022272079516
237,11.6948381508251,5.56371776310758,17.7600321710528,34.440446421504,31.375613994445,-15.7512065179672,"0","0",878.326782422426
238,143.695999418158,4.36278365685342,7.69998140080778,46.5826657600701,41.4642160950057,3.37629680572943,"0","0",913.272766376004
239,105.678799455614,11.6570942118418,28.0943458163506,30.5316962767392,28.1600570506478,-3.92580134144058,"0","0",962.342024076531
240,49.3964948246426,65.292840530402,43.8021973256232,38.7810876779258,35.5320232222165,-1.70531754362951,"0","0",965.394885400255
241,37.3312548746327,31.6158238359682,114.527114543664,12.2435726318508,11.950172964905,-6.43072766716451,"0","0",1002.88693023117
242,12.1058208006185,25.4716126449298,39.3322279936205,49.6290810685605,44.9079892124068,-0.232272830842121,"0","0",924.608291580139
243,93.4275694317408,2.03305694611061,27.1716975053216,34.1720962710679,30.6977017697614,-7.00293156293812,"0","0",973.519810134763
244,41.09691458201,16.2810631953003,20.4637156980821,25.5917727667838,24.187089232742,-11.4962257204018,"0","1",1251.05915109363
245,30.1330328620517,5.45013085273102,17.4736420594092,19.6853165887296,17.7887005451161,0.298544856346989,"0","0",939.348639337414
246,77.6259901452631,9.08962359841241,26.3967691272518,42.2520977258682,38.8330423726324,2.06472566636437,"0","0",937.949578034914
247,62.0821157943187,69.1128901269254,3.33619378651668,47.4535401910543,44.1436235092942,11.0147640814186,"0","0",905.164185254204
248,147.574231705587,19.2061382899749,53.024642358041,25.704448800534,22.0599935586218,-5.7774705016425,"0","0",981.742821009537
249,68.7770740513908,10.6077620787442,28.7708966527188,45.0157385505736,39.7977895600705,-1.03442422532874,"0","0",901.28376342627
250,124.926772375259,46.4223875724349,34.5307765521212,18.9788995869458,20.3167576075248,2.56124365343812,"0","0",981.641005837532
251,117.225867270397,22.7406144077652,23.0803038642788,32.6921212021261,30.0654659312656,6.41309221805091,"0","0",954.8010849705
252,98.4080934921628,6.31155962289232,22.917534421886,24.9482817668468,19.8723578107427,-6.17722259117216,"0","0",957.566378422507
253,93.7121604711384,0.813940831898304,11.2284451556153,16.433728216216,13.8668695465422,-7.42711835212817,"0","0",977.342859255343
254,7.62349779521496,8.65282397706969,49.6816563359517,40.4788823612034,34.5318847832682,1.44571880604085,"0","0",929.869338422339
255,126.06177074641,8.58134700722665,19.4663453238081,40.9638522006571,34.4781648767285,-10.6900887671964,"0","0",996.265301913982
256,71.7761288410152,1.25131340585623,16.4884609802773,20.6117996200919,17.2640964820919,-7.48517828556638,"0","0",985.310751492308
257,64.754385697152,44.8309048292306,35.9233628944894,45.298943836242,41.4881489352203,-3.88242994014291,"0","1",1246.8503856799
258,26.1810486941884,29.2638841319349,42.2491447941286,41.1318126693368,36.4366356654438,-6.02683921398156,"0","0",952.476497904827
259,41.3233583379473,55.4151494668897,103.966827581238,37.7655693236738,37.500055392798,-1.3802655110474,"0","0",948.534551469038
260,217.275559035601,25.4822219520669,44.840808515867,38.0187619663775,29.9688242116291,-1.35081329677939,"0","0",1008.08044019106
261,141.260007589243,50.9851709205441,19.6431033261992,36.4465702604502,37.5955771282968,-6.71290973068177,"0","1",1263.8100734339
262,32.7371227483375,29.2304649062344,50.52123867603,46.0181742999703,38.678518165019,-10.1673690234996,"0","0",891.388706397604
263,100.824674094318,0.701718926598218,43.1029761306271,40.3554139658809,33.6014377437489,-0.19505310385432,"0","0",928.046865685943
264,40.3555527581478,16.2105062774672,16.9376472081603,11.9999504834414,10.9173152633657,-5.65786613633946,"0","0",901.14479095306
265,116.932133694842,10.9387503632894,51.951959649274,41.9802091177553,36.6605355875016,-4.83061129916805,"0","0",928.093745372374
266,247.582358345936,13.5396509795744,66.4994546910083,47.3769524041563,44.6311804118492,-3.67799762322141,"0","0",973.668491514082
267,113.73402539165,74.0499656305107,25.2935589875727,45.1527670491487,39.0768320884894,-17.6198483400808,"0","0",931.781400730015
268,207.414463115997,2.47486249310032,27.9689933882402,10.4096357617527,11.9188397731035,2.12228669799189,"0","0",1006.64175903678
269,140.303105768674,70.0181495283862,104.244068214598,41.6873485129327,37.7282768905607,-4.11544955404869,"0","0",969.826099698513
270,115.571715750145,12.5749371788645,15.1227038916721,37.1042485255748,33.8376117235006,-0.241959301985915,"0","0",951.656585326011
271,108.079999930071,26.6932654657153,4.0611153849824,32.8563604131341,31.5016079105029,-9.57413159705385,"0","0",921.097377820436
272,20.8358731328227,57.2823214995138,46.6598244767866,33.1367935519665,31.596790182692,-5.17217776012227,"0","0",905.047803713023
273,149.05703601558,11.7451985561655,14.3226366113533,10.0518918596208,8.17565983915514,-4.13330629601426,"0","0",983.364421435942
274,167.444788489084,3.19468486265706,7.03135349304509,34.5975863188505,29.6711755285147,-13.4128043468067,"0","0",1111.34358504437
275,24.8469485898545,6.21944587918903,18.4836889043036,15.3305652551353,13.9402617250188,-2.66146602510372,"0","0",914.067730906809
276,17.3590652081354,91.4532931040807,47.6048498342034,17.0531132631004,14.3630925598653,-4.05835608910335,"0","0",1032.05955605066
277,123.216531573665,3.28435152491632,37.4607238613347,23.7418560963124,24.7741804170514,0.594067358731239,"0","0",909.728330555167
278,124.971128425052,6.70089156290765,64.1483734510196,44.7359956428409,41.6274171663669,-6.08856970734183,"0","0",890.13679307111
279,117.432807433181,3.98326549251079,14.7754516165812,48.8886288180947,42.4079096098137,0.573404509921762,"0","0",843.964786387003
280,93.6673577949655,68.3647531365398,22.8022425153376,32.9195168148726,28.6003768623105,-4.32510037254214,"0","0",891.960886757044
281,95.2681708541348,66.5753570200814,5.61284796127743,29.5945564564317,23.996519740334,-2.18009880964672,"0","0",880.66601501695
282,51.1895066875839,20.5838429264567,12.1444906903391,21.9768407382071,20.0259256715538,-4.28256274830229,"0","0",1039.8335071835
283,118.0833485469,65.0125618172771,10.279645616382,48.1791974883527,40.1489581820049,-9.24535059621092,"0","0",1394.49301695293
284,210.866301570539,7.05201238003579,10.5915652570331,15.7236417476088,15.9800499680415,-0.934483260253873,"0","0",958.179513479641
285,72.4446338384346,41.317461839842,52.9998218486573,27.6660529524088,23.9466074427195,-8.72904773671284,"0","0",924.183447970296
286,56.2183020914389,45.2781551928884,66.1747777677553,32.84404322505,26.1991735833983,-3.04912584274945,"0","0",922.646191759658
287,265.192703050718,4.47994872347082,186.611074606589,36.05607801117,31.1297805302279,-4.56523164777854,"0","1",1461.63208091231
288,95.7733967218321,42.3046203308534,51.0657785295417,28.2872772030532,22.9731257713819,0.781451114402119,"0","1",1227.87833272544
289,85.7615651322054,32.0599156812203,64.6725998954607,23.0006995983422,20.6909298819145,-3.15223811343913,"0","0",926.049031758697
290,127.347971760767,9.99119277591642,22.6243919956358,45.9445338137448,38.1424049426582,2.04457705296146,"0","0",905.019903241485
291,39.4695268792502,2.54152991241371,13.0333159069996,12.3601125273854,11.6513628528098,-4.92757943765625,"0","0",901.411791313648
292,12.9540376384376,32.046593174254,93.6447496784072,16.9169547595084,15.2393069960151,-0.911605999641573,"0","0",877.171395345899
293,57.8893449076357,78.2630390858682,23.307775591318,26.1575041897595,24.1390937732659,-6.03460451488351,"0","0",1051.50733347685
294,133.2158836102,37.8156264484685,7.2055079942856,42.5465421844274,38.5565626094218,-4.26608399988943,"0","0",910.44688003066
295,193.00509902437,1.36940637651321,17.6604722652634,41.2702461797744,37.8713102050422,4.91725672476361,"0","0",933.930519903081
296,188.493661590314,1.68855368384948,57.8242967150558,35.7604386284947,30.1143675756317,1.82844581486935,"0","0",949.182739543708
297,266.245434262,5.43622386130815,9.51535945054218,40.673838108778,35.0800767680025,-3.48149901318724,"0","0",964.518982666839
298,43.9037903696199,29.6064778197617,7.47324755741915,15.5456708837301,14.9220080651671,-0.83500851054745,"0","0",919.05052408931
299,14.603409316965,11.6791421177978,20.3605066227951,39.3865561299026,35.182593843523,-1.80602110411011,"0","0",884.552790459242
300,87.6842318678376,81.4231042278529,95.9130211623578,30.6520991399884,28.5336100215729,-2.02026687220121,"1","0",1177.14392654856
301,40.3056869979121,31.7472376966235,23.0394546606711,36.516429996118,35.4967186464416,0.0608873507198204,"0","0",929.129693759932
302,180.746213622477,40.5649620203791,13.291614395542,29.5801989268512,32.1137769581328,0.714435389174068,"0","0",1015.46941496228
303,101.038370421664,31.9647097489216,8.94369092605005,20.8914185035974,15.702978843997,0.640940119668678,"0","0",993.547743760554
304,102.840453068858,31.1722323440838,22.601069964706,47.9574142023921,41.1444721224489,-0.24574246898487,"0","0",952.528129628264
305,115.310200184172,30.2492475118018,84.3055093473771,48.8212936278433,43.2398746615006,-7.72995242460635,"0","0",962.537767684997
306,250.690289284961,6.40904825977826,7.95635444304169,34.7762249875814,31.397478226786,-3.28523624429849,"0","0",1010.92039336181
307,23.6913228575391,82.7504826760683,38.4455063899176,19.9828277342021,19.8233600753892,4.5558399579518,"0","0",929.24244990555
308,57.3686451688573,6.31941537682834,32.7750715262283,22.1738117281348,20.1270676054756,-9.09608828546968,"0","0",943.748539008283
309,168.944488231676,6.47029452786747,36.2315794084453,37.2891587205231,32.4015867941517,1.80421533425003,"0","0",984.19431473968
310,221.931582772488,0.270628050301164,5.77924168293434,43.5614548902959,39.5674772578199,-0.876625395776021,"0","0",981.305928310186
311,217.632137308853,167.956107062932,19.5208808504927,32.336670299992,29.5018411033163,-3.2824270223716,"0","0",999.053821172654
312,33.2172417273582,3.10805166140826,26.3938731601953,27.7643699944019,27.8225610729383,0.00233609494588982,"0","0",948.003272827265
313,55.4881993275647,17.8086038352779,27.4097408428466,38.6675188411027,34.2715198430987,-2.63243699413111,"0","0",949.59221687043
314,55.4596637746332,2.24182127594168,20.4430969737031,12.0264478772879,8.25883312591179,-3.92472789485526,"0","0",985.210936149529
315,31.6257472309943,56.6826054608045,14.8704438741211,28.1651248876005,24.6399086102851,-4.30052315160118,"0","0",950.351736390528
316,52.6434822228965,2.95784560078418,14.7366256864693,39.9657374154776,36.3492253960762,-2.04405894575501,"0","0",1122.18781258296
317,155.041218092148,19.5085030239818,9.07691638261103,14.1366010438651,9.82789475824334,2.56704435302048,"0","0",1061.21694660902
318,56.689850040176,16.4563299069645,25.1348864213449,36.4510651677847,34.0325062635279,-0.67024681314396,"0","0",962.129086888426
319,120.094229158202,54.0325165641918,14.4247978503827,43.1009205803275,39.8458353000381,-1.09878501637445,"0","0",1156.78574053132
320,121.718529643037,20.3935219741826,84.0992309560172,46.3912696298212,41.1270880501868,2.86678347190998,"0","0",1136.16617168755
321,345.490658384764,65.2990306551322,3.86150477905082,23.2384797465056,21.573429696788,-0.39124909105004,"0","0",1203.33195642349
322,52.3346090595298,81.6291470880739,27.9812899726596,26.2943170405924,24.2748972559631,4.56537011228358,"0","0",1126.42770337354
323,19.7355698447685,4.93946441437723,44.3354318289197,46.7380181886256,39.045591472668,1.83681595065903,"0","0",911.034602573445
324,17.4774438551509,4.42511481749714,9.6367130655441,32.2949981875718,27.0173845945555,-6.39300549465248,"0","0",900.059465297319
325,197.742391939569,6.14298322367431,51.7390486492011,11.2235971819609,7.82543006415834,-1.32716678231136,"0","0",1021.73736247761
326,323.463734326709,14.6587283682375,19.185715250033,16.7871708422899,14.7854644425111,-0.527982942574768,"0","0",1071.54351757163
327,81.7972648010728,26.3192576926246,37.1246947678873,22.3975216317922,20.6662672692969,2.0693636123464,"0","0",986.891497069816
328,177.406974720409,1.18296295891851,52.8924955205766,34.9909704271704,30.8188919487545,1.74369645747137,"0","0",1025.53681112603
329,283.152696305725,10.9760120380944,22.5085428021746,17.9664037842304,16.6044456933363,13.2337028949079,"0","0",1068.46963578868
330,24.4359717640339,6.03284012969524,17.8622093536152,24.980968311429,21.8438903912152,7.43965289526747,"0","0",977.470447313396
331,264.353018567546,5.97137508043284,10.4837689747906,21.0858231503516,18.9960684414537,-3.26327733847404,"0","0",1051.79045973548
332,102.114489077131,15.3921381591294,38.0871981694888,16.3019641116261,15.1050079602806,1.42102053020465,"0","1",1217.5995043224
333,109.034385063563,17.4039297917492,65.0591305285398,34.2728448566049,30.012899406721,1.41766715357478,"0","0",996.187877148058
334,32.1932064034043,60.6151682738921,52.4047446427593,29.2978664208204,25.6521311577597,-0.395587044554377,"0","0",956.867463767985
335,176.587242875149,61.460427516772,49.8828209111713,20.2692379802465,19.1241622408723,6.10611658047579,"0","0",1016.82724006336
336,64.6968764545917,69.1264163727377,21.06521964713,19.7742079664022,19.0372681633786,0.0838696908413041,"0","0",949.271420335164
337,54.6163445080896,31.966939840038,15.7937803781758,18.1228810176253,17.5500039181464,11.1636254843799,"0","0",941.218789777922
338,10.6919643349977,16.3212251870811,20.6087531739498,13.6147858854383,11.3207425554248,10.7098143854605,"0","0",913.150822926897
339,44.986731082199,21.1220622954397,14.5303645437049,23.9533159788698,20.9149992844421,10.2725056382374,"0","0",923.621757774057
340,46.4043482642895,6.02145763748398,79.9266692705274,18.8027482014149,17.8447268500666,9.91904511195118,"0","0",955.761155367266
341,45.9669713040582,17.9109480311041,12.810527766546,46.8825719133019,42.7522014958564,2.16655044423329,"0","0",892.242565182605
342,172.58986885572,130.503933260687,21.0586340875227,18.8658136129379,15.0702134788492,12.0590929443571,"0","0",984.789597434752
343,49.0356496344904,12.8666950708903,4.15476805343749,31.3197764568031,29.2805376128577,7.43864649783474,"0","0",926.898110161079
344,157.417831877691,28.4289626764856,18.2806972179913,46.4491143077612,43.7947090873232,10.8585822190855,"0","1",1179.61489385081
345,258.509784297747,1.63571716372607,12.0605597609024,20.240819323808,18.9261846659036,3.05528762650962,"0","0",1044.56123320019
346,115.692618703021,1.61287552745391,65.8443825103622,35.6163209676743,32.4569869681878,11.5542337324862,"0","0",1010.82876120983
347,189.949101259828,1.45781583871972,10.270126484372,46.5803790278733,40.8103842539042,5.39289398708166,"0","0",999.044554510048
348,9.75491036270643,33.86739315171,46.5865053262045,35.6179481651634,30.7610757599013,12.3154285547066,"0","0",952.748727349111
349,205.157537617945,6.40112303989502,23.3255046639757,38.4001555945724,32.0948688582404,0.786881792238798,"0","0",1042.4899601932
350,238.655184493876,25.483891935061,16.3938408156927,31.6248593851924,26.8753158003414,5.45257323570239,"0","0",1042.842171597
351,83.3156538307855,37.9120799697098,46.1763997809673,13.7794552650303,10.7861263802068,12.3145929838129,"0","0",1035.74112440032
352,63.5858967451932,52.5666287917814,4.72988370613595,21.4518237765878,17.9129808275835,22.1275420342096,"0","0",951.337677408168
353,20.99118115525,10.4095307993076,27.3293212929759,16.9406577851623,15.9328841195091,22.4221417526239,"0","0",932.004399010032
354,30.9358141626219,6.57792099931848,62.9610529486851,11.9229167699814,9.83759917473973,22.4979254283329,"0","0",996.155631284152
355,78.9419383835143,58.9303159223128,2.84814361141385,49.0044872555882,42.2675119779095,8.66212608153167,"0","0",933.027647133701
356,401.082781169424,86.4333871042301,94.8454888952301,48.3655718713999,43.5629097475095,3.53542245338955,"0","0",1082.79338224652
357,125.586318511891,0.389119910005409,44.0410868786658,42.6407105103135,39.7056237635203,10.2002102799414,"0","0",986.469528172103
358,65.0773848360322,2.77580639238736,92.0086466681655,48.3881996292621,46.1115780807864,9.96769103235346,"0","0",979.516963003682
359,24.4536170036602,8.24020847615952,65.5316195701226,15.384270735085,13.3823046349587,9.04283448844968,"0","0",1036.58045769117
360,156.682603323283,1.46965931541702,11.2213952686754,35.0542126502842,29.5571513725425,13.0052733031586,"1","0",1268.21760293578
361,295.862519041211,33.8066197321571,57.8214721900647,23.4555207472295,20.255405941606,14.7459668930028,"0","0",1131.27129179926
362,94.1901528583408,19.5712120282014,16.7957912942852,25.3424138948321,24.3291475653192,27.7039868762719,"0","0",1189.07261654779
363,133.076607155304,33.2804453137807,14.6784630549603,42.815903024748,39.4493112201091,11.2752604267435,"0","0",1067.57430874122
364,74.5631282188163,1.73593313566125,12.0473252483403,29.1499438975006,26.1181958738129,21.4643064661335,"0","0",1038.64681266098
365,113.199597989838,11.6380822148716,95.2962580868568,38.5882934834808,37.9420247996414,16.6763423963987,"0","0",1224.09711762417
1,161.618607692269,24.9908416900637,46.8455474729865,45.0814563687891,39.9781074908688,25.3508956992572,"1","1",1349.05350555064
2,125.624369617806,17.6331075732335,23.1017729148866,12.0391179528087,9.11090579409065,17.2370895160059,"0","0",1259.22870809113
3,78.888905445259,3.48713279979623,18.0924837615988,16.8682429939508,14.5732865678918,12.672909705888,"0","0",1075.91710211017
4,149.575227925388,109.215874360163,84.6290405859433,20.9025035705417,21.2385265381968,22.4201049653479,"0","0",1120.77661536101
5,157.967797968423,36.259373040721,14.5467609358306,35.1426789257675,35.9520041754341,20.4030299844456,"0","1",1128.95572609853
6,52.0111274417864,74.9056449629838,31.899833130328,40.649156011641,39.6355355812322,23.9481034431428,"0","0",1033.31991947528
7,17.7620278124013,62.3805468752711,83.876108223855,35.8337133843452,33.6759033462629,27.6284646934838,"0","0",1298.91283712882
8,29.5217341438447,6.77921814298879,100.332194945318,23.0880076996982,24.8761906431641,15.1557690545698,"0","0",1044.84343948039
9,113.380984665459,46.9213147863417,18.7235792976065,10.1471155975014,7.45290410497303,16.1878620358369,"0","0",1079.65692671732
10,30.9555807164738,8.76206946580231,5.79695895543209,48.6838383506984,47.5363007551546,13.1076563118093,"0","0",991.338507314946
11,63.589617729635,80.1525153633057,4.22529532171727,22.5170070677996,19.6085292773265,28.1673287382087,"0","0",1205.64177379947
12,45.285584345871,11.2182403636164,31.9362162108436,13.1660627573729,14.0355926288181,25.2728398144442,"0","0",1076.96913360165
13,28.9826516093326,12.6440840109244,23.0212919982861,24.1354174911976,20.8476044923816,9.02567610165631,"0","0",1068.66216066763
14,34.8568093533171,15.9180064176516,107.210063835284,38.4136764518917,33.2158091774258,24.9577546025308,"0","0",1083.62526164377
15,126.876436906581,17.1667376454478,6.29403247735157,19.7649894654751,15.7761035571057,20.5401774323274,"0","0",1104.33820293766
16,48.633156194095,3.53577078436251,38.5832825767571,15.5993300583214,16.2487275916583,14.1670559655855,"0","0",1115.56691195336
17,61.388946362501,4.26755263858312,20.7394487674613,12.8505906276405,11.1802858778777,19.2747780368916,"0","1",1187.96239999268
18,137.418998693449,17.483082668745,1.07369732141038,47.0837043970823,38.0840166380093,23.6573322757461,"0","0",1116.31067384686
19,103.232692330302,5.62256158587967,4.23038857966264,37.2032472398132,34.2231983688229,25.5799287625403,"0","0",1120.43780748829
20,23.063185186046,27.469821763752,13.5674150763044,48.7701138108969,44.3371612128932,24.0233354905475,"0","0",1034.94750206743
21,96.0077703368913,13.3829199354908,11.3851842463275,18.9652341324836,17.911279550799,16.3870817936075,"0","0",1093.97924266654
22,306.436555989572,36.2298345027242,21.254024376681,28.0288685392588,27.1011632792886,16.5082784306034,"0","0",1171.65062492663
23,131.516401540661,8.52123335815385,66.6290913702694,47.526807775721,43.9620581363633,18.8342075302986,"0","0",1073.92034755831
24,65.8177432836856,15.1495063541249,16.4945631103303,44.7033007349819,39.9096707072449,19.0292115482106,"0","0",1019.05865478929
25,51.3677841228714,33.0161434229179,14.6475553602265,43.9708814583719,36.608404200166,23.9249717954081,"0","0",1016.30525998044
26,57.2569078794871,32.5244566999705,28.2491624604545,46.273787477985,38.9651146715673,27.8550964049385,"0","0",1327.99946738238
27,85.8843772573643,19.4343741021144,28.4673578645857,49.6424690075219,43.320497096114,22.4334711584797,"0","0",1053.69596576547
28,48.8618033380383,8.13042098322368,28.4580971678066,44.6259099803865,40.8582342344632,20.3787090530712,"0","0",1040.27645689737
29,78.5026897171659,33.4278296689926,3.71727639712886,33.4516223426908,31.886471054409,27.6062887376718,"0","0",1217.11931476939
30,120.232031629897,41.7272829558395,54.3998212003956,37.3056430462748,35.9927092139304,21.5755019450629,"0","0",1107.28239273142
31,73.4018236577157,52.0246407647936,23.6681600236634,24.277636250481,20.7536795591024,22.5572729248294,"0","0",1102.39761031298
32,51.043479169091,90.1174680481595,40.8835459234148,46.1240294575691,39.7837443747812,24.4940221037905,"0","0",1069.37196946765
33,93.8759521409279,7.01270371279549,2.24840542349446,25.9567411337048,20.0746119211574,23.8592254386299,"0","0",1093.34678140528
34,71.6684472776326,100.032477457664,13.1692924422013,27.5124180410057,24.9717078687112,26.5411071023525,"0","0",1175.04170734526
35,64.4696417052076,71.4087669647023,6.01630275855095,36.4661028329283,35.2412571489022,22.840380980193,"0","0",1202.16741527795
36,35.1299184259529,2.14579641387994,6.98068801304495,48.49236253649,42.9902129556648,22.7744724044307,"0","0",1008.69054152538
37,124.748804714982,11.9919692849838,34.6902049514608,45.3258193656802,41.8328615698723,22.9928715186239,"0","0",1050.70139011243
38,44.5450170000659,8.68751105359181,4.50879380903247,38.3033198677003,33.6109253268798,20.7481860770822,"0","0",1019.64560478981
39,95.5845166185257,56.2278648705486,24.4770214538475,35.9197333827615,33.5384616819154,26.6033682607841,"0","0",1128.19651594479
40,27.4208322855013,0.781791436106654,3.20330793693207,28.3867049962282,25.5766744263506,30.8707561501466,"0","0",1294.71254822052
41,231.108843989373,21.0111952657997,22.3578128553479,15.344302970916,16.0102040968046,30.2390358066965,"0","0",1367.64227374042
42,26.0919528579375,10.7208802748838,9.31788528862539,22.2354542650282,20.2671995630159,25.6885031959904,"0","0",1070.73096288281
43,68.8143970694913,12.6027078359934,34.9441061881283,25.0431831087917,20.6897777781581,31.6965591997325,"0","0",1384.20146065006
44,51.7221970058607,8.23065073999642,30.2484345585915,16.6763910092413,14.5885514028471,32.1415608151578,"0","0",1424.6559924672
45,113.510262409905,41.5850480801431,36.3376952470172,38.5611413698643,36.7943669953619,27.030562375213,"0","0",1186.22944260532
46,24.2930092128553,5.09942550541602,13.1683893475354,43.6049394309521,36.8817935796139,23.4176714535284,"0","0",1205.85623867915
47,148.452878964331,12.0655253478476,21.5733798094431,45.8107299730182,37.6722241892266,29.887961568891,"0","1",1451.05315426252
48,99.8961243836471,3.23481219327523,24.4674054231035,30.3210128750652,28.7206191786707,28.2208655503785,"0","0",1258.30002086517
49,158.319422865928,0.305764352076445,22.1919919623668,11.022593844682,13.0489715058121,29.0850138154083,"0","0",1340.93929262498
50,27.2423774927878,107.443211924363,21.5327970485372,17.5552401971072,15.3942716568334,30.2872688383753,"0","0",1330.90472853041
51,35.5643610693896,11.6700807371907,11.9328237891139,17.1241036523134,19.0374525883816,33.4216488392784,"0","0",1487.59149925527
52,87.8626661285853,2.71035190362156,24.4421197751165,35.1095577608794,31.206034543582,32.5679105335075,"0","0",1426.85433057909
53,178.122215638861,20.1548732537824,4.48153924552304,24.9526085332036,24.7565111984289,35.0391784476995,"0","0",1605.45342399452
54,109.023522574007,48.6234879768225,44.2102280076223,17.1003515459597,14.1250048579569,17.4019876163579,"0","0",1104.4185814721
55,41.3983139990245,58.5774051702469,44.2436680170403,26.4280910603702,20.4425529582416,34.6413501508227,"0","0",1527.50508753212
56,54.5438265540533,10.4679745360961,22.8586930911612,14.7544688172638,14.3587204696252,24.4100907286383,"0","0",1244.89720811604
57,69.6008553168388,37.4856964638736,20.3631267787728,28.8140251673758,27.3851753987346,30.4774736773993,"0","0",1361.7460625213
58,47.6190093809572,10.1595140789437,1.86698699714292,33.5353372897953,25.0990131909328,33.5574091427731,"0","0",1514.63253972116
59,47.8614758328253,14.3635947499278,13.5190362748241,43.8771812897176,39.2154940722905,30.5439640933065,"0","0",1373.39569958012
60,77.0133682356063,19.2289479050765,15.3633516671396,35.9562296234071,35.179316117378,36.1384184209349,"0","0",1671.46766010807
61,119.892189287493,43.4397170222432,37.5324951852614,49.4679892342538,47.2295350195324,32.6729131659475,"0","0",1526.99173057275
62,87.889745593919,40.9445745040046,31.4409796834386,22.4081278033555,20.9339177579908,25.4053253338463,"0","0",1173.69162966801
63,103.829532578458,28.3043153626291,9.32575647631176,27.4445150233805,23.6595466984728,27.7561972531873,"0","0",1316.00919954016
64,28.1702584194203,63.5665436958979,33.3951651090812,36.823882702738,35.3901974189285,27.3199605945085,"0","0",1223.09693394497
65,79.6252019835764,1.36990481468008,19.5054985535914,16.5859186183661,13.6360885049303,35.0892401297657,"0","0",1669.28470497362
66,26.5912708007115,5.37335175769725,32.6019013598291,22.6575648132712,19.8058787862631,37.7450602040199,"0","0",1745.8116980353
67,35.9153281575777,13.065929400345,37.7387099355674,34.106678860262,31.2479718572009,24.7041613012441,"0","0",1090.55309108081
68,175.077207419725,1.83355391831982,43.3240045480181,43.6494637932628,40.8180284088255,33.9470934453334,"0","0",1591.1126535172
69,194.917607781383,56.1805655032242,20.3597326784098,24.3528423272073,19.5335579665319,31.8940863772673,"0","0",1512.95772638814
70,88.7440729291073,19.9882692543785,0.179571876535385,30.9821486193687,28.2536445611235,33.807141178598,"0","0",1554.94174124115
71,226.225098376017,0.183994448863329,65.7559428223994,31.6349684726447,27.9312366248017,35.2229524586883,"0","0",1722.16340982937
72,145.393859402972,11.2120086539354,10.9601540317001,14.2057810630649,13.4186619360973,33.1526469474631,"0","0",1603.51429533424
73,104.343889188648,54.3526010213889,17.2469457590651,27.1133423410356,28.188858697606,40.740489130003,"0","0",1952.37308165891
74,123.850470245291,32.0250450877468,63.5419971591256,48.7313763890415,46.313290064665,39.1777678718148,"0","0",1896.23296925953
75,309.768807816277,19.0457898302703,53.1417539675458,18.9604522194713,16.6105020066485,30.0239835669253,"0","0",1533.59997338387
76,56.8208192382098,6.62969993476759,33.9048856311171,12.0437414664775,9.57317389691454,37.7724799226717,"0","0",1841.06872721654
77,41.9228384186645,18.4089457885377,13.9928729741526,19.1482304781675,19.0878949834421,30.9092668653041,"0","0",1455.64519961733
78,106.860823603717,8.69277114492846,17.7998448126868,22.2487902920693,18.2079984837536,30.3001526173768,"0","1",1581.48837426096
79,165.599765742217,82.2485706146861,62.4211278979495,11.7582637630403,12.4355307910422,31.6862632386486,"0","0",1557.57539805535
80,22.749210956937,21.9820123335649,8.13022112746006,19.632375985384,21.6651055223496,35.2098169439684,"0","0",1638.57969589035
81,67.6840153410237,0.791645924310055,6.76554247896987,22.7076083607972,22.2530114697213,34.2688669029926,"0","0",1767.80729590155
82,32.8882629045966,1.66503450785783,33.344944664918,46.2885134294629,38.7470443386268,35.4164522834282,"0","0",1614.62452221206
83,61.5030124748631,3.98003090633651,26.2838054507333,32.3213568609208,27.8603433739615,28.983255648494,"0","0",1310.12701396235
84,72.1812512009225,50.0447731987466,36.819736828385,15.430881595239,16.9596419587146,41.8422777145211,"0","0",1974.92534375224
85,125.444040492431,8.76532973663632,5.12006785859923,30.2592410519719,28.7607932800634,31.6957317281302,"0","0",1610.94442931862
86,81.0175870151019,4.94791163938468,22.782383146121,20.781962973997,19.7781340427233,36.46893606617,"0","0",1695.8389093911
87,171.167404910163,4.47145567174652,21.6956581543928,38.1734339427203,30.7242062361534,41.3278706035708,"0","0",1974.22536107863
88,85.5959332890714,22.3715401720152,4.9887785680462,12.0912299212068,10.2953524719663,39.3289522523842,"0","0",1858.56264296307
89,42.5760059305446,46.9041972090104,43.7120730811276,42.6188003737479,43.2077893964929,39.3928340610759,"0","0",1833.84693999017
90,54.3571685819733,23.0082993888837,16.8433275690688,43.5534527339041,38.672178332978,30.0924748951277,"0","0",1363.82980703586
91,53.833566825611,9.53969773812787,31.7261288526143,46.4582108613104,42.8446640597167,33.1934250992308,"0","0",1526.36419260795
92,36.0009733421977,93.2597199387278,13.1684719698435,22.1323909144849,22.2782827157233,31.4741396838327,"0","0",1431.88976593245
93,36.3656443323237,114.846280416145,12.9327879774247,45.8057907130569,43.1644646447901,36.5203829783963,"0","0",1663.74542358901
94,37.266860299448,1.67570782219934,11.4814149762618,13.5525044240057,15.0476452736808,43.0709608689512,"0","0",2015.36726290427
95,74.8653680499604,8.12820596389503,18.9785775496177,35.89853762649,32.0132156334915,34.728699429439,"0","1",1746.36513982824
96,110.69331326548,32.5991085881669,14.9803283334613,14.4896102230996,13.9939252963797,34.6863047350257,"0","1",1767.81332598237
97,124.862368514174,24.9265750855304,24.6422505920858,32.5048312917352,31.2046381837876,30.8879614539762,"0","0",1428.76030186998
98,102.230725955264,30.4506939038309,69.2138723648353,36.172622712329,29.2201051578063,34.0251774224319,"0","0",1549.60650886208
99,94.5923559324733,30.0995282574344,6.33699093896784,22.1103773731738,21.4774751853541,39.7843391166493,"0","0",1818.38308941567
100,69.2699602304568,5.0070549064222,13.9972279970883,19.7074182704091,17.6576425493689,32.1503691155073,"0","0",1433.59089475955
101,55.3945473474422,13.3355681475205,9.00530249320092,22.0702170114964,16.3976816403399,31.9327376312561,"0","0",1424.07281858185
102,120.416571740378,8.14899222123915,25.0202037750536,25.1708992291242,23.6476649360849,26.4026045886966,"0","0",1183.99478346143
103,45.8202248264486,5.47028941800372,20.791768514113,30.2361051924527,27.4174112658499,25.1399815185107,"0","0",1094.61293280233
104,90.0188562137018,9.86362900438894,34.6334211561319,42.9988939315081,39.9908718774446,36.6068450454789,"0","0",1673.21171901413
105,13.8002126334634,0.288130725107714,71.3961031527306,19.4529398623854,14.2469491336054,36.1444348042076,"0","0",1791.53844689666
106,182.555447678544,28.1156763192037,19.1203107947014,13.3133284747601,13.4274089610597,38.2636512163758,"0","0",1849.79163201152
107,42.8199867157457,7.82689390354492,26.4126560844168,26.4711148384959,23.6810888093291,33.6882243263489,"0","0",1534.20239318954
108,167.563839622906,12.5668275935773,15.7114424950509,40.3985878452659,35.4736361862063,34.8248441948686,"0","0",2270.15255455501
109,76.0287563080641,22.6715883026546,10.2958822906783,18.358614332974,17.4673094797229,30.8250333206535,"0","0",1394.62750246865
110,147.640091074408,0.996577456442897,7.76703604033943,32.0959603227675,28.8278545577984,29.4352342424089,"0","0",1342.58017582863
111,95.9553750879503,40.5617707580923,53.3301667174674,33.2047840300947,31.7906563585681,30.0802061455295,"0","0",1350.9281565044
112,44.4605913156779,3.13559662398306,74.6364719758735,13.423072276637,13.1629093262059,20.7333121379036,"0","0",1111.66163085294
113,27.7856153864732,0.891928807262805,18.192393265153,34.4401665963233,31.4769596258079,32.2273157790325,"0","0",1419.26417284609
114,27.2054021109571,27.4761088275793,28.7124641747788,46.2048846203834,42.5903801514544,27.19504579965,"0","0",1146.99812170981
115,71.0569961144047,7.86575786883072,25.1745658774717,16.2880690209568,16.1589426262363,32.3416263515672,"0","0",1455.04971662198
116,85.5638672409954,3.46677915163438,19.693510670501,45.0673577748239,44.6827363988529,32.5301773257845,"0","0",1438.29681242654
117,122.824548690083,17.4439048733519,17.4359441733025,11.0125035513192,13.3799702217886,42.9585258043468,"0","1",2193.43021028026
118,180.780261841792,32.7520262975405,39.8144099013322,25.5607830546796,23.5620591462693,28.4935257182,"0","0",1350.41519091308
119,87.7167841130581,4.47409834626499,10.1035491510756,10.0195780303329,8.56404084078427,36.9786572507627,"0","0",1899.52323672888
120,143.080677288121,91.8438430608545,4.92930347219992,23.6165040824562,19.2221484290006,29.5626915341,"1","0",1593.59404470459
121,198.523497441113,45.9356223893215,11.2088060903237,49.2688967753202,43.3548349788706,36.7912489077536,"0","0",1752.99509050494
122,36.202998885588,3.17049083054066,9.10445555796473,19.0036540944129,17.3969958638503,29.6615717374286,"0","0",1362.64764791601
123,132.577877314395,14.3496057712578,38.9455653213933,17.6919451542199,17.8639731005577,26.2975640466566,"0","0",1251.60338030942
124,26.6812668800213,54.9588961381184,6.85108553629466,45.3304331749678,41.7459571380819,39.0801808937321,"0","0",1786.81646894873
125,117.400380903848,5.82216112882436,60.5593196714222,37.1917929407209,32.1364752632019,35.3558767224847,"0","0",1665.25406310943
126,218.513460627277,27.5762176466432,27.106146195721,11.098344232887,8.94561746906013,32.2158352920181,"0","0",1564.64225192801
127,37.0198768863671,10.0731984342477,31.6020585033996,40.0793333351612,36.0035389128121,37.1839376619514,"0","0",1681.92504768728
128,203.663841246931,15.1915032789115,14.0225585914841,15.3068231511861,9.85736441010773,30.9726895049923,"0","0",1456.56254241413
129,112.613155170124,16.420325523706,17.7997394171883,23.344880528748,22.8977614510089,31.0630009865062,"0","0",1430.87768987484
130,84.1309694425105,32.0449997943564,2.3472130660156,39.663658933714,34.8395938274881,24.7004670309779,"0","0",1091.23890142403
131,216.099787037419,21.0691939537957,47.305790157845,22.8305244725198,22.4391446636402,32.3956094411594,"0","0",1538.04345326517
132,78.2424894661,12.200996583092,8.8638614254773,49.5137417688966,42.3500872337924,27.4316759474838,"0","0",1216.10919252388
133,132.570777999824,171.832840733317,63.3886849896012,22.1119565330446,20.4822559411462,28.5487025261149,"0","0",1361.13542202876
134,28.4776031196617,103.378153477167,28.4581687770417,22.4308845121413,19.3038657689122,35.9153806152196,"0","0",1668.30292105555
135,54.7125661149449,23.7055593736041,3.48625756770478,12.365392241627,16.2087432752595,31.6467904279762,"0","0",1482.06939755809
136,83.7359921883647,65.2635785172437,28.4646214417392,45.5959302093834,39.1550827611565,34.3945183739972,"0","0",1609.79107837551
137,11.5491298308474,29.3903969762171,7.57029902333144,17.5437356159091,20.3214677616769,30.6365790134066,"0","0",1395.4653261434
138,170.05241182383,92.6748799959146,8.73684365015316,28.1525001022965,27.9564990005336,27.1089983279718,"0","0",1267.74310055287
139,107.138858323116,15.0411737864773,40.4756839552226,15.724377874285,14.921224994533,23.2043564131851,"0","0",1179.80116255071
140,53.6482753454947,3.81552117159187,37.160726472699,19.5147797744721,16.8661357209583,29.0709339425123,"0","0",1320.17400084788
141,39.8417054575856,17.6035183151108,12.4308809231101,22.3294347617775,18.7972715372332,30.234857404551,"0","0",1345.61517849696
142,41.9363902767136,40.3072260117395,63.3241258488096,28.8105205260217,24.0505701408756,31.9683299710391,"0","0",1445.26326575775
143,156.482322708909,36.614498078781,12.9921619203765,23.4640244860202,21.163730401712,31.2029095573654,"0","1",1625.40774155944
144,61.794539527653,11.7102647951066,8.26181480567607,20.013156561181,19.99046866092,31.1688255786528,"0","0",1383.30502725968
145,128.631422026188,8.68083709165141,4.63781594700588,29.5706961210817,26.8370850299912,18.631464444898,"0","0",1092.17387279666
146,40.5057837477631,2.99024661189248,20.3411320687558,35.7808255311102,32.6655919607501,24.6807626530195,"0","0",1207.72562649434
147,89.688577803279,8.16742203679457,2.85145834862932,26.4449833147228,22.3084701135141,22.4080619497791,"0","0",1074.58929617746
148,122.913504367426,11.4523485130729,60.9646579081764,28.7248470168561,29.6678990020128,24.4357194046531,"0","0",1116.51359272174
149,210.707860241933,25.679629044239,32.6557494251235,35.8918824978173,35.7354701619677,20.0484853243596,"0","0",1147.06152101109
150,139.296760118312,29.4587358873936,5.38061784112554,19.9868797324598,16.6839689580938,20.9082832856193,"0","0",1113.65398816728
151,53.486453566909,10.925574111124,40.133233897426,26.4941961504519,25.4793951089438,25.1977326932399,"0","0",1098.30748317367
152,150.152222989682,24.1513366931663,1.12580793218283,14.77568927221,15.3379537150611,23.4961219592243,"0","0",1131.09127611156
153,38.7452487779632,45.2948745303648,25.0124254496412,31.9904605578631,30.1237441055875,28.2479525159632,"0","0",1364.70917308219
154,180.427093336765,48.7459672870987,83.5425127856294,47.3570739571005,41.1006276285074,23.9332527169108,"0","0",1105.75866208342
155,70.0887969654115,27.6333975561242,14.8223913521968,34.5303668268025,31.5115790514342,26.1893381914692,"0","0",1271.66144068639
156,239.361184346083,0.519157078066304,56.4511728154803,14.657040797174,15.2919346639066,27.4716467007636,"0","1",1482.52231942908
157,90.0882670893144,25.5262877814956,83.8343273890997,21.0273096803576,17.2695190998178,19.3310806128409,"0","0",1059.56962613454
158,123.259318014174,7.44180939130826,11.0528450165397,48.3902258705348,43.7472665655543,19.0309082010686,"0","0",1026.14465749164
159,94.4323310549159,4.36995606108121,11.6775475384112,46.225707931444,41.0628877774633,21.3613957125536,"0","0",1002.56864880014
160,219.414399609354,33.9651351598145,3.92054469865179,12.948643323034,14.9178166606806,12.9948746281523,"0","0",1094.57961005879
161,47.5550420825844,5.43060740743546,42.6437355301552,35.8056173752993,33.551038571478,21.1834052865476,"0","0",979.198237508657
162,85.3550489377619,20.3772030638313,34.6883482074912,13.0390770174563,12.899660664943,24.8753627561252,"0","0",1040.18399018772
163,154.662332774001,27.9900060914885,68.5436617034351,30.629548933357,25.4346723439613,26.529366496308,"0","0",1156.71271463066
164,77.3782909166261,7.17835267506447,29.046192694859,33.143197260797,30.1680070639185,22.1101815818675,"0","0",1017.30770425443
165,67.4008693074056,10.4148832121689,28.7498787465923,37.2251309640706,33.4546335450345,15.4906610360993,"0","0",1026.26473174771
166,138.419639492055,30.2321201133525,5.94704003873978,22.6076656859368,21.0191076369735,12.0168546565976,"0","0",1080.94821062649
167,65.0056312094138,8.66627204920482,52.5863915523781,14.1729923523962,14.1072207674963,19.1079623627233,"0","0",1069.65352648327
168,164.482216173132,13.2683613518604,30.6511937186909,26.0124362166971,22.3579468476551,16.3884881827529,"0","0",1095.91350996354
169,107.727170742289,17.5220902076422,19.7320366039954,34.0846021380275,30.6372198063263,14.3037165867416,"0","0",1053.61311827959
170,70.4154412851813,60.8427038847036,61.0169289692879,27.2646967042238,25.0586122907711,14.5068338144151,"0","0",1011.48035416514
171,53.643140409839,13.2000849613984,11.9107593286176,42.1193714160472,38.3927553789661,15.6342986129725,"0","0",987.836430767513
172,44.7810837887218,6.4935145697839,9.08330002868664,40.0255273096263,36.3670489047665,26.1452945975019,"0","0",1046.18867091176
173,99.0833003193927,41.3942098489973,24.5883565523286,15.7305754814297,11.5813552151531,16.014161853237,"0","0",1026.49076643863
174,102.502679557565,17.2926035103802,8.75382730693652,31.2261836323887,28.3861589278384,21.9572731905073,"0","0",1010.04481775611
175,94.3671576097923,5.79954428427939,11.2437285876406,16.9727325905114,19.4220308467551,11.69101329845,"0","0",1023.99816134109
176,135.156278727063,17.2171781307943,53.7631590086545,34.0924664959311,33.8975989157527,14.8408443053388,"0","0",1038.6021424577
177,41.5062715714339,3.54503374381533,18.9757727387232,18.2093070726842,13.48528686459,23.2002530711182,"0","0",1016.60631053213
178,63.0843566847841,44.5920963694087,27.9749292403176,25.4022240173072,22.4351547173111,15.9244195424821,"0","0",1031.07234316848
179,28.6505216711641,7.41734630445383,17.8516320212545,45.9970452543348,36.2682038078679,12.4380430393445,"0","0",1001.80904755067
180,65.0556468083656,19.3192274216111,2.75563856818924,20.1666016690433,17.6045817596971,14.4026514605021,"0","0",1042.31727445453
181,70.2135268045085,30.4454601705421,11.6400247129443,25.9140195325017,24.5994899468704,12.7619640734383,"0","0",1030.36176149411
182,160.995615312085,17.8749853327624,5.00161903068265,17.6758752949536,15.1210236549507,16.7402998669954,"0","0",1086.41500351814
183,76.1953292227761,16.2328741669984,80.1068396570429,48.7271811068058,42.6510065668671,13.1927409106707,"0","0",1035.64375220662
184,409.161986843126,3.35366205273355,57.0105271928972,25.6116336584091,21.3438700089826,15.6121589127584,"0","0",1178.82497274569
185,74.8168159285672,31.4432102773585,54.4547811427443,15.4852056503296,12.4565096780209,9.9644623929307,"0","0",1073.22981012768
186,36.8777816227158,35.9102839837391,38.9382096011628,35.841525150463,34.4841933669653,7.35707629423484,"0","0",993.310687575794
187,58.343556693079,24.8135443718603,42.3164715628912,15.2911995537579,15.7913288476067,3.85728709074773,"0","0",1044.23254900576
188,54.2117850099413,39.6131840709939,32.4783368732945,26.8996069021523,25.9628517868333,8.44307662921266,"0","0",995.646276454666
189,37.479903674824,115.799476893368,24.3288321223799,14.8426109738648,12.3784350278298,6.6960966259681,"0","0",1002.31621631613
190,119.200995725658,17.8643128393284,17.1213543670011,22.5814676005393,20.3163991505968,10.5894041551393,"0","0",1035.68000405968
191,104.003744343752,41.7148711539757,19.9168769297455,20.9547501709312,21.5501594547772,16.2197736494615,"0","1",1412.69910437431
192,107.338920044059,49.4606674248707,21.9347756722215,16.6739703342319,13.035020040858,11.2358912049238,"0","0",1042.04370761018
193,59.5740232010692,25.0412247591063,25.5930760279394,21.6763677727431,22.9897031619108,12.425730285637,"0","0",1029.28662527502
194,8.93360064749345,23.2088114864621,51.9135784803205,14.7746327985078,13.4387730187511,2.146171462917,"0","0",1025.27280051791
195,35.0068017164927,40.8582103774437,27.1723710533637,41.5031878091395,37.4333743477926,4.73046593622198,"0","0",1000.07226802466
196,103.458385847785,32.8949142800097,19.5710206754016,19.7464010398835,16.496497652799,8.62447959324936,"0","0",1073.65936887196
197,23.8297490636553,13.4319112183248,9.90754838943982,26.2045280635357,23.9929792776368,2.71271324144425,"0","0",1022.18180132968
198,34.7524041577294,4.17417256174027,10.7092046179389,19.0609275363386,16.6208751230981,9.30458831249542,"0","0",1040.34292127946
199,86.3511522747365,64.9525687284877,5.45898873517684,30.2971417270601,24.3329319149207,7.27804277370415,"0","0",1044.28739109303
200,134.118599630466,24.3805291904485,28.3903269131449,24.6984065603465,18.2845854310053,8.31760043525698,"0","0",1058.06132868679
201,146.430867040229,72.22238356255,25.4198052059461,32.7920948900282,32.1601767783957,11.1701793887631,"0","0",1037.01544133732
202,84.0850578917016,55.2979065492146,94.5515797053391,47.8025502804667,41.5557147639966,8.25416652301882,"0","0",1008.00074288091
203,224.943676392968,3.75279219289054,7.40930157343921,24.7154663223773,22.1313960416984,12.6992056270208,"0","0",1040.33621900073
204,84.6957455193953,14.7973913760684,17.7570574122275,18.2711741421372,17.9016596892151,7.56208596663919,"0","0",1489.62117694551
205,98.8994397006557,28.9590855989399,8.19192539288147,25.9802937321365,20.7111338944663,10.5243018333458,"0","0",986.846893701587
206,103.729025621259,30.1864390830481,78.4357920744597,22.1192189864814,16.6615560597968,5.69520112289471,"0","0",1022.18369390809
207,21.4377639804465,27.8686460499957,38.5053949185727,49.3543935101479,44.4512931819127,12.7182663127271,"0","0",937.100226950342
208,89.7752221357961,33.8488766098864,5.77279255066339,35.9210205171257,30.4358657817834,2.78995202338878,"0","0",969.472092498881
209,53.1803278525035,55.7096709399088,61.5248322302753,24.9742868263274,20.9749481312395,9.78690633880316,"0","0",969.982283911927
210,74.0277127706279,38.3080555123455,17.6884588737482,43.6359812133014,39.9516733877151,5.75686609898005,"0","0",970.98956350444
211,106.048174083,23.4783662234601,26.4679670329016,48.9207131322473,41.9937163574403,10.0287828341018,"0","1",1249.17908312874
212,203.280150441284,7.06587542462254,23.0439463312224,49.3006029725075,43.1807791336025,0.983094097901443,"0","0",1178.55974950942
213,172.260127995588,28.9067606322353,55.9510123968411,32.3040572647005,26.6151135424361,11.1728255387763,"0","0",1034.58919403677
214,94.8396562030007,37.9486873349619,7.05826270988616,17.3418663628399,15.3927829727726,0.539657184583909,"0","0",1000.71150235897
215,96.8251885673574,22.9763242026903,20.7115657297837,15.224731406197,15.8307164739605,1.98611466881543,"0","0",969.629224631317
216,103.032492255492,13.70071549312,79.0587245601113,34.268871601671,30.5821758233635,7.79640389003163,"0","0",992.923460440928
217,140.102877231125,13.9462258960749,12.8835606174189,10.4523456376046,7.97370980305337,1.63357876010606,"0","0",969.231567051263
218,100.494861726037,10.3797657983192,24.2474997477293,17.2309097275138,19.1130201305838,4.54111918807363,"0","0",937.99626950136
219,116.707103517458,3.10495879062087,5.34732263356248,27.6768281403929,28.7334980761619,-1.65026716863253,"0","0",913.070505310821
220,119.14286417041,27.5342708764838,48.0372816499901,48.4005388151854,40.0795309011949,-0.503262179445825,"0","0",1066.06218716982
221,89.5980925314061,64.4361762180653,2.33043859369729,35.4477588832378,34.8440640820699,4.60851232204767,"0","1",1177.11837765991
222,125.60642902022,7.59097564951705,18.2479806681815,44.4561082869768,40.254143133257,2.30915654341165,"0","0",923.120923527749
223,78.5837401654829,14.6947777655696,21.7001205826484,43.2743293233216,34.3951803823638,-3.98800543054874,"0","1",1196.90963661788
224,149.712142691959,40.5540459182356,17.2995829603377,17.0349799934775,16.172076346417,0.679855048888331,"0","1",1272.80045700453
225,51.0675568570517,14.2656664889512,1.20693575054044,36.8723518680781,29.2529508698611,0.201754440522911,"0","0",917.542366470272
226,42.2249166793017,69.9418802225837,49.2685278358847,49.5919756125659,44.6518917986766,-2.74659999374417,"0","0",919.774860818343
227,23.6443360138739,35.9232146534615,24.5023477526738,23.4380650892854,20.7649482654666,-2.51280544018858,"0","0",932.832870521205
228,41.7486255083332,2.0182297241213,10.1000600339569,30.6183236185461,31.4388209413417,-2.80476595800923,"0","0",913.33651537113
229,176.214544555246,130.710248187999,49.2433948328227,13.4229589253664,13.0632369101285,2.01402823331305,"0","0",1158.00310494071
230,23.8403158022089,0.620512477708159,26.2067180590632,13.8313325401396,14.6388789941022,7.94024997263117,"0","0",933.754657741445
231,359.313907991239,26.7430139133437,7.24440417095159,37.8964549303055,33.2468814142332,3.61121553861403,"0","0",1003.59813135676
232,63.297510870393,2.35129920193037,34.342924029444,45.1908992044628,38.9505561055422,5.16121260003678,"0","0",878.043914746448
233,4.56471455933277,4.78577144631559,16.3880623268229,43.2580470107496,37.3907461870571,0.827757591237367,"0","0",855.91212359717
234,40.5075923656522,23.2819424300659,14.2226820024389,17.0464836061001,12.6778348120483,-2.13144864492128,"0","0",892.4761639164
235,38.5865189817074,50.5129741248462,31.1036547778298,10.77402735129,7.45416184380699,1.64714366971011,"0","0",903.351381485549
236,83.811329135696,13.6982624274361,37.1129666647229,13.2454302161932,10.5109856108079,1.87711695687608,"0","0",937.739993900074
237,109.412308001384,28.3443731836944,10.1629399159555,20.184872224927,16.3539419277338,1.06422671047625,"0","0",940.344671730604
238,43.7409690165352,39.1400965096416,6.50355944360693,39.1005694214255,34.9612496176325,-3.42588266317004,"0","0",913.350038922697
239,23.8454139585957,0.559495565200609,41.9487051000082,20.597280440852,17.3624452963492,-5.54614876124052,"0","0",927.930513431597
240,309.366263610266,31.0521165418336,10.9190025743753,10.7605802174658,9.36973669641985,-6.61302047941317,"0","0",1070.45318078875
241,86.5473038859875,3.75871121112671,1.59155606557125,33.8949654065073,33.795720462959,-2.69211968674243,"0","0",957.749699048493
242,88.9735608036895,71.4594353495381,12.8704199136015,38.4174321126193,34.23290308626,-3.94702564068697,"0","0",964.894978268805
243,103.628919101373,47.7504492372959,18.2669658776203,30.3759458661079,31.3654665128425,-5.85894373017301,"0","0",995.22418298035
244,88.6033888789645,24.1087794381671,16.5129202097135,13.8343515433371,14.6022070693859,-0.584742451677096,"0","0",985.724088734827
245,110.997346460547,31.7581823979749,9.33722776185782,35.4628369677812,29.743780207342,1.44352849651478,"0","0",975.198388419976
246,18.6844190870593,30.1652234978884,46.4512275286136,22.9463590681553,20.158241028856,0.858101023729636,"0","0",942.313473924044
247,143.405520046354,9.03044053796019,6.4906688078494,47.9959190636873,42.9296123303142,-0.962169727298107,"0","0",946.125214726431
248,16.5008681998017,3.73420200611248,10.3277256345677,32.5403312873095,30.0845059711329,-1.26579566502966,"0","0",881.030328255363
249,51.6050198674419,3.76428654586004,31.4396101128731,34.8393770959228,28.5044352628777,-6.73963769193122,"0","0",921.228056733313
250,96.518091452587,64.990937700247,18.3290241887871,49.8145148996264,47.2997466771922,-7.16284075982543,"0","0",924.262742979049
251,120.267407839433,62.3189731513227,23.8123276710332,48.8336028624326,45.6600926797803,-2.94640492910804,"0","0",932.926289335217
252,96.6654119541148,75.9228807224399,59.589597363263,38.8754722289741,36.529914211016,-1.67295042812276,"0","0",960.061268520322
253,66.1603330412613,46.1768276842497,70.8445789959123,22.334540784359,21.4486889746152,-2.85758030391443,"0","0",983.057055354481
254,40.2124598173877,3.68882628981243,6.25728351360058,33.3926941640675,29.7810063516811,-1.79734535002539,"0","0",936.080804057607
255,14.3428798774798,1.81457610718723,1.42507756072842,40.591878592968,31.7586450814551,1.71458069152246,"0","0",909.49817407289
256,199.45832250756,154.837706534518,63.1519923708563,46.9368453137577,41.9635841089205,-5.7362072255562,"0","0",1018.02999313907
257,21.7075996956975,20.138505737578,34.3942865910352,45.678869811818,38.9881294692102,-0.661576222924946,"0","0",960.3628203741
258,37.4261063371428,67.2824778498238,19.6754584009185,11.1703045293689,11.5473867831603,-4.68156799441771,"0","0",961.921542234579
259,13.3224824546489,20.5003411846091,43.4475795797773,48.2915258780122,47.3665070627791,-10.413359121325,"0","0",905.848989956094
260,70.1602849174033,5.74489960556466,37.634980566698,39.9987691268325,40.3801169261673,-10.9317736616332,"0","0",955.785909503219
261,5.26485146665764,8.36561805812479,33.3876118078455,38.9279224444181,34.6249247449839,-3.88994682579372,"0","0",883.601727233937
262,70.6901947487647,16.8304840782363,31.6988612925702,24.7831869777292,22.4544873033824,5.14033812760804,"0","0",927.715830276594
263,11.2492557800063,30.2976664897628,2.26622554898229,36.1262458376586,32.2874403064162,-9.73969120972597,"0","0",872.410099059702
264,41.5012017321175,17.8848335769529,83.2481367686258,46.4727897662669,43.7820859611787,2.26055933027836,"0","0",908.286885099111
265,163.82022217336,15.8447637565234,51.305805314565,13.0639461427927,7.9705327522599,-5.95514533381341,"0","0",983.788102688542
266,84.4521975670451,11.025743076678,24.5977226920357,32.3521099798381,27.9234922370457,-8.68825260538921,"0","0",912.005140351742
267,273.060958094411,23.862267347142,22.3302632667114,35.0658881943673,30.4018277122656,-0.652321585035644,"0","0",988.674447804753
268,68.28882983952,14.8879438282157,1.76720192145157,35.6874701194465,31.9300937068759,-15.5759569798159,"0","0",912.797244423936
269,79.3327165451257,1.84527884196576,26.6290987790524,49.0858018677682,42.0867633153092,-5.03774296073642,"0","0",914.657173230597
270,13.0569335681568,46.2202925159249,41.7571622949756,24.3636109028012,20.2195037512935,-4.44945457457728,"0","0",945.157893036906
271,68.4568683173238,16.7404474275449,72.0677910712501,23.5735347867012,19.438132809948,-7.63925409853023,"0","0",969.103978946993
272,284.918982456083,13.4522848654252,52.8870761663162,11.6125689446926,10.2659760321766,-6.449437473849,"0","0",1036.94400378652
273,126.661856639222,32.4329197530319,26.7380198363398,12.5557205826044,11.5264073255015,-6.83135829522193,"0","0",971.788124505631
274,68.651875262607,28.074381314562,3.2055910563448,37.6028993539512,30.2330584462099,-1.43181346964785,"0","0",1078.16509090269
275,116.291639757454,55.0217970193406,32.3286029746153,42.9716318380088,38.0125422571411,-9.65863218136115,"0","0",935.022598084956
276,113.784508117482,2.48638425823981,3.87306549712766,39.99537342228,36.0462740734243,-4.60390894313029,"0","0",1055.43845384926
277,64.1509164772002,15.9698230931116,34.5372679689821,24.3538288865238,21.7944328758339,-7.4953052702273,"0","0",891.65834539051
278,101.125869804206,47.9759894857222,17.3814642111933,13.3695606421679,13.7606568063178,-9.46361402687638,"0","0",903.052877659252
279,30.9751868504638,9.84345700169733,22.650394062802,10.9472628403455,11.6804983895099,-1.81614686557675,"0","0",888.936724029768
280,53.887092698273,7.09270265082238,152.061476866946,21.0404443833977,18.3585189948514,-14.3626221217188,"0","0",913.173702571193
281,199.0022723659,57.4893522954214,10.4416331604307,18.7177097611129,15.022768027652,-2.79829314178693,"0","0",946.602094969918
282,147.049977322771,40.6115569743938,7.54649138441192,15.2960166148841,15.1324754651234,-9.01928646910514,"0","0",1080.29222686212
283,41.8829737465035,1.44395448612869,53.4478588892924,10.2566893771291,7.11410838731913,-8.17062991766533,"0","0",920.581768236426
284,97.562422432358,10.5357562750931,63.0132534174024,39.397870991379,38.5096140485531,-0.469043759025307,"0","0",923.097231676109
285,91.7196894216351,45.9931869345698,27.2237814093835,22.3582853283733,16.87225073329,-14.1997028391898,"0","0",916.887502761617
286,104.297995271123,49.9474638159893,43.2316125863774,35.5159563478082,30.0028567020101,-8.0731128270232,"0","0",923.805430227793
287,47.9149760447899,7.49647078274237,45.4920067751136,26.6768531128764,23.7585353287138,-9.94716824121727,"0","0",1094.37379445641
288,69.6117064347526,11.9949016236387,5.5342547409968,32.5149278808385,31.5513875443767,-4.97668484189224,"0","0",913.976408457776
289,166.838752427353,58.5296893738219,59.8716530993115,26.031269133091,21.2981357792317,-7.61171582001513,"0","0",974.067220628716
290,84.0134679620766,11.5330913342819,11.828759385015,31.8786916602403,28.8752651118433,-2.16699957227079,"0","0",915.540101812745
291,38.0128688616172,38.9978952838482,11.3552797303225,44.3365508131683,37.7862323303231,-9.2448455739215,"0","0",866.998466940481
292,120.875976502686,36.7398444645297,45.9871296026545,45.5001603346318,43.2614436758023,0.0296310592765998,"0","0",906.816312081495
293,78.4101866845986,39.742507839362,30.1020984702529,40.1369599346071,38.3001408091524,-3.57301414129427,"0","1",1286.10443714252
294,79.7093346347574,10.1294954301359,68.9637324918082,21.3379561621696,18.7875872993207,-1.51121351413818,"0","0",914.976680321041
295,162.631723872376,27.0508099583764,15.7595395402628,47.8488102834672,43.4350979483023,4.10447365424538,"0","0",902.781205131259
296,174.017444589688,59.0606246636928,6.31708969148445,15.7488699629903,12.1320221148535,1.52039225237345,"0","0",949.684431445888
297,43.1308196520105,14.2987569780078,0.0495408690466839,48.2063628733158,43.9903251885114,-3.59588571110177,"0","1",1102.6504901432
298,151.759696813785,73.576642157108,39.8686657619378,45.6637401506305,41.5779843992626,-5.65647866392116,"0","0",947.258467903846
299,86.7411818907174,10.4501166055227,9.37364901027419,25.3880814183503,24.8250879116824,0.335093741272486,"0","1",1190.00517159112
300,36.8406670182799,4.56203337752365,9.53244854571732,43.938869247213,41.5471135839428,-7.13413466013907,"1","1",1371.29591281929
301,35.646476172374,4.20933383149864,29.6371703692115,39.4399360194802,37.6946280950127,-3.72971086522352,"0","0",928.688109262017
302,23.0686703699974,3.31556404128949,22.7708856083131,21.0975175350904,16.7147326959978,4.12557254088079,"0","0",939.216778609027
303,26.5828266950327,20.0594465784439,62.633722470111,39.779073772952,35.1265206881584,4.66375140207218,"0","0",946.823722968763
304,77.489275119811,78.6922812523382,12.0517706490021,14.4420631229877,14.8608201214369,-4.22000347534867,"0","0",983.928043239278
305,88.7741139935141,7.53623812815348,40.8794701464037,30.3615067712963,28.8125929760866,-6.84263711793215,"0","0",964.96286888877
306,52.811896899998,17.6600329579929,73.0355590160422,44.8450521938503,38.1751419651748,0.645362483038641,"0","0",950.049635982835
307,91.4049529081666,33.0043265294768,33.1233959110328,18.2802197895944,14.9751439493377,-0.811325086606939,"0","0",980.757228380788
308,159.613028791375,2.07816430253502,5.60310642947701,20.3190068993717,22.5555351500016,1.77484487435189,"0","0",983.836949837022
309,20.1700714539039,7.41733963188084,30.3171057512332,44.0223372541368,40.6643108563012,-4.78018387898693,"0","0",894.958777141736
310,258.199668562855,6.14163641760364,43.4008253845403,22.8564568702132,18.8898354447383,-7.93702862656127,"0","0",1026.10480738804
311,167.793317028185,12.9827742679587,5.39145437547831,15.8781979884952,14.7510913766947,1.97918330007549,"0","0",1009.57693156447
312,351.681665305206,16.598698898254,10.8946856737786,42.8438956011087,35.8485344490643,5.65546886723066,"0","0",1043.33992282386
313,125.760989872923,37.0204403936514,104.313491997284,35.406634863466,32.980007512745,-1.07576659404352,"0","0",1000.77329742947
314,34.9806581095689,46.6111177865473,16.7532284411035,31.5797558613122,28.2655840404625,-0.22528323184949,"0","0",960.583316180066
315,86.5540675524739,12.800326143207,14.3748867170951,30.1294674631208,29.7169866823598,-5.42233571169435,"0","0",1000.04063910564
316,93.4230357160146,6.76313682060147,58.5897583561788,25.5604014452547,23.8175182269752,-7.57571439677778,"0","0",1179.48751787368
317,99.2610371584252,7.80379195242626,31.5273602580564,35.6205332931131,32.7992840400971,6.6717074833204,"0","0",1011.13134882498
318,63.2777275987039,68.3946433041311,12.5076601859366,32.3879950679839,28.9223437154889,2.21767267273889,"0","0",983.2393020309
319,173.445208172291,12.465745075415,6.03556263641558,21.2735459860414,19.241401162061,8.39628710877565,"0","0",1204.06440980803
320,109.260273117329,36.0315798760953,15.1759230759371,18.7234728783369,16.6978966599738,0.867833945183733,"0","0",1167.24278664627
321,107.427354397674,13.9315429114683,58.1940345988991,38.5136752575636,34.0090521435439,2.36423929043822,"0","0",1146.04171315027
322,141.673786438934,40.2899643668952,31.7129940586202,18.9087817259133,18.9574235835343,-6.65812761200595,"0","0",1155.1554381735
323,112.817722502246,47.649577717033,4.39606328648244,37.3564384598285,36.1365060213966,8.88687161510851,"0","0",951.520873754873
324,24.2899990842897,34.7998827652609,7.74979628072284,36.8971132300794,32.54369221377,-2.9129609246896,"0","0",912.973792944776
325,31.5266137222808,11.1917353181062,59.1316358389755,30.957208480686,27.6631194572417,-0.905362489345192,"0","0",926.184056654999
326,48.5556551936194,1.07588045784888,18.8141522566408,49.690150199458,43.5894920747776,-7.17579731936614,"0","0",919.95539426782
327,59.0578976431796,53.6893116277108,55.4601390723195,20.4154391586781,15.0121810381444,13.0802403463428,"0","0",980.11143979585
328,115.43073575651,3.11087036596785,40.9618666433141,20.4998304508626,18.8716077604687,2.53634248980738,"0","0",1008.13021647095
329,138.285253597318,86.6092074463507,2.44754214224105,31.8281658738852,26.7207886417383,5.37264595740744,"0","0",988.249175362065
330,33.6125143106641,33.3191049952369,27.0613697432242,14.7826746664941,12.6040652272714,9.15316726462697,"0","0",984.044509750877
331,30.8185943476576,23.2447440041796,23.9951729933083,22.0935557968915,17.9722578290432,11.3765292375169,"0","0",981.775842372566
332,114.305149723761,31.8829632784466,8.14829157284313,48.131692642346,39.5843422694021,8.90769818127608,"0","0",976.519502799693
333,49.3389726672617,5.92742519313376,64.6859199596971,13.6713526397943,10.7878940664581,3.82330056013346,"0","0",992.600210256741
334,102.176266621621,0.161336460772783,5.95319617007362,39.2490142397583,32.7847096453156,4.55102416792579,"0","0",972.993512678659
335,153.236639259593,46.7147370346367,33.2977012633372,17.0535129867494,14.6816047844184,11.7013481253448,"0","0",1014.64589398197
336,117.52772421428,9.54683489741872,13.6790209147895,44.1980531439185,42.5536511989292,6.65706121428709,"0","0",949.306632779505
337,77.1011479415746,7.73693435476556,47.8232595527535,17.0669148862362,13.8950801070276,5.48444193408654,"0","0",972.48722765243
338,31.9620230660751,30.1799634878464,53.7201559305471,34.8202111665159,29.5880253120798,13.4078426261241,"0","0",920.94641265968
339,155.440534640743,21.8663964006487,47.3945126261492,14.4167958665639,15.8557468978141,10.4498261195592,"0","0",978.18358954185
340,100.03720281697,107.746268053697,2.52734792618796,31.4999117981642,31.5483340889126,5.65906205165218,"0","0",942.563762883232
341,31.3091340448762,65.7973090187047,12.2989866862245,24.7810596320778,23.2973941296281,9.1985109217208,"0","0",923.195308641196
342,308.9958553395,37.5116429761791,39.2582487173165,17.004657080397,16.6104388689323,6.83376567773136,"0","0",1063.59266002325
343,36.0242158594837,28.1258241467614,41.7245807156072,33.3031341060996,30.677749831654,11.8946923333513,"0","0",942.572759319639
344,187.137993428089,24.2733645127558,44.6495699523475,32.6449079625309,32.4089852553907,-5.74597968356694,"0","0",1003.10321151134
345,57.1266061023395,15.282680158177,4.32965221869577,15.7942243292928,11.2697918613931,10.5309208168801,"0","0",983.579040753655
346,291.599583166466,10.7305923921542,7.53886371829513,39.1062648873776,34.1805883123312,4.74824664463109,"0","0",1045.90582871904
347,39.7024079319464,1.86655457107255,21.7085990783858,45.6430134736001,45.2261598279647,6.92293225584464,"0","0",952.436680233433
348,227.433063940574,4.51320608726013,11.9635630038016,17.7910727914423,17.1119876054922,13.1116881027316,"0","0",1048.72279583406
349,173.410638426125,0.442234741340946,32.6902637270086,10.5118201021105,8.02100698363486,7.92046635326026,"0","0",1057.51839031376
350,81.4836490775553,57.6014244406884,36.5587512803719,38.2738333754241,36.7266692671694,5.47384181603981,"0","1",1167.85935031481
351,43.500707236999,14.2977500063722,24.800276785228,17.3467042483389,15.3279977345248,17.1773013972986,"0","0",966.663463237288
352,67.6145094391349,10.8859575980535,37.6104491168168,38.609042307362,35.3894784867543,2.4878583630148,"0","0",963.150538003371
353,70.4989840677879,22.6787344317085,96.4205606443599,42.0332868210971,37.8793201496276,10.0848377499256,"0","0",958.399798011783
354,48.4432256747854,8.90441721108319,28.43522326336,45.8179501630366,38.5850515650242,17.8339828654725,"0","0",928.967533371428
355,20.0804185740194,43.2190898118669,12.8502738306446,45.2117951400578,42.3574326199936,13.5131736947886,"0","0",916.109032300542
356,88.2367369584947,4.23278152720289,26.7996001512958,31.8730734381825,26.4679326368434,11.743308237879,"0","0",981.089561040864
357,35.7391697435099,45.5841260515996,14.8664156563896,35.573393413797,30.5810610784822,4.96498989735036,"0","0",968.062951128402
358,200.234788326239,28.9600010246499,27.1578580487831,35.8580035995692,30.4954084273412,13.0569798977724,"0","0",1039.80091565717
359,135.411449464363,35.9423840727065,9.2500278193106,26.7709783837199,24.6310360023841,12.0612627663666,"0","0",1050.09262326674
360,100.086254136471,0.202645305043918,54.7697858158697,43.6242678016424,36.78277774718,14.4114256190539,"1","0",1230.71901722248
361,45.8233381893554,14.3252662377624,93.1604660285894,46.181560959667,41.5794632855479,21.3183728241415,"0","0",1042.84929684689
362,25.5702579957409,2.84145343180005,6.71110909109824,46.1232987511903,39.7851872238798,10.4504709533165,"0","0",1003.07742623204
363,26.648911746841,9.17565244187629,34.3875703449713,15.9946094173938,13.1743243435034,9.64700869205356,"0","0",1050.51361598016
364,122.180700997328,12.8236452757595,17.9139831129452,10.9611034207046,12.3067882252031,10.9306945802343,"0","0",1102.82372940079
365,15.2929825939308,25.6601286506671,68.6495550114596,25.4180954489857,24.7267298365633,8.32279161851791,"0","0",1185.64377471193
1,92.4493563540645,90.7749968239109,24.0013511849984,28.7165927141905,25.2459880004245,9.50342389384094,"1","0",1252.53357218171
2,154.583148006791,49.9075786063125,9.28145813264933,12.69581082277,9.98801468589373,12.9902180007733,"0","0",1265.77432284393
3,100.652051645947,53.9125298413035,48.006754832356,32.214598255232,31.7168976076096,16.8524362829149,"0","0",1080.11740430725
4,68.5163509163045,17.8648917217509,16.3129077255263,35.5007179733366,32.9883274186244,13.3696955111646,"0","0",1047.8660903021
5,193.712068109865,65.4180282092309,33.4908868097584,17.1803609188646,15.6080812537087,2.09628621108033,"0","0",1125.03867717698
6,129.79044157458,29.0140515894719,9.2676725993212,24.6888619661331,25.1741258911139,19.9813638393806,"0","0",1077.93357761853
7,157.841505918352,27.7797660597739,113.437123315898,36.2591720186174,33.2227142079514,15.7683455283916,"0","0",1254.86993915318
8,77.2176221644134,41.3168625370447,27.9227794291557,39.5492714643478,36.5719666411706,17.2218859479092,"0","0",1040.77952545979
9,156.292206039228,3.77210681761221,20.862486503237,17.1870527043939,17.8327941618975,15.2293321779775,"0","0",1084.14562126343
10,103.449780007051,48.3447068542087,9.42917076482003,42.4650423135608,37.2311533310461,20.4405310082415,"0","0",1025.18004894854
11,68.459891732443,19.0988441061118,51.5849925613939,17.0933022815734,15.7510243131299,19.9536328986438,"0","0",1065.06935836622
12,47.3995714847622,13.4136371293144,0.426664608298736,44.9638385698199,42.459772759854,14.732733600518,"0","0",1022.32682576291
13,94.7444735802885,18.5055645384702,82.6197538915626,41.9109788350761,36.6953551844108,14.1966674675067,"0","0",1085.34552668378
14,147.403343016277,8.39412143177568,23.356723119279,30.7838688232005,27.4152625067189,18.4038702726106,"0","0",1101.50046832667
15,60.6358584408788,1.17007125301963,65.0561735636574,20.011622486636,19.8545258639323,19.2568214819944,"0","0",1117.14192390499
16,51.1713016055016,26.5187890895698,28.7332927753618,27.5772723462433,25.1577007971824,30.3643378324279,"0","0",1362.49382090157
17,23.8516952321588,25.3155538379426,1.4576376540673,43.511317037046,40.1813799502578,17.9974376390561,"0","0",1058.75422422522
18,164.87500745895,4.91598192397262,18.6941520288127,36.7248014453799,34.2259502808482,27.8475155755499,"0","0",1272.32392108866
19,93.3557572422909,76.5387508820284,74.8199207487468,25.3585124574602,21.3907276019802,12.6003365401297,"0","0",1124.96225520718
20,216.502827708129,9.51928450725724,39.9932575336623,44.8675127327442,38.4462348095743,18.8069698217889,"0","0",1129.07781984623
21,230.370979831093,2.49104778826424,45.5313035731493,17.9135029390454,17.4824924716292,25.7849109152833,"0","0",1193.93040982631
22,58.616141743992,38.0132324967582,92.5804541913398,41.951165497303,39.6642963814243,26.1160234005944,"0","0",1111.7858199448
23,126.781786080201,22.2731830899964,19.0097798518006,25.3366137854755,23.5813888199506,26.1557568947817,"0","0",1151.2754664107
24,32.8195432021386,19.7291734422929,98.0821459218386,24.9600540101528,21.6537943446766,28.5469672389101,"0","0",1248.28929907634
25,47.790362244058,119.158433316999,12.5949955313641,25.432337326929,21.791639029482,23.9466994099529,"0","0",1051.65622620268
26,40.6334440187014,1.57074661381476,45.7791213684299,12.2400843538344,10.9290177140495,25.3282359262776,"0","0",1242.11897948851
27,50.7717021600603,27.7156541953997,3.06199824330431,19.9584685079753,17.9839191030378,22.1050487860375,"0","0",1061.59742119989
28,177.585253630142,13.6198937285335,9.19844642056163,31.238676616922,28.7492712220212,20.5897535862796,"0","1",1187.91710717801
29,32.6439843595,11.1569875978849,8.65618239250178,14.9084382504225,12.486899440675,22.9856474965007,"0","0",1058.67534672232
30,22.7406203888722,37.0948724805434,33.8632081457408,46.2898743245751,42.4529141654982,39.6368691382937,"0","0",1760.13267572423
31,41.1174997904385,35.4962405497139,37.4101901545756,10.5472157895565,11.7143208103002,27.9439558457135,"0","0",1256.24553946832
32,51.2203322433181,7.66714485088719,31.4282367014954,45.1948789041489,39.5073222060601,21.9258666168367,"0","0",1062.86813184827
33,154.96073900961,41.4261258272745,36.3112873170292,33.9022719953209,30.8990719147712,34.9921735194536,"0","0",1622.9410250129
34,111.609586645431,10.7871049430316,8.88761707755054,21.7267169058323,20.3751522285334,21.0584355959953,"0","0",1095.09475452336
35,142.469926592948,19.9814562484321,14.2382718460326,30.7746896985918,25.9409948593898,24.2911162382995,"0","0",1248.53715892788
36,252.83211259023,5.40949293696937,39.8543594550899,13.5566156543791,11.0688021670588,30.3788532495127,"0","0",1417.63976237168
37,78.8156280124937,82.365040664363,139.096237638649,24.7309776674956,20.7818686687329,22.5168080299727,"0","0",1096.41549681936
38,142.20935752886,50.9368903885681,32.6923915878406,49.0925735700876,46.9859016907615,36.0386895582593,"0","0",1595.05386215171
39,178.368237804547,34.6230894682037,8.78608451262131,17.5190845970064,15.7269043307912,18.3851724561407,"0","0",1089.17253190941
40,180.28763725301,0.153579539851665,10.5438412777512,44.3127188459039,39.9046234814334,27.2573289312606,"0","0",1165.27346343776
41,342.963694259836,4.05946936433743,37.6534715926834,14.1823118831962,11.5374125483455,31.2498035848221,"0","0",1459.14470110315
42,93.6221436742457,50.0719243285252,27.5523352308754,18.4268703032285,19.322093586013,24.1363918595682,"0","0",1076.00957876952
43,78.703759158675,85.5769407201193,30.1226490068212,15.2452623005956,13.435875607152,21.5756444877689,"0","0",1073.6135719128
44,91.4840900613994,6.2056358632808,47.4296146051915,28.1403036508709,26.681794783427,20.3548069238993,"0","0",1076.94926637176
45,154.835468277107,5.00492288166143,26.9426358916352,10.3879910055548,9.63305216413883,27.3738499046412,"0","0",1257.06835236133
46,147.451750947365,47.5713209344352,12.1299053412735,26.7562396731228,23.7801336536363,33.6903116656156,"0","0",1710.10927196514
47,95.235542574737,16.0962150632933,52.6339735284046,10.0887885876,8.94579391617185,27.7318791320495,"0","0",1256.67684230894
48,106.355898848095,5.35709434059965,24.9567363544333,33.208678085357,32.2960746592089,34.5163638064575,"0","0",1588.37569895699
49,146.710107467577,103.958652173375,34.2091790599356,30.6135953310877,27.9065006710466,27.504405589383,"0","0",1249.04972213524
50,9.96716763901769,4.10040832981517,69.4549551518791,42.6160390302539,37.7178077373324,30.2815085365317,"0","1",1398.63355788684
51,107.942267270932,21.6716133564485,25.6324374460236,21.0225084610283,17.1174797048056,25.5103469524167,"0","0",1116.45929481513
52,29.5539489301091,11.064635847098,93.7466219080535,18.872060989961,17.5627223882613,38.3709824116115,"0","0",1728.32752897699
53,219.627209468541,35.8240170442973,27.5566832999246,31.2642853520811,27.6666025836054,34.6879909022276,"0","0",1595.16140675787
54,89.9476209684794,15.3781351660628,5.65574264873236,29.2084356956184,26.2697239158535,39.3191265444566,"0","0",1764.5809041895
55,39.302523025708,47.8300980873939,8.15487366700011,38.4781106654555,35.0976858968958,31.8769843705506,"0","0",1369.1831788662
56,62.3670829313379,41.9990915001045,1.70386545798227,20.5472408607602,19.0646566805528,32.744852555306,"0","0",1598.58109649669
57,25.8084403191655,2.00097473421268,16.637182685419,45.3403333481401,38.1366748666768,32.3981381817965,"0","0",1400.10782820041
58,162.243185255101,81.0690491104169,20.9472314596935,43.3185339812189,40.7000437485526,39.8917471415048,"0","0",1862.75271909966
59,119.801162196862,63.7771162930828,25.5737380897706,16.0397979710251,14.0420095570677,37.2727654681839,"0","0",1765.16675434002
60,79.9049177102297,21.3160695869295,12.7899646224513,48.1887020170689,42.4343794230667,33.7273147822127,"0","0",1532.17699280141
61,144.066440876524,2.03863007191811,22.6263337795421,25.0354603398591,20.2740535106179,44.4332657465088,"0","0",2135.00723336917
62,18.8295726575615,5.85954781751265,17.1648531658554,20.6998697575182,19.4069818120262,40.8590371665448,"0","0",1907.97754816719
63,48.6827740368408,8.74360926870484,40.0025548264341,36.4428010210395,32.0012562504136,43.5547395618931,"0","0",2047.84475544468
64,108.98126111839,18.5701734030754,19.3497091451137,23.1632066890597,19.7423369643478,30.0069760675775,"0","0",1410.14861035565
65,49.6893713903998,4.91287106485125,12.8298666549066,21.9292442966253,21.0159424571894,36.5919634477786,"0","0",1702.7022770997
66,39.0239465748202,9.86821357466055,42.9292996444033,37.787626972422,34.5402393289235,37.1390057621629,"0","0",1720.00697806953
67,151.880034893407,12.0534271850212,25.4800214048881,35.2974239364266,32.8959709995038,27.1182918322841,"0","0",1260.95677235505
68,156.668577093796,17.5821417092202,53.8570108994136,47.5566572509706,40.46001240793,36.4201952508265,"0","0",1710.31280364654
69,200.436451942407,35.0845412153895,63.0961472888599,43.7873074319214,41.3102252140311,28.4447906830623,"0","0",1340.74942260903
70,71.2515076950611,68.7999866437141,82.2513152036379,38.6502347141504,34.5711626092276,35.9599986553221,"0","0",1680.7103874371
71,122.535162304392,15.7738940225321,46.5960626122518,37.2562822699547,30.6428413732733,43.2110798173183,"0","0",2056.21173505214
72,40.7487572311458,52.4686933398621,62.6403614672742,33.3902109414339,32.3590322556474,32.917965693822,"0","0",1522.08724956373
73,65.585854432988,15.8269512763668,14.2951595390868,39.910803725943,41.6123217457203,35.4005726556414,"0","0",1648.66147715888
74,33.3579745069927,6.10366208451807,19.1553449266716,15.1000916771591,13.0188327804502,31.1999010620448,"0","0",1442.15130453883
75,9.88777017865007,53.7293613675386,72.5404022402932,12.0844124816358,13.3682178263186,31.4023294741271,"0","0",1483.24158350003
76,79.5000722607095,0.217865364480496,13.1495193978185,10.1026467606425,10.966016316448,28.7116538309136,"0","0",1368.9109918768
77,69.5645897173963,35.6782105406295,18.9063842948957,49.6189576387405,47.9604720297699,35.2198216061493,"0","0",1645.30911270164
78,38.8433996085866,17.469033544707,17.4578195858797,12.7792692463845,13.5688621901022,41.252632806734,"0","0",1983.32826963355
79,38.1849326468525,1.66975343621925,3.48957769443997,10.3559793159366,8.6321208843617,29.2675069746914,"0","0",1360.9391438044
80,37.9126530637045,34.7583187601796,52.5459245370994,10.9616790153086,5.82386016731143,30.7595432258476,"0","0",1466.19140097971
81,133.349682193596,38.684187975129,0.665474855583093,32.9574615880847,31.0244352024613,32.7920426508312,"0","0",1682.58271178809
82,322.052176174954,21.637369481921,24.5132187418445,36.0592256020755,30.6330722556309,25.6144236012132,"0","0",1244.17163692153
83,141.012646804344,9.62427062640242,29.9559605499321,23.6287716217339,18.9423538530234,42.273272696055,"0","0",2025.77994261174
84,63.8774466832427,42.6061894416903,5.99082331248448,30.0225165858865,26.5387115106594,33.5641561249131,"0","0",1537.97849918017
85,94.6149961055496,25.215873219946,20.5588355518035,30.1233186759055,23.4621718730801,29.0223373499957,"0","0",1470.87203024406
86,106.889598274704,42.4671870810543,26.3815724844606,29.38779999502,26.4156733564112,35.1810717524513,"0","0",1640.0951842425
87,41.3726764179256,41.4133125279972,47.7811004428743,10.8470774628222,12.4841259634049,36.173084980692,"0","0",1678.1959472928
88,245.345587624899,2.12774906364104,26.6899899325467,41.401901524514,40.5050174686309,39.9036972959999,"0","0",1920.78155813746
89,37.4335372522583,35.2906660318182,16.6447335801146,42.479818277061,39.7545107815264,37.8693809834252,"0","0",1734.88899551322
90,87.7372738649906,26.1761656158235,18.8659092334546,27.5555835198611,23.7095323459111,38.7691090735571,"0","0",1838.60126367512
91,52.2440060143847,0.37500673305103,5.35494483973726,19.1062413435429,16.9543457860376,34.841187654541,"0","0",1646.27763044974
92,223.396493816833,40.7421965429827,14.3839623823336,46.4457764010876,39.4455119847083,30.0735571690478,"0","0",1432.6906219716
93,40.4460458033847,36.8962296756828,5.51281655982841,49.7424784116447,49.1228133651441,28.4659365665927,"0","0",1261.50121473737
94,81.8343494690735,24.4700583120153,10.8817351772391,20.4226402007043,15.7544099432644,35.0632300866657,"0","0",1616.32919765786
95,9.83313034884615,26.2605425169299,12.5668951308302,35.6090354267508,29.4203804868452,39.0540545000787,"0","0",1765.14047172341
96,133.78765767921,28.425353488823,11.0561346864444,30.572048984468,27.9820339091123,36.5426068586265,"0","0",1686.71539702321
97,25.4632157903048,0.870354721736881,54.5555774367442,48.3099754340947,43.5157274633595,35.1915214040839,"0","0",1547.14001347568
98,16.7146141020111,26.3424958268117,10.6247263004685,28.1552861630917,26.4643197583142,39.4680215951449,"0","0",1751.79632066925
99,53.9191809580727,14.2859923058817,105.612131272843,34.2860668711364,29.80650442788,36.7996665323334,"0","0",1668.36812866769
100,415.654962026628,6.01892386771028,30.3997654573532,12.6713419705629,10.7807889573601,36.326144360347,"0","0",1794.49190630872
101,60.8281427939275,56.4666876127676,35.1424158716866,12.5957910530269,11.9256997273559,48.6248976042512,"0","0",2284.64271502175
102,75.6000194201394,23.9762547574116,36.9996042843464,46.145739434287,42.5593143970912,48.5484939562542,"0","0",2250.11942362733
103,73.2593405699346,8.95598167657951,17.4306885424039,42.9098003543913,40.5185333528657,30.6850240694008,"0","0",1342.65399879439
104,148.608654797557,6.7998070439294,38.9153801259965,11.83110287413,8.29519211393756,36.3934805158104,"0","0",1728.49991464309
105,41.9073471226368,6.68448458234932,2.10151186055533,22.4885379616171,18.382353062358,27.7404127422711,"0","0",1394.57713771668
106,54.5951087776972,3.14876994375764,34.3597626329389,49.2917447723448,44.2789416304706,35.5260448175618,"0","0",1605.36114778477
107,31.6886944564095,4.3101864501665,8.93225050748217,45.3028042986989,40.4547572088237,32.4485863429926,"0","0",1452.34448606955
108,73.0091463665112,25.7116594701869,24.4324591794174,22.8601519297808,20.8378217039405,45.5238986228603,"0","0",2298.03875557682
109,228.4485053164,4.46327354880952,2.51656696753798,11.0072414483875,13.6024443878757,28.928120113302,"0","0",1380.65474999377
110,27.9882929369842,17.1158947911088,26.2480963472688,28.9423939306289,25.4394482272084,40.6652905297323,"0","0",1840.81339569066
111,72.4231349944029,17.5621645878414,9.90565689038595,17.3258488811553,16.741139987487,31.5968305430362,"0","0",1439.91678393476
112,239.765594083931,26.6982516564903,41.2642947505729,33.5580567922443,31.4885457817747,27.8099281571143,"0","0",1291.13742206835
113,116.520578031892,58.5411508235874,22.4172024903452,40.1350456848741,33.2877795908626,31.6026207716717,"0","0",1419.17903445638
114,102.450271718558,23.4372039453616,80.9180365058417,20.9656386449933,22.3499001861284,35.8953739740412,"0","0",1647.51070973942
115,32.4251479641818,38.3006195227189,5.18288334276128,10.8157049585134,9.23146582952245,35.8644318964457,"0","0",1610.54468355196
116,162.091692917803,3.44318980250057,33.9459232134722,47.5913155265152,42.5388290775105,30.2965836777857,"0","0",1370.05209735473
117,49.4444641870131,85.9178188806753,2.4073184492836,21.2238416541368,21.8807733466501,27.3761011575898,"0","0",1206.88178022439
118,42.6881923357821,21.3197065743766,22.225490908255,25.0421130377799,23.8224764768431,35.0236537154646,"0","0",1590.26682162667
119,28.6984125687829,1.42696721469654,58.9878000823822,49.8792407009751,45.8434658705703,31.6507449209177,"0","1",1730.73696832214
120,231.89007619725,13.7302527671228,39.1161663385158,38.8604564778507,34.2398984471992,36.7912027029836,"1","0",1976.18922110559
121,286.675357806309,33.0524894069349,11.0788988991252,14.0358207840472,10.7244835356645,31.3886513688225,"0","0",1558.2707075605
122,10.1685284296152,5.87662974414094,20.9340734606298,23.8984828256071,18.9942037408901,28.3273752493274,"0","1",1458.58726802748
123,112.612295803999,16.8565877539958,21.9074099545521,31.4226668700576,23.9331478122044,36.6031519459776,"0","1",1901.77450950953
124,54.2534961156793,25.49713746854,66.6961976931836,12.9418911691755,8.64071524635939,36.2611441469587,"0","1",1918.0212847153
125,68.9041953510267,17.3698836489269,14.7493055077594,20.0204481463879,15.1415358063325,22.2179502929686,"0","0",1627.5842905633
126,68.7805503493477,27.6088724977905,40.1171935066081,12.0366571005434,11.1260530889609,27.9674082866311,"0","0",1306.15300566841
127,238.787501378815,28.544757039117,16.9466951827205,32.4203238077462,26.2171762312012,39.3494019649632,"0","0",1887.01863660512
128,195.95512084459,0.761408354336893,37.5954536841459,11.2264046631753,5.41156773456508,36.2645902441857,"0","0",1737.27405561364
129,30.4280089708497,53.4161346913314,17.7263725377153,21.5310288034379,20.0692669710616,39.5875375806849,"0","0",1822.09429190361
130,151.590092834391,6.65834962618909,4.26258861782745,43.9999406039715,37.1488367975758,33.4772380997093,"0","0",1533.56402267737
131,79.3744226042447,8.43493495761366,15.0957228969922,36.3777843303978,33.5044860339637,38.6634686323111,"0","1",1975.2199123451
132,112.545060354338,7.7526113241817,15.282056733271,23.7892605829984,23.2078028649235,31.1498112108765,"0","0",1463.04479840112
133,36.3133058206431,73.2222773667158,11.5898489872803,39.4116200506687,32.6430514180097,20.088251214352,"0","0",1084.46751754402
134,38.0581860238197,7.34089203312107,11.2350337459193,33.4396110288799,33.8250636919603,33.0315332011862,"0","0",1499.40359101307
135,123.557221323725,5.58009414744996,10.4307999654623,12.392920833081,12.1336544673977,25.5269677068069,"0","0",1202.33802259112
136,83.879623180012,11.161585070733,2.26803150047064,24.8044085968286,24.5204288714323,26.4126463288523,"0","0",1244.75815770516
137,82.2563814161003,2.40352886944089,7.13583001377203,38.9446961414069,33.3483397919903,31.1077327234967,"0","0",1444.49177228361
138,58.3444901662715,11.3923781309999,110.204811002308,30.4773846268654,28.118521915009,23.8131412508916,"0","0",1159.34753677425
139,158.897944866377,59.6466577136219,2.15205135179503,12.1324247308075,8.142879995893,29.3985974695384,"0","0",1407.11738134877
140,65.0823245184406,5.08351245078071,19.7288590520919,45.9071645699441,39.6228618188376,28.9007133954527,"0","0",1282.42662273152
141,26.6265197590815,6.83629072662093,26.476431761929,18.9916556607932,17.4456498885474,26.9183857945264,"0","0",1190.45891358999
142,26.9822655686282,23.9486790646087,13.2734897322881,41.8122788053006,39.2708020869515,33.0485839029,"0","0",1461.66167373841
143,32.4109997635047,22.1730527764967,8.37325627171909,45.9741690475494,41.3694620558353,21.0715561580476,"0","0",1023.4386817505
144,83.8958917267972,5.64529108444188,16.2045564896004,46.4080916810781,42.7457344669114,32.2747691103586,"0","0",1448.41202042175
145,195.101133465798,24.0322359382682,13.6366581472604,30.9618954174221,27.6815335610257,20.5291471300588,"0","0",1108.52079762888
146,78.8556930472547,22.4869819670548,14.5885259140072,39.5571672543883,36.1587552139646,25.6290874314732,"0","0",1238.85436831489
147,54.4995343308443,130.20704572646,42.6430393419529,49.2817540559918,43.7123780669166,20.7323239157039,"0","0",1050.63781701016
148,78.9036466668478,30.6417741267854,32.4725286930988,42.7034205012023,37.0048905207135,32.9664866560195,"0","0",1477.82957203441
149,47.8051157075443,15.4708216000956,2.30355202469857,40.6560792401433,40.9068772718309,23.2354456875417,"0","0",1059.28242838096
150,37.0622359493509,48.9430334439634,20.0567112962429,14.5748472865671,12.7945810527566,14.7387101488992,"0","0",1099.75796262821
151,44.4009205332618,27.6746536015551,28.3997006666202,48.2451135106385,42.7838568424196,19.2391920534246,"0","0",1051.94057349782
152,61.144222335035,42.7730539632879,15.6238163996906,17.2625407576561,13.4806272888491,24.6902661860222,"0","0",1104.41466690494
153,84.7062894442369,78.0773327818616,7.40374555146983,11.5813038311899,11.1344970349695,28.5656282418184,"0","0",1461.76809871175
154,69.1626918665544,3.36446426470841,29.062319537226,17.3253402393311,15.5322455272221,25.2316319566421,"0","0",1101.41175707602
155,117.455931307924,6.40751149835755,8.52106771651575,22.5034479144961,21.6275734220373,28.5457410412761,"0","0",1407.59094250793
156,161.286965368647,6.44125414647066,23.4992228687647,14.0652022324502,8.29117964027406,27.1713840258401,"0","0",1202.75864073479
157,31.3377001864486,25.3455986821864,10.7158766368685,18.083901014179,15.6740328030376,31.7528135634049,"0","0",1351.90287122842
158,140.343064078856,42.0749351604288,27.2942466792528,20.8983944263309,18.1756709310797,22.631848255601,"0","0",1078.01889806219
159,138.605458577728,14.6031211024691,13.0130172197303,46.8317084480077,45.9209447030063,26.8241515340213,"0","0",1095.34880623508
160,273.927421308735,6.13346184303207,32.3754252113777,29.3005429115146,29.7875719840363,29.6052717942306,"0","0",1315.74502141506
161,40.9356362753185,23.8377401104023,11.8225686655308,21.714496742934,20.3336403140376,27.2595814229255,"0","0",1115.54713603207
162,52.8680248241237,6.20413909454033,23.5681967462857,25.4410786274821,25.4022950165107,24.440684549213,"0","1",1216.49704547993
163,7.30054298810928,48.0773187429275,11.6286676930032,26.1362830456346,23.7619769562547,22.6732755221112,"0","0",990.397780761164
164,133.751202968419,51.1034426501464,12.4837115914438,44.4842050876468,36.8282191014382,29.0185457629984,"0","0",1251.37846343021
165,160.768900065603,22.5984707218995,58.7570517832881,23.815191751346,13.87717672934,21.8268887309951,"0","0",1106.85434100943
166,162.842907833925,9.93299120235412,32.1020534011618,37.3554486595094,32.0950320935388,28.1266319218933,"0","0",1231.13997464624
167,273.544269630146,108.242399468176,81.9624877282072,15.3197368979454,13.324716098456,21.9273498701046,"0","0",1153.70478773023
168,34.5754015089937,41.7056894620348,2.03609531128884,18.7503609247506,19.1913724891721,22.9978783043711,"0","0",1034.19766462458
169,39.042766001353,42.6302967419234,28.7239097782005,45.1605772413313,39.7907290188243,10.8177398661295,"0","0",998.483712345788
170,121.873252524593,35.8240944690348,79.0508273008047,22.3734410852194,16.8575793465469,20.3627590957438,"0","0",1072.67230207816
171,170.469303497647,40.924869009595,18.909999489024,23.4941606316715,23.5372357912644,18.7415998389396,"0","0",1052.32221656966
172,154.367317164436,98.0172034239245,40.0069445842931,44.8040328361094,40.470023893494,22.0846628550035,"0","0",1024.73732611894
173,145.655284371705,130.942696629563,16.4190612546467,44.3717417772859,43.9527850470298,21.6659052713351,"0","0",1013.4725188372
174,232.949800553703,7.01213653156122,12.6657133207554,11.9274369161576,10.6727970984887,7.46492517130981,"0","0",1057.80176898984
175,46.934281546732,15.2454283474838,35.4164312305264,22.5288759358227,20.0255715174721,6.25300435079324,"0","0",1010.20254137388
176,215.96986759959,19.5803250760004,25.0531208798514,24.3856284301728,22.1144816097221,11.9224085512879,"0","0",1072.60488057971
177,106.696563446245,36.5524331061423,1.30493601350799,35.966310724616,31.8363214700058,13.6782292127698,"0","0",1012.56676228829
178,62.697971324962,2.94394695765894,8.83634424526423,23.8626148086041,17.5855820740556,23.1124033147681,"0","0",1038.79616499518
179,5.07171434359824,27.5442439870299,14.2791166968497,19.7597544826567,14.9874950793743,11.4760273362702,"0","0",1000.64677360457
180,45.1454962704068,0.288460855099491,59.7348822667681,20.7150084525347,19.8961337572488,23.8330643091557,"0","0",1061.6178200691
181,99.4787706305031,36.8290333118205,14.7309470838245,12.378299748525,13.7900666287896,10.9105668696654,"0","0",1069.93761670802
182,90.5682204162244,14.2375657735712,55.1593316431001,30.1646327320486,27.2445536076125,6.41673862020071,"0","0",1059.31814394823
183,41.7803662652429,1.74829002098824,35.3057085713944,28.891177829355,25.9328616740048,17.5268858826112,"0","0",1046.84473285125
184,28.6141452564623,81.4098465695509,14.8172754524661,12.093590805307,9.66029596187424,11.026531490835,"0","0",1030.30501305347
185,252.306994414513,56.9105429714452,14.5675389367268,25.516665559262,23.220617545819,9.65207977988433,"0","0",1108.18984496372
186,50.0076031743913,74.4781373432673,0.161376006905026,14.5590905193239,15.6840841265089,17.6942809632333,"0","0",1038.58008303575
187,57.9012285843223,20.3388671813059,10.4558562000328,19.3364034965634,16.1754259723399,14.3179082583681,"0","0",1015.2707078121
188,17.7711764775421,13.576610555182,7.02906093663321,44.0114274062216,40.1269996398448,13.1774315315541,"0","0",953.583936283924
189,66.5633097340316,26.2182222809904,5.25810380861268,16.5940271131694,13.0200345889707,21.0351778984083,"0","0",1022.47970848377
190,59.9900731459963,6.30008130536358,32.2025091101749,46.179361063987,42.2442628592706,19.262506890157,"0","0",984.727602922525
191,106.614106979024,7.4225584662386,9.82469803116376,11.8398566544056,5.61338158189092,5.20888461029092,"0","0",1199.73281159174
192,145.264001442922,42.8015611362972,47.4834535540969,13.7165171466768,14.1128699033911,7.05080419274124,"0","0",1069.53665640151
193,270.465242961173,2.7534947235712,66.7636121371986,30.5729588028044,25.4473873172623,11.2417671448441,"0","0",1121.94580949325
194,50.0562134236259,5.76401117355247,9.40500538023494,19.6183744538575,17.059900115428,10.8672970315526,"0","0",1029.79100917916
195,207.464257443443,18.9277454882428,34.8473765318924,21.5139589086175,22.0262812497088,11.3825648636792,"0","0",1120.32210630526
196,67.4454933642573,25.5254736099057,20.2391976718135,37.7755921147764,35.0281680610886,18.9940532576339,"0","0",1029.82400697526
197,19.2680189787853,20.9266910677276,35.0544702145799,42.7639353368431,42.5803552672683,10.5333812816507,"0","0",1014.5603855544
198,47.7907515712634,111.25269854434,19.0945054027262,39.1677089501172,37.3780304579157,9.99786319835755,"0","0",1020.27647056848
199,50.2960123799478,26.562306235889,43.2782754463282,38.0448914412409,32.2686830312437,5.75456765622733,"0","0",1016.51712683072
200,193.111197622265,3.95740705002986,35.0611582223432,12.8012087848037,13.4841021002569,-1.14383799955064,"0","0",1092.61884815844
201,141.597603655948,55.1086207478712,46.7431484754307,46.6302551981062,42.4993275217592,17.668013162559,"0","0",1026.25718594219
202,96.9264097049851,36.5009023616412,29.1120572634806,41.0385713726282,35.1584348536195,10.3328339303877,"0","0",980.999194799901
203,114.319679727682,0.272936751370357,21.7160271721256,46.5255379490554,41.696701271051,11.3484184192772,"0","0",994.965362025602
204,87.9873689143424,61.086510996135,66.6958279786347,48.1871876399964,43.3786892782174,12.00519952988,"0","0",979.966468384913
205,50.1225024805899,11.7780234785562,26.3286180136601,18.0885368119925,15.9554980485583,11.1247384951421,"0","0",985.855495342132
206,160.136013593423,11.972460607865,32.5191357512872,25.3450063336641,21.4441252195181,4.18393180447641,"0","0",1012.48008699463
207,59.3406886280275,5.88055163203326,40.8626589357169,36.1036912165582,32.6184002483667,12.3192678571822,"0","0",951.365988263456
208,116.203624911064,37.5655155259773,13.1858240769569,18.1155859213322,16.5727709529671,5.1939067678952,"0","0",1018.11438791595
209,68.4892322773544,0.39187808549658,26.9508604051925,46.4393849018961,40.5524457443822,5.57754524177537,"0","0",963.447466770716
210,44.3976867879082,10.9994132818661,5.09824064859525,35.290219374001,28.8486981954624,10.8522585920216,"0","1",1240.14742120908
211,26.0260060784191,16.1009794588471,34.7901484647439,30.0843521859497,27.8036982850313,-2.40131900697614,"0","0",963.333984187424
212,81.1641524809561,67.0149730211711,11.3239506275642,47.1596882678568,40.5629095217773,6.72983769647418,"0","0",1125.70857855403
213,62.7187644220206,2.51713586946901,1.73492773649781,19.3845282308757,18.2440451419164,7.8946440654315,"0","0",964.930812905164
214,30.6738223413163,5.12272988323059,28.8729980919802,40.4329861234874,36.5197552789383,1.59563481358694,"0","0",952.525266802171
215,55.2101582736976,4.55639211518812,8.98585811577624,43.4688865952194,39.4820495819503,7.74299769526844,"0","0",913.667161581783
216,21.9110203580371,104.727682175875,8.12350561795419,18.2865758333355,17.825681455398,-3.059354768227,"0","1",1186.78008777261
217,17.0908872137015,0.57827752227177,19.638627300967,16.8637439701706,13.0549389699174,4.96535745098998,"0","0",912.94406042833
218,179.736087461915,97.7071140308428,39.4442615584632,22.7280968800187,17.6603359845279,3.24156909130225,"0","0",997.500232961795
219,82.7542841236641,146.037421677191,39.12481933127,29.4591442681849,32.2831308022928,-1.11759207124376,"0","0",916.436348863157
220,136.755825616154,69.703547758704,29.193117486282,20.5834696721286,17.3131050144347,-1.8667404216021,"0","0",1109.84470326272
221,13.6258135338613,35.5794266448831,36.0776830544583,14.1726463101804,12.002471780063,9.50649244664091,"0","0",908.159294617919
222,154.191590953653,57.3509032478623,2.53072904152169,19.6890151221305,17.809660986944,0.480906575649117,"0","0",961.661572079477
223,62.5407728618026,30.8972881006498,25.6582884286754,29.8170916829258,26.0838298950154,0.304460188044523,"0","0",934.630356006615
224,76.0814395840329,13.8774706669058,25.8965207420366,29.4470673520118,25.9407926766512,-6.23906993167674,"0","0",933.344797522014
225,25.0352284527583,24.6683536448062,62.4802332327867,49.5279465336353,46.3367555718196,4.73465532280343,"0","0",918.003629043756
226,122.084659486068,22.9302535519561,15.3611902997297,34.5466990768909,30.4393418772063,-1.08695428251599,"0","0",973.174332570107
227,97.7452051531399,45.794896116068,20.1142204855392,30.9077470935881,28.1364513021794,0.513420495397024,"0","0",944.52042934863
228,115.415890872834,28.0188130427205,30.8101954859839,21.9402883481234,17.4655671316113,1.51387226053522,"0","0",1476.23310573088
229,220.156007385541,13.6336749656353,11.6841355552763,31.2126947194338,26.7828919785522,-2.10272979886522,"0","0",1146.53344022172
230,69.8778111350727,4.6749654336504,26.3885495682901,19.6193602215499,18.8603642282249,3.3906373151687,"0","0",942.90278588603
231,103.128493318774,50.5809478567745,24.7798649726736,16.4602241199464,15.5410311034339,-0.951236416618902,"0","0",948.780689701504
232,67.9301220253775,14.5479980539198,45.5715023224812,19.0540831256658,16.2380386241512,0.499998771917398,"0","0",931.561647554915
233,60.7650506934507,50.5251013613679,63.538172638997,38.6620634887367,37.0016127414846,-1.85595638690461,"0","1",1186.39221357641
234,92.1000571997898,0.251533959969388,12.5420805720656,16.7027408443391,13.5561333383666,-3.47973384801505,"0","0",925.621417248731
235,85.5403185528647,21.5104384244867,43.3856352124782,23.600000012666,22.5468538265629,-3.44154598399686,"0","0",921.179127479495
236,153.41828648082,12.378820526333,41.805521135873,23.3652676735073,20.2272238391103,5.30660315067315,"0","0",979.062503191653
237,44.3756063590491,30.9751091863261,8.98437502804182,31.461442457512,25.5236222039493,9.60416871674547,"0","0",915.513035874392
238,74.5105705444841,37.1055450779656,41.2615848071396,24.720985898748,24.6559293894795,-5.32613938191965,"0","0",953.758312475245
239,159.088606544121,83.3845320155583,67.3077788509424,25.3145340364426,25.4424768621291,1.39283816057278,"0","0",983.528154421357
240,139.916960592562,21.6755449151442,18.4461816128185,42.5079633388668,39.3518720724204,0.949911897463402,"0","0",968.072571588098
241,230.777638267343,20.4003131125703,36.6188482653705,37.5070560071617,33.6223509777964,-7.38655733399262,"0","0",1002.80763240561
242,19.5752496343269,53.9637473731806,36.4910892462142,36.5826974064112,34.3128016003635,-4.48138225627505,"0","0",921.838737467114
243,94.9003832148662,8.66514653951798,10.9624281081919,44.6697437949479,39.2825501436155,-5.67898124498663,"0","0",943.532589064877
244,59.3281485414298,42.6675643795203,16.3783176186843,49.8042025137693,44.6236692812774,1.60577537176952,"0","0",940.481196238598
245,47.6790188459469,105.46797430733,33.48809913433,21.0230586957186,18.76003451715,-1.71709024697742,"0","0",961.451029044647
246,92.9741992245807,13.018185141703,26.255926042063,24.6862442139536,22.3978321345958,6.1158842672416,"0","0",958.957021562915
247,239.950745686807,24.2806980981486,34.7879336188402,46.6176687087864,43.526460140188,6.62848786497027,"0","0",1007.42096084452
248,56.0316522848097,51.612446562734,31.7068968119844,24.2117459047586,22.3094052300143,-5.38709590381537,"0","0",922.23065212389
249,51.3470782671677,7.71245837534499,23.1441750328,30.1440856605768,29.0525940132403,-2.41211594414426,"0","0",932.327339093634
250,61.5033294151804,36.4529358230431,18.1697988848923,15.5445228423923,13.7495327208114,-4.85340197494464,"0","0",936.734229519474
251,94.172720933448,27.9807662079333,25.4674495657449,21.8798806145787,19.6858212253688,4.52988210134424,"0","0",988.0575769978
252,258.414394091201,9.2067334178169,32.9013857263998,32.8633150737733,29.2709136515044,1.53420983741732,"0","0",1016.25162880029
253,116.190917164089,33.226718952959,39.1436058076323,45.7443473674357,38.4879573926935,3.99212509087251,"0","0",956.006923739761
254,34.7593460447032,67.4150804172504,3.63475563823098,33.0076574906707,29.5847614128973,-8.00088952501302,"0","0",926.043961883594
255,7.18414762189626,87.5847803353058,18.036326897768,41.1573288682848,36.1248779186307,-8.61185607099341,"0","0",899.849255927238
256,152.03915930161,7.8662926289976,40.2530133484869,19.3564003054053,16.2746001463236,-3.79281408817771,"0","1",1309.99002829465
257,97.1500102923754,70.2469713273428,1.08752146321253,29.889549119398,28.95483006654,9.02206896767365,"0","1",1299.31284566768
258,124.731501587711,9.11793483420118,51.2171684673063,14.2255428712815,11.2970745602666,1.09388730553073,"0","0",1011.67739372855
259,135.264314148747,23.1628983080443,71.9465938431433,23.389466945082,21.1005970913899,2.43882708140605,"0","0",1009.81338968839
260,116.953121483552,63.5355505785931,31.7376615018529,46.9178868085146,40.0219362038457,-4.93374944861082,"0","0",934.554744415554
261,61.9257666401259,8.0149129384072,37.053254242267,38.4143946971744,34.0936641041086,-4.93442153560497,"0","0",940.442545122062
262,60.2010633019057,16.2851558536026,21.7016821869798,49.9957445729524,45.8404918167888,-14.7762905649362,"0","0",908.008641870627
263,49.7057302104934,84.8497638803627,22.4993314263962,18.580020936206,18.6118240305073,-3.89810321410669,"0","0",937.037210978861
264,45.6642497487427,14.5630576237478,28.1790994824397,27.0104774367064,22.3027858943648,-4.88917457294485,"0","0",911.425962286192
265,9.30272565315196,33.6905055211272,32.1716224401239,36.7273383494467,33.3175033699964,-6.75534961054523,"0","0",863.849564068854
266,26.1780494931115,54.6126990433923,6.0722585351533,30.3295849915594,27.2757587448319,-0.44090904203378,"0","0",872.992118712811
267,71.3048684980569,42.7848381709059,16.4062965740397,13.7148268241435,11.344395934933,-7.61868068115053,"0","0",938.903574087228
268,114.088513767605,185.098828067072,2.22477870908904,33.1904638744891,34.5312333158771,0.381952002806246,"0","0",932.410558044603
269,57.6583695302174,40.1819911036907,8.81372401345276,43.9891406986862,41.4544432641743,4.12819354205069,"0","0",910.301766801602
270,111.160600881162,10.1050217371668,12.6638278479101,33.1348488014191,28.9858099225761,-4.77398848360119,"0","0",939.249580608502
271,130.748097887379,10.7979372745734,7.22990851460788,49.0111931692809,46.0947612100412,-2.56452651197942,"0","0",940.898087325331
272,102.76057914574,5.3839584527862,2.38581225965337,39.3786919396371,35.1064590460672,4.12281980046131,"0","0",944.149736770669
273,63.7438577597703,26.8314650287636,29.6936893554992,35.601336369291,33.6064279633996,-5.64840412854582,"0","0",920.966602871616
274,47.0806348605137,27.0553644219868,7.94165546593622,23.8563335034996,19.4212757186794,2.84572460824087,"0","0",1076.48232958187
275,90.6539125214558,22.2081769691493,53.1836049141378,46.2060226127505,43.0800224848675,-2.17669297656621,"0","0",895.108908513196
276,125.538350001508,51.8448087266057,7.46767287250665,10.3642951045185,9.26510346625542,-11.8237143821007,"0","0",1077.25055099225
277,129.783990959193,125.238930123229,16.7094659096595,11.2557858601213,11.5502097629748,-5.24174653013649,"0","0",930.322390663159
278,74.4789912745996,15.6023267486333,32.9210993907169,44.2497352976352,38.1899475525792,-2.6767026383727,"0","0",857.463505606369
279,416.286646760363,18.2484861206401,31.1621069291063,10.5450374912471,11.5367903345732,-1.66280730435928,"0","0",1030.56469556084
280,28.2470594911282,57.7111268163732,38.3251911608539,33.6536526866257,31.2390161993564,4.71198768838315,"0","0",858.622747865323
281,97.1508668749337,35.0601883506417,25.6382052653282,47.255578674376,38.2111530136122,4.88407230344324,"0","0",872.036408107848
282,182.41102083796,28.9554811976435,34.9597256911535,33.1777857989073,26.9689993633529,-3.61656894560668,"0","0",1085.46516216244
283,131.885984924749,49.1732829000577,5.14409433767988,22.5968477502465,19.1597042196827,-3.61850162313962,"0","0",915.017221284372
284,92.3516316739959,18.8351338515548,80.372907712337,15.3970517404377,13.6695202550333,-7.22858817316123,"0","0",943.059356888761
285,97.4578594803557,20.3697833459972,10.3012711805241,12.9733029007912,10.4550237149675,2.66995354419331,"0","0",940.68260950021
286,71.1819094436437,43.8923454511983,19.1182250245341,30.1429256983101,25.5393407975953,-0.428668408129402,"0","0",909.763328961634
287,361.663119897765,41.170982843354,51.1913390449468,44.0626327134669,39.5670616952818,-3.14774197190818,"0","0",1174.08509947842
288,53.2776062065697,23.6617995775274,20.3500113639151,29.3722042441368,30.3105123612492,-10.2781358417922,"0","0",902.860783073842
289,99.9903442207443,23.5942494053756,30.5533120003909,23.4536374825984,18.6868616537618,-0.284368528326508,"0","0",927.390912923274
290,35.3263873891859,9.10486309390767,11.9387576299873,32.9965654574335,30.6258940332694,5.10441188568129,"0","0",884.404284547014
291,116.168717892782,46.8066446581852,50.2554511889697,14.6717478428036,11.5195330850113,0.767353340493441,"0","0",936.245935774509
292,90.6396255951621,25.4198155429816,21.865520338263,32.4879296403378,31.6920850356652,8.71699450741694,"0","0",883.583793607481
293,39.1008925496558,53.8947021611561,26.3059993960384,31.935902191326,29.7243129917287,-5.48658342497434,"0","0",1027.17731941796
294,102.313268959814,34.5284944344123,9.92554742319142,17.9800190869719,14.3452522275732,-6.84042646865055,"0","0",902.613099797683
295,31.2195447151232,55.9473143498643,14.4558402111515,23.82578978315,22.87935918155,2.10427497987332,"0","0",849.733262718769
296,106.809730313045,30.9323320548766,23.6196984995579,37.9384002462029,35.0394985037982,-14.6899521452875,"0","0",891.598607780217
297,24.9050534216947,43.5121996906092,18.9073704045733,21.7300601769239,16.7816534446215,3.63761452787658,"0","0",870.843283035116
298,83.1087247292948,62.6196186470178,30.8006414598915,31.6826957091689,27.2511041486724,-2.86575331704669,"0","0",925.957748524774
299,115.08405904992,23.0661736977254,35.7021318019864,37.6231688354164,33.0760495214793,-2.36509386627366,"0","0",949.393415319382
300,225.932032010932,14.0768645112847,19.0413793141804,26.6195045225322,24.4065525623086,-11.4755560375795,"1","0",1219.25860377567
301,30.2160361361231,49.5708039049627,11.0276294227819,13.9792123809457,11.0227288178574,8.38631248036134,"0","0",962.666144903187
302,143.569493804686,1.16769274324658,16.7888107166433,24.6880640089512,18.5227251192582,-2.46339837941881,"0","0",995.351109398443
303,233.881654456597,4.91806465717579,5.97118241775328,13.2622208353132,13.6897374185345,-7.66107095723654,"0","0",1050.33819491154
304,280.107748332947,8.72592351601968,27.9605273303914,46.2820008117706,40.6422841327671,1.62292225364159,"0","0",1031.43694815628
305,16.1811139184817,5.0313842214769,35.763363324442,28.7390709202737,25.0101582636311,-5.22766885012115,"0","0",909.61845338018
306,53.5509306490977,4.73419413532051,32.6046416141995,23.0375689920038,21.4826210247015,-8.1920664646804,"0","0",939.032965218468
307,109.367932323401,10.094578151821,29.7032931711829,32.2482576407492,27.3160599652657,-2.8600194360009,"0","0",967.781258677564
308,73.9971262921743,20.7543109130083,55.2580231152636,32.3293518461287,27.1328857173896,6.06359758748376,"0","0",938.486187904939
309,97.6687934744931,124.37662544852,32.660456718279,24.6817047800869,25.255390000071,-11.6731906716505,"0","0",954.432812558208
310,47.8877333067581,43.7832268955769,7.39347759328991,37.1274797618389,30.263497342119,-0.301456349098277,"0","0",921.308126184633
311,118.482297188365,23.4233472765381,12.3122655446257,36.5553322900087,34.2319378795501,5.94303362396158,"0","0",953.544869668458
312,139.145808661672,31.620284591722,11.4366694686833,41.7514107935131,37.536616276045,1.93494061367484,"0","0",993.887313211021
313,224.32674273837,45.254653209446,64.104183027704,38.2542969100177,36.7615757844385,0.650276684843881,"0","0",1013.0220144779
314,70.7541301367486,2.38628457142971,6.21890437694026,40.6229139305651,37.3415581778221,-6.04685531985505,"0","0",964.326323728292
315,69.0598221252767,0.399601495848934,33.0787784710095,49.6817430574447,42.2975865502954,-10.2642369278308,"0","0",978.953727653974
316,34.4763570741026,13.8373211690824,14.167082560671,22.7818639110774,17.7387386606492,-3.23145969891834,"0","0",1149.61006784136
317,239.50045955702,1.48943250848834,24.8015959919977,35.1955036632717,30.1243795375733,-2.0825700574201,"0","0",1067.96776543725
318,108.797687329283,78.0893659706058,25.553237225901,23.8129158504307,20.9202099461139,-3.42387222025364,"0","0",1001.08765224465
319,79.1156593625643,27.7545485292843,13.9254353394654,39.8813929967582,39.6141154039445,4.70906722115733,"0","0",1129.92561689621
320,181.998353514544,4.89272180356681,91.8849898088168,43.6468803137541,42.6608147400335,-5.13280438407904,"0","0",1185.15243430335
321,49.3955683704368,13.4291914419452,17.4847097186447,18.3134818729013,14.651673134304,5.6472285739629,"0","0",1117.4341536063
322,140.704360615825,6.53348381451906,24.8780772884476,27.1388816554099,24.2607151451677,-5.6250935764173,"0","0",1170.6033240513
323,180.005438842853,6.76438556567684,7.60268909354095,45.5870940349996,41.5404518109717,-1.45131387476928,"0","0",958.736652698706
324,0.550047485367646,55.2086070684685,17.7142388901142,41.976162539795,38.9266937175664,-3.50335896161976,"0","0",866.244036657734
325,86.7558036646195,47.3649048044262,17.6222263602345,33.3331223763525,30.7938772200408,2.03346557635469,"0","0",942.748554553662
326,50.0928389191711,2.93347354952384,41.0696391544139,11.0092337802052,7.86884996754283,-4.07673122905213,"0","0",968.459696486822
327,81.1488701374749,5.75531013920395,14.0072897883392,47.559480946511,41.8222587867064,2.6894480897774,"0","0",924.205630642751
328,52.967346491585,107.853471075826,15.4329047422534,36.6999179683626,33.3791842108351,6.83749941020131,"0","0",942.186759746117
329,75.069849946773,22.1605050686728,16.7283748309278,38.1462695077062,35.4324351195598,10.6680897235878,"0","0",950.466541417588
330,178.589953981328,21.348806289921,45.0958270937958,29.0483928099275,27.6532229127792,3.17090293303434,"0","0",1044.38715623306
331,142.823091185923,3.21730910424375,50.9158684305138,23.3595080208033,19.3456251955882,12.0186637705596,"0","0",1022.38759907957
332,40.5329833979906,4.69575099240239,23.8630666675545,33.9195946138352,33.3441318241958,7.50313014212502,"0","0",963.049510738704
333,72.2457243709814,6.6663663673023,24.9470872659775,37.3436575010419,32.9521204151338,-4.32798666109402,"0","0",974.814356247913
334,108.948918878002,3.31416900692857,30.0518514820833,19.5911036804318,14.6782654734567,6.72016853357686,"0","0",1020.4744344131
335,72.1878522998908,1.7702298077606,16.5545310743113,39.4179541245103,37.9714598530399,3.42664655835892,"0","0",958.082405637995
336,215.875252564581,7.05238601665059,55.2929477821329,10.4208734165877,8.10033694494842,15.3932131245421,"0","0",1036.18669074959
337,38.0074610453972,6.0807516385837,27.7300646901014,17.3997814115137,13.0579349982181,6.83837319124938,"0","0",950.003256841998
338,95.4033995595238,1.73452096510313,15.8527906718444,41.0276620369405,33.6711522661106,2.79264174974077,"0","0",935.792101592996
339,16.0638011207986,2.93848759632974,58.8676756422394,11.1247923318297,8.42238724305163,10.4883201918176,"0","0",921.809726669249
340,29.9658326340489,9.8513392970027,45.5154121259122,11.5909907687455,12.1023169189274,11.1268215944562,"0","0",921.352186927792
341,158.947895886686,11.7815528127155,43.263048345641,48.4933094121516,46.5948049693867,2.84842504029719,"0","0",965.003891365845
342,145.338494500026,35.2011543483519,9.39821965150274,17.4441037327051,15.6425332243365,13.0799469285737,"0","0",993.207124781669
343,157.937747344573,6.90468866480872,5.69573594580381,41.2686964776367,39.3386722260354,17.4103605500852,"0","0",963.814798579042
344,148.124032244806,38.1365826283192,3.33266592585699,26.1032145284116,26.4222694460806,3.87969648873665,"0","0",998.135241055474
345,71.982103270515,55.8049062051387,56.5846869587919,20.434036264196,15.6674523841138,4.72939256895213,"0","0",977.068025207465
346,62.8745192334853,34.592797098323,10.0182916930476,29.4226357620209,26.3998623290808,9.53302187696999,"0","0",977.606872228548
347,149.687850138412,53.7036080732172,79.2620580110466,32.410002630204,29.5844657516128,13.9856719066917,"0","0",1035.30342324606
348,253.677157854411,3.38714125653587,21.6652234874986,27.1888251136988,24.9690104298125,4.44655936188316,"0","0",1059.22265845228
349,124.788899287559,4.95862054241642,3.98507575764337,48.5524695832282,45.0287688613521,-0.125849910119108,"0","1",1192.05800150825
350,29.1876214598947,11.792606526474,5.05861092967895,30.163490884006,27.4885338999844,14.123435375397,"0","0",956.99492681254
351,32.572906266945,4.69515350521371,51.8093881506661,26.4555814582855,21.4522018953146,6.25233717202203,"0","0",978.120150981523
352,87.4557222595598,3.4267091762678,69.2676819749743,43.1000342685729,39.7533016895616,7.34391765392486,"0","0",968.089483498252
353,79.1103546985145,34.1154107631214,67.8298662045263,15.0183210894465,13.9482268949968,9.7559418353678,"0","0",988.521755316845
354,106.236444851165,32.0268014381779,6.01409783231795,26.5761188324541,24.5686682882703,10.9352089480787,"0","0",983.933178899339
355,107.090467050583,6.83388369241968,21.5272644885288,32.730514369905,30.1291892296668,0.353597626315272,"0","0",942.056841569145
356,134.857317443102,35.3006374229016,13.929853247986,37.4256363790482,35.4631792312775,13.6630151773565,"0","0",974.665700253198
357,133.04435721176,22.6183213691255,16.3424872935621,26.7137238755822,25.3807014624034,19.5224994821496,"0","0",1012.52244477947
358,200.758425583662,13.5778320105638,11.0097256507353,10.2870680112392,10.1474186890051,15.415701485726,"0","0",1081.26981718843
359,126.508580481499,35.528512263809,36.8919009746135,10.4329672735184,8.27426847496047,9.93063029120196,"0","0",1080.8141552798
360,73.4306166506282,17.8139648785715,18.9251387435595,31.861483277753,28.3020889007004,16.6359900987925,"1","0",1217.14174149878
361,83.0658483700656,10.3175977976897,5.56218464813154,11.3437125831842,9.56553237610305,10.1606755505737,"0","0",1062.45587379226
362,102.375631469397,6.78375076167918,42.0756244475156,29.139741640538,24.0882804404703,15.9099491328504,"0","0",1057.30821455828
363,182.092745200177,59.566539099131,11.0147141365458,47.5654210429639,41.5674163606398,14.4179829759637,"0","0",1070.13695493189
364,77.2679810078516,82.3978219211629,26.266562904978,37.5318594090641,32.6119591018366,24.6060699736795,"0","0",1053.38135918677
365,92.4977922923887,6.65573514312074,23.5790223297887,12.3259576689452,13.5974366970953,15.1838851965004,"0","0",1227.53705539974
1,13.0517945601744,33.3923333694236,4.48793173588621,21.5211170446128,16.9383977537644,11.9285986722781,"1","0",1220.42860085815
2,27.9874019571831,30.9344144901588,12.7807301074555,41.6622392088175,37.1506035143248,16.7129294727458,"0","1",1228.7577678998
3,247.306470121579,4.53012057990635,5.34226007451288,44.5514554530382,39.1683871654578,13.5033874893213,"0","0",1101.78019841953
4,54.7302359249636,27.442252988893,16.7979450273746,24.1139545664191,21.412873274791,16.0674314499788,"0","0",1048.18132431849
5,123.526528761948,9.89220542047254,18.982888937213,32.9653873294592,27.7246734709658,6.51532935207606,"0","0",1063.96704054976
6,110.068653583548,80.2664626058009,22.846052594938,13.3973568119109,12.0654936235734,13.0983932844875,"0","0",1069.59213701862
7,80.3250944421679,12.6367972861019,42.0887274038909,26.1345723178238,24.4754381027347,17.854217153403,"0","0",1195.46063604049
8,30.7559595902686,19.6751842667111,51.5609580266102,17.208779072389,14.0951563995102,13.5777116271756,"0","0",1019.21795993359
9,105.705466327356,30.6158674086553,38.3518295561333,21.1637476366013,20.0420922151243,18.1049898701232,"0","0",1057.40052915837
10,41.8925786838008,1.01226498786274,25.6235859665568,48.0641303118318,42.4641751446898,16.7415107304068,"0","0",1015.12577658157
11,130.346018655346,14.3911856941924,13.9176177507122,43.1529321707785,36.5132221875591,10.5804761284955,"0","0",1060.13095827887
12,135.876785612177,35.8248379808423,8.25169324595957,37.0618011150509,32.1499860203863,24.1824843927286,"0","0",1066.85709821693
13,73.4816861495528,6.50653978183893,18.6305540057258,11.4540794864297,13.5633562699672,28.6412776752373,"0","0",1268.91053190368
14,36.6864784507785,65.2397576586852,16.1569361305697,10.6130788847804,11.0629325253169,15.7649787817211,"0","0",1097.60977980232
15,39.6030355220253,19.9233651570959,21.9153003713829,16.1967669334263,11.3607820747149,26.0628281074155,"0","0",1135.48936475611
16,145.265179227063,7.37712519449337,46.550167519145,16.7640702985227,15.772943105968,18.0208403639889,"0","1",1233.98553346956
17,41.2870483358193,38.6351472702541,36.166330490822,12.5417885743082,13.4054186802431,16.6887205600944,"0","0",1111.89632829402
18,167.803984151737,13.841950898111,50.1857450595091,36.0611495189369,35.5017459706258,23.4248762253243,"0","0",1127.90000126184
19,110.818014704669,19.1871604091845,9.0922802863942,46.7760586366057,42.687775141457,22.0272661206416,"0","0",1077.47528441181
20,191.362000258209,24.77800234303,35.5664213554927,26.402129586786,25.2656629393391,11.0929082464773,"0","0",1131.75221830685
21,74.3166553033605,66.952390796554,19.250908879847,42.2361451853067,37.6316157193767,15.8155111910536,"0","0",1051.88577427762
22,50.0299666333922,19.8609322724256,32.0408924905235,16.9307255651802,11.7896430980696,18.8960602951088,"0","0",1093.13594590535
23,44.1765390018066,34.4577020882378,9.40623866630296,11.5483351238072,13.7437711473842,34.3960004049608,"0","0",1538.91199706771
24,13.3100470960324,156.128735340035,24.9317218748964,44.9654622189701,39.9130439733838,27.099900466448,"0","0",1117.31846060933
25,213.789327408934,71.1121353561911,19.8567742925911,24.8466065526009,23.6354940348797,25.3197926278392,"0","0",1137.10693157132
26,58.208335610064,46.826221697423,3.59190476154332,49.7683220356703,43.9219918497188,19.0740562902474,"0","0",1171.18355790376
27,199.521231857891,1.24034874493444,47.5838214623318,42.3930733464658,40.7056373015403,16.5171690290172,"0","0",1109.52498246159
28,42.6543165422952,6.90172221749485,24.3191642325093,44.8373035248369,40.3884137047406,32.4346108473697,"0","0",1408.49004170361
29,102.186837655772,61.4736201602808,35.2637620194636,43.7526406254619,41.3980679322576,22.2425973222413,"0","0",1076.91290630481
30,32.5504363495706,23.9003802367828,3.23185235944624,39.159089429304,32.0185231805213,22.4196340780646,"0","0",1055.75860341569
31,88.1055964036868,83.8742197214238,14.7974693233545,47.7110382169485,41.5061221841788,25.9147073229876,"0","0",1122.65565755259
32,130.18664509121,11.8667333317611,22.2716708632037,13.1251711025834,13.4269155743642,17.8292952292611,"0","0",1121.47975702226
33,74.5272712200682,2.09113332671701,11.6263134727024,29.0281521063298,26.0693724078007,27.2997662848163,"0","0",1201.2673658773
34,158.77172748297,52.7054474551756,19.1348880283632,44.8652856890112,39.043806893228,11.9308698959569,"0","0",1088.44543658152
35,287.052349757725,4.16725622761388,47.9461259122506,41.026568217203,37.977664120504,24.4578082510705,"0","0",1297.63910702554
36,73.1742758381897,12.076105091085,61.9178396080657,47.4520320538431,43.3250206666083,31.8477731788885,"0","0",1397.13686179052
37,33.7519331113856,36.742339437646,36.9449638038771,30.7528344448656,28.9456633812547,25.5701180824548,"0","0",1047.84926061545
38,206.721713718229,2.74411273109885,28.0606277517257,12.1865451615304,10.4849309407816,19.3069081210322,"0","0",1127.38787565513
39,90.1332551729935,3.03733861727902,16.6208238925356,36.0893017891794,33.067454393743,19.1981904374575,"0","0",1016.45353443908
40,70.8954551493988,51.3779528201782,24.2196837936002,39.0640649572015,37.7987346871466,28.7863123579458,"0","0",1213.98529021432
41,92.9665460236057,2.65258512551595,14.5762701128244,18.8064247649163,18.2732323835039,27.3550097674692,"0","0",1174.31669686864
42,47.4234040632607,85.8994414436512,19.5584505007243,22.1370206121355,24.6298603030712,34.3277088181432,"0","0",1511.04034427937
43,37.855634784547,17.0198166683339,18.2890217479059,26.0000798664987,18.0567093848749,26.5709634991822,"0","0",1128.1964996908
44,329.989857724605,58.8472607971103,19.8017687617834,27.0416894555092,23.4742838136982,23.8446609895469,"0","0",1147.60798087862
45,68.4287944270706,1.73899109728078,0.555782014475563,31.916204886511,30.310542069503,29.1877400599142,"0","0",1284.04648437114
46,47.0107718829009,73.8785280676291,80.0083875758937,44.5335077680647,42.3141625609215,21.6516348172906,"0","0",1211.58959411559
47,20.501567357536,8.56902495210727,29.0590926635607,49.0302974078804,40.7119287043336,29.8760981864214,"0","0",1270.45309517519
48,28.1702501860562,147.080732946147,3.050162613085,24.1905611753464,22.9940308374912,32.4226941681542,"0","0",1444.81937301173
49,55.1956123856513,11.1141956533454,26.7680337955827,29.1231729276478,25.8859941653053,30.3833647276543,"0","0",1346.92309022092
50,23.2795110559521,15.5590888927061,60.4350708066294,25.6074587069452,25.3074629270646,27.1380553469223,"0","0",1184.74028412608
51,123.196450507705,8.06990113353797,75.897961246077,41.8968498054892,38.3866206145656,35.3446608110824,"0","0",1602.38752996893
52,230.216098558472,11.3822547109526,51.4787756908042,33.7983995303512,28.8633274027843,27.1702620313375,"0","0",1230.50069823997
53,161.55780120195,8.64902588510746,42.7838704571196,36.3477874547243,31.7010959343713,29.6813716106421,"0","0",1335.05046342978
54,108.686708597692,40.36376421228,26.6434909610263,18.5366965550929,15.4930384105745,30.8429958573766,"0","0",1378.93541853224
55,64.4450125100228,25.8921183849894,4.17474099876212,14.6067568752915,13.5298928390795,29.8004659263648,"0","0",1308.21866436014
56,43.9674149356249,23.4430359428926,17.248845471177,28.1934174988419,23.7914976229775,24.8239865594053,"0","0",1203.79463539572
57,116.205826117601,113.898072189107,15.8498125044292,12.0783863868564,10.608441350868,38.7303850988188,"0","0",1802.27250246129
58,73.5219567140151,14.6590540220967,31.8752226982257,25.6068812310696,20.4936621816027,33.6215346628836,"0","0",1546.90270916439
59,127.512950633591,6.62713841072146,75.8530539178666,43.4757873043418,41.5778530686335,38.4786002069577,"0","0",1806.57287593481
60,50.4885393184572,30.4739923775145,102.290428249865,15.656929621473,19.2463984251681,34.3892708658612,"0","0",1634.45001858344
61,115.276529641616,20.8610154930846,56.5372925537391,44.4433720316738,36.932262532178,33.0887340701022,"0","0",1544.67898694555
62,140.799248345136,124.107180407575,12.3073314620592,48.9217150956392,41.6047356251036,35.2038914692626,"0","0",1657.98734685946
63,174.551987190481,49.7986312425494,41.2943923040216,11.4181974157691,9.32472426050596,42.2670872240178,"0","0",2071.69632969198
64,130.486005744601,5.97829409022053,13.2650600546772,30.8385682292283,25.5403401100138,34.2186120767071,"0","0",1631.38252751844
65,39.7804715881533,22.6468155435635,48.7159737677076,38.6337146628648,34.57961252803,32.4614975408793,"0","1",1600.16860148604
66,124.707413626934,19.3939640856783,9.82903204191322,13.266818113625,10.7619220603748,31.7288129160271,"0","0",1509.86085081575
67,280.343904695388,3.1098008858466,22.2055734844855,46.2284805532545,39.9097312002954,26.6062778467326,"0","0",1249.06418359106
68,15.1932532596979,78.0573757135197,3.34299410571213,44.1394445393234,43.5818544649531,35.3399063064346,"0","0",1586.16662421276
69,228.135001158009,13.4926873250402,29.005641543641,12.7497730124742,13.242087846344,27.5500429355852,"0","0",1321.21621130957
70,76.2506991590471,36.252688436569,57.4710649800538,36.0230298060924,33.7746781632197,32.3146388152148,"0","0",1490.24841622385
71,52.8100492567981,26.0569168076123,56.8861054733478,22.6030689571053,21.9137931126599,27.0362971464006,"0","0",1231.90523583227
72,66.0419949220195,27.4312603538955,6.87672041937637,45.50621422939,41.2798769482177,39.4469939077802,"0","0",1819.62386816384
73,204.136981997214,5.24913526778804,3.20392651570564,48.0993080511689,42.723947424257,40.0802320798947,"0","0",1917.82661711932
74,70.0486492223442,3.08592531998367,33.5158757999599,37.3409190028906,32.6179031834082,23.9035188883939,"0","1",1249.17781944897
75,75.8396507580164,110.536352854222,14.7000144642521,37.8602305985987,36.8083985934156,44.1627227260613,"0","0",2104.60258565206
76,107.207572074082,7.50719049990423,50.3337697529601,29.6784250903875,26.9179874382158,42.1905270370775,"0","0",2067.63112529181
77,50.4026017069064,48.5598747810224,20.1851842715365,17.2789264004678,14.6087548144868,39.6930038654781,"0","0",1905.41649637394
78,101.065588107615,22.7065604021162,26.35301360503,15.8294371049851,15.5713939005015,31.7900832488097,"0","0",1535.59001054561
79,158.990312252214,7.91565730366996,7.87713481180522,20.6500545889139,19.0186670332286,31.4373213846945,"0","0",1518.9354922073
80,78.1283869148435,72.8159773550526,27.29648370093,14.7154089156538,12.0310014705225,27.55653598135,"0","0",1305.14964575449
81,191.879831808133,5.49433814477513,33.8991714208895,16.0544391255826,16.1716540046561,29.4387992800999,"0","0",1590.70199246233
82,26.197095534482,38.8915614447831,13.2098777689378,42.6503248419613,40.2506262818986,29.4725389725809,"0","0",1306.64716259773
83,126.605289516529,15.4871399894724,26.988297447638,22.7890956681222,21.0917711230236,38.2182671634453,"0","0",1813.27073415511
84,87.0124019528954,47.7421912790422,26.8920111336341,25.5808926094323,25.4825601643655,37.0699599761899,"0","0",1736.80635549547
85,118.951512771365,70.8733376475988,21.3945954319333,41.8084495607764,38.37494770025,35.6482325210228,"0","0",1801.01053683021
86,125.030264189253,11.2123139913223,40.2720241968643,18.8404127862304,16.2308782422852,31.44747344969,"0","0",1485.17872239511
87,35.3052885860965,11.8613922237783,16.0560833205607,17.3312112968415,14.3838260774432,35.9488876220486,"0","0",1661.35471266762
88,109.125774605621,32.7588612479237,13.2580918978581,39.2670616786927,38.2956773629216,28.8092285028853,"0","0",1335.77040238999
89,42.9899113027455,58.6717870161014,3.17683225441576,24.3887924402952,18.1810217632954,33.1587781201415,"0","0",1532.67363582155
90,141.297456203838,58.0050222853227,12.1171688281018,13.6149266175926,9.81821039774355,32.4796513194791,"0","0",1558.77199573969
91,195.224205992171,43.9454253715635,36.7838777747996,43.318111775443,40.3055245869093,37.0169757072736,"0","0",1782.7073581436
92,112.004667098934,4.52330250151322,14.6617225194803,48.0555564444512,44.9010216959266,39.687855229799,"0","0",1867.29380260692
93,18.7059081023514,27.1142145449358,57.2596966897629,17.8490781411529,14.406077159131,29.7345962906034,"0","0",1380.48720616663
94,185.963175416598,36.3882964818934,10.2842609633909,31.5064296685159,28.9043024944845,37.9894556753095,"0","0",1801.05010780409
95,150.498359985738,28.630717428424,14.5316671757659,18.0968940071762,17.5927868775875,36.8103983401727,"0","0",1733.43898538481
96,146.033403128708,2.34110403655185,14.2671464492472,33.8293920084834,33.8857080407907,32.2448762004177,"0","0",1486.04815018283
97,18.1406128169836,21.1886570729381,3.39580873419387,44.3124836217612,40.1277573800548,29.1096653809049,"0","0",1219.98092248816
98,87.0200361099717,7.57383616125132,28.7633184955956,23.8256063498557,18.8535942952653,32.7604402015764,"0","0",1486.93371999611
99,58.9311062635063,37.5948170519192,33.9261544801288,27.2619360033423,24.1766137959246,40.3202248370278,"0","0",1836.7791492535
100,59.9544394273186,9.2490398358538,45.2890529625044,41.3113509025425,37.7618956990367,27.7172774398095,"0","0",1193.71879393779
101,140.211937685109,7.10549993350273,10.6415669361243,20.9372434020042,19.2945463424536,34.9223358375237,"0","0",1625.65614627963
102,33.0285217624107,10.5941769250173,33.4871240403712,34.1370193753392,27.0252385279141,32.158698739649,"0","0",1416.25407798918
103,399.465271375825,15.7512333872612,10.2610658060818,37.3997752647847,34.7873838076509,26.8280207002037,"0","0",1285.39695360085
104,116.266716380287,5.15981239248183,9.56669192383748,16.386194517836,12.8864342657895,31.5554386059558,"0","0",1463.89529669788
105,243.484781692563,9.13256148344648,24.0265778507301,39.2421116866171,35.1232082739442,37.9738582308767,"0","0",1971.18477465306
106,89.8657898239338,24.0735538255666,25.812467060235,36.2605541665107,31.3883968045521,37.174666971494,"0","0",1714.57981512837
107,140.162842900338,3.19137560077987,21.3013372839239,13.7228246964514,12.9525623690846,23.1977877551462,"0","0",1179.43876760644
108,37.3944295361273,4.25346296312688,62.4965972144542,30.7107237447053,27.155785620402,29.2336555432801,"0","0",1453.6154401041
109,67.0672877643831,4.32449579740251,7.2495965676497,47.8451105672866,42.7257335818449,24.8731125624932,"0","0",1074.1342764821
110,109.90710846955,8.15046589758573,4.33432965202078,26.3722463604063,24.1192068011257,34.8748143646966,"0","0",1608.09524327461
111,133.830447076988,30.0318536950973,22.2252774788323,16.2411266565323,15.0961669289079,28.09769766901,"0","0",1280.60220512667
112,75.2645497794964,80.5109761323931,74.0355121141652,18.8784847781062,17.6887049464013,33.1109785112894,"0","0",1510.78356052588
113,113.860191524904,31.1851989067682,12.659290567029,31.6769913490862,29.8051461494953,30.6214751019383,"0","0",1366.76657375349
114,115.303876979138,14.298648483927,3.33495110573299,49.1045454610139,43.448855254371,42.4061636944201,"0","0",1924.24327870684
115,14.7780768037572,1.27046895757511,40.4586800993001,36.9129107147455,35.7846441556253,27.8217116919667,"0","0",1174.79179365957
116,71.3951127263424,2.53309799271513,5.24914691060958,14.4807331077754,10.5268024298404,28.3743868973909,"0","0",1255.51538393304
117,123.850028665795,16.4774935051293,8.46180997190465,48.0318461917341,43.0344018324473,31.2523705486974,"0","0",1399.79720542795
118,58.3648111440549,12.3054793138807,76.3381631714916,27.8166510444134,25.8012276032994,28.8421495074505,"0","0",1287.71779959288
119,26.6388679691332,2.06487399077479,48.8836264132621,37.069629272446,34.6041772286044,32.0571488198987,"0","0",1606.40379890292
120,14.9286800529542,10.4596247168939,12.5725302054503,19.8489126656204,19.0655830194243,26.8666117922003,"1","0",1384.58851929977
121,61.4696768771849,41.9969688378968,43.3665897403973,45.6644621863961,40.61012107757,45.2165402158857,"0","0",2127.16542094586
122,281.568496699296,36.8895784791388,61.3112784218868,37.8102776315063,35.5981103122743,34.1612716987125,"0","0",1673.90574856918
123,35.5113079829958,14.6041483187,12.7018637707566,30.7506336364895,28.6083704241498,35.7804441383438,"0","0",1649.72613528957
124,279.912676310442,37.1856831076516,6.69565043976824,36.3247298914939,29.2535012289389,23.5060550216798,"0","0",1188.9589566831
125,50.4153169777474,16.7794932726835,5.10772345210466,31.4843562990427,31.9278612031211,27.5932659794497,"0","0",1234.31952829905
126,71.1657650554704,136.849086576816,13.8224065588396,26.1211956851184,26.7951355207042,37.5727031045141,"0","0",1751.56274729124
127,30.7104853550148,6.82004789340602,14.0873346691561,14.7525614127517,13.6963772420663,30.1438816324002,"0","0",1354.30615983416
128,87.1041634684549,5.35194577850797,29.48752241336,26.5640923567116,25.2095320994841,38.3215252560587,"0","0",1788.95085834975
129,166.582152129978,38.763177765085,77.1484388774499,49.6366286557168,42.7288179719377,36.9930337035949,"0","0",1741.6550276449
130,70.7697181722213,20.5731808895572,47.736896495124,19.9290188588202,19.3836629573733,36.2409474163479,"0","0",1696.47838543658
131,106.798436779218,0.138327489319997,25.5538557611457,34.361758902669,31.7437967792507,30.8850840019575,"0","0",1405.91592274731
132,54.4112405293944,28.7538017805931,14.982873014763,41.7236669920385,41.4094631324682,25.3990737108569,"0","0",1114.79336515027
133,7.29827314428349,17.5218778834767,18.4592416109791,47.9415283724666,44.9285478007352,34.8034057257983,"0","0",1556.35430059397
134,128.791170945475,32.2280647638584,40.0917052201888,11.7005619127303,11.2152888662265,26.3610654904817,"0","0",1259.12583096604
135,47.0411325715454,17.0468870648993,21.082720017557,33.6741902772337,28.9689486681128,23.411975684576,"0","0",1129.97986054717
136,61.0606136842858,47.2708887101154,12.0765526691199,42.7529265731573,41.5891254718111,29.272127765846,"0","0",1342.85070291039
137,160.3676684697,31.1930918370504,23.4131127232696,17.0028012990952,17.242775780125,34.7028672243867,"0","0",1684.41287956144
138,81.9858504287756,32.3936643579762,4.95281446865904,12.3659843951464,8.70968049947236,27.177711855893,"0","0",1271.82089026787
139,32.7792107751541,33.9916567070371,51.7210074800081,44.2396183684468,41.1769778899755,21.507928239288,"0","0",1097.90161120851
140,272.863497237378,8.73876862628407,16.1118987671003,30.4486017581075,27.6044945645955,31.9013325306178,"0","0",1532.55140385492
141,22.4888876904592,7.3795203168501,16.4949227229857,42.5842223595828,36.328757724184,28.363566874277,"0","0",1222.2679874046
142,160.373590393466,24.604900113357,34.1605343452496,14.7206262405962,14.1852355727757,22.2030869531515,"0","0",1147.63455482143
143,127.90987803258,1.71862012834988,23.790368007051,20.948806302622,16.9288593101436,23.4079468944915,"0","0",1128.98169179318
144,312.020978668493,23.2874545626982,28.7091985364364,42.2309956606477,38.9210266160414,24.8607839282949,"0","0",1137.76205475749
145,144.778265869255,16.6968579074685,32.3622218118674,21.8673253897578,20.4623262146637,33.1446959493409,"0","0",1527.3345971968
146,37.953571719771,62.6571306581096,37.3061188969565,37.4037022795528,33.9186741618963,21.5055132524628,"0","0",1201.7654082527
147,138.955078276894,78.8790761991989,28.9348935620045,45.8978121727705,42.504013664289,17.7162036911462,"0","0",1076.60328661379
148,148.442432244605,120.294896271837,5.1091393296012,13.1839353684336,12.8125520354755,21.637500243459,"0","0",1124.7263306348
149,77.0705578568965,32.3759068241892,12.846775661914,19.1050292551517,17.4746571344589,17.0700500704574,"0","0",1123.3014109834
150,18.2762126152194,31.8010151578353,12.7194615025673,38.2666975073516,32.2470251138313,21.7614978419192,"0","1",1253.16477876971
151,118.908175726464,18.8922168373579,13.9606608012328,21.5348958037794,17.5108798802808,25.7337187071826,"0","0",1147.02981372221
152,122.847672046515,16.5989258841738,42.7417976798786,25.3127241507173,22.8167769340294,28.4113675289539,"0","0",1293.62224592225
153,132.842395464587,24.8069914429816,79.2868768029283,11.7925604339689,10.0623173075892,28.6304021214798,"0","0",1493.14803554048
154,67.2257215465872,8.43317862829494,49.4824400989514,12.7752630971372,11.7152633268822,22.6533845733795,"0","0",1084.72985954267
155,76.4319377780413,11.793355977122,13.7442609312337,39.7961833141744,38.307057546177,25.9604959182348,"0","0",1254.0879968968
156,66.6482708109024,10.5666289225279,25.4313673145002,33.3222883660346,29.9480831751877,25.9598811774367,"0","0",1084.74777383999
157,204.364068185006,27.7300024009216,8.83231118683447,33.771026423201,28.7428987583991,23.5183449592926,"0","0",1074.14656945823
158,206.368951095118,8.09083510662532,6.01542393604336,39.9612683057785,34.3159256057375,25.5387689448216,"0","0",1080.60988240173
159,38.9702944206125,85.9559649459083,77.554189247129,19.1535046882927,17.9457542900069,21.3388240444215,"0","0",1006.76760910774
160,35.5179734209523,12.8323877366853,62.4510234880329,26.3131632655859,24.6532380087425,18.73303901377,"0","0",1003.93867331684
161,32.2822955098532,7.88183757715215,14.0480387727824,21.8140005879104,20.601255235286,26.5563000995591,"0","0",1057.08003952478
162,51.1232000079228,47.2633161903337,72.0442317045868,18.3680620696396,14.1318991660645,19.260989409698,"0","0",1036.45179879901
163,79.1896158405956,98.4815157730409,19.5860292130884,32.0174973271787,27.1737115116643,24.7162378521044,"0","0",1020.12796519471
164,152.593433002577,22.3287724564591,4.57651133627566,32.5228639971465,27.2984383193435,27.9885508970428,"0","0",1198.95855443798
165,70.6532015943065,14.4693664599282,27.3132079842245,25.7648651022464,23.9517692008461,15.1562166732373,"0","0",1035.0761890629
166,160.733577931118,45.1495772030784,50.4699892905216,30.6843441538513,26.8533249250672,24.8433270998701,"0","0",1096.26785351442
167,79.3273505199181,9.11752157882905,41.7940094258949,18.7565950397402,18.6630984926398,18.1339116370314,"0","0",1047.92551436723
168,133.286153807963,11.9107497791561,3.0163850362624,42.0382134336978,36.3046328859888,21.8090532008469,"0","0",1042.73773724593
169,60.61968184065,0.624749233548031,27.1055036714441,48.9754499867558,46.7342123321497,18.2994290703601,"0","0",1006.74758330831
170,95.6339809096208,74.8372883498804,16.7177617702277,19.4432609528303,17.366086414476,21.983672945384,"0","0",1034.68013362332
171,79.5161750828321,55.3505685601086,41.731956659118,31.6896311193705,25.2361190400172,20.3668207565471,"0","0",1006.47920792609
